:020000040800F2
:1000000000000220010A0008FD09000881710008B3
:10001000FD090008FD090008FD09000800000000B6
:10002000000000000000000000000000FD090008C2
:10003000FD09000800000000FD0900080571000826
:10004000FD090008FD090008FD090008FD09000878
:10005000FD090008FD090008FD090008FD09000868
:10006000FD090008FD090008FD090008995E000867
:10007000A55E000801490008B15E0008BD5E0008E9
:100080000D1B0108C9530008FD090008FD090008FF
:10009000FD090008FD090008FD090008FD09000828
:1000A000FD090008FD090008FD090008FD09000818
:1000B000250F0108310F01083D0F0108FD5300080D
:1000C000FD09000809540008FD090008716A0008CC
:1000D0007D6A0008411901086D190108A11901087C
:1000E000FD090008FD09000800000000FD090008E6
:1000F000FD090008FD090008FD090008FD090008C8
:10010000FD090008FD090008490F0108896A000877
:10011000D5190108091A0108CD4B0008FD0900088E
:10012000B54B0008C14B0008AD6A0008E16A000841
:10013000411B0108FD090008FD090008FD09000830
:1001400000000000000000000000000000000000AF
:10015000FD090008FD090008FD0900083D1A010815
:1001600015540008FD0900081571000839710008D0
:10017000FD0900085D710008FD090008FD0900087F
:10018000FD090008FD090008711A0108A51A0108F7
:10019000956A0008A16A0008FD090008FD09000829
:1001A000FD090008FD090008FD090008FD09000817
:1001B000B95B0008FD090008FD090008FD090008F9
:1001C000FD090008FD090008FD090008FD090008F7
:1001D000FD090008FD090008FD090008FD090008E7
:1001E000FD090008FD090008FD090008FD090008D7
:1001F000FD090008FD090008FD090008FD090008C7
:10020000FD090008FD090008FD090008FD090008B6
:10021000FD090008FD090008FD090008FD090008A6
:10022000FD090008FD090008FD09000800000000A4
:10023000FD090008FD09000800000000FD09000894
:10024000FD090008FD090008FD090008FD09000876
:10025000FD090008FD090008FD090008FD09000866
:10026000FD090008FD090008FD090008FD09000856
:10027000FD090008FD090008D91A01080000000066
:10028000FD090008FD090008FD0900080000000044
:0802900000000000FD09000858
:1002A00010B5054C237833B9044B13B10448AFF3B0
:1002B00000800123237010BDE8030024000000002B
:1002C0009C56010808B5034B1BB103490348AFF323
:1002D000008008BD00000000EC0300249C560108CB
:1002E00001F0FF01102A2BDB10F0070F08D010F8E7
:1002F000013B013A8B422DD010F0070F42B3F6D1EB
:10030000F0B441EA012141EA014122F007047FF003
:1003100000070023F0E80256083C85EA010586EA5A
:10032000010685FA47F5A3FA87F586FA47F6A5FA96
:1003300087F68EB9EED1F0BC01F0FF0102F00702A2
:1003400032B110F8013B013A83EA010313B1F8D14D
:100350000020704701387047002D06BF354603382E
:10036000073815F0010F07D1013015F4807F02BF67
:10037000013015F4C03F0130F0BC0138704700BFB8
:1003800081F0004102E000BF83F0004330B54FEA46
:1003900041044FEA430594EA050F08BF90EA020FB3
:1003A0001FBF54EA000C55EA020C7FEA645C7FEA46
:1003B000655C00F0E2804FEA5454D4EB5555B8BF69
:1003C0006D420CDD2C4480EA020281EA030382EADA
:1003D000000083EA010180EA020281EA0303362D6C
:1003E00088BF30BD11F0004F4FEA01314FF4801C3F
:1003F0004CEA113102D0404261EB410113F0004F51
:100400004FEA03334CEA133302D0524263EB430307
:1004100094EA050F00F0A780A4F10104D5F1200EA5
:100420000DDB02FA0EFC22FA05F2801841F1000100
:1004300003FA0EF2801843FA05F359410EE0A5F1D4
:1004400020050EF1200E012A03FA0EFC28BF4CF005
:10045000020C43FA05F3C01851EBE37101F00045BB
:1004600007D54FF0000EDCF1000C7EEB00006EEBC8
:100470000101B1F5801F1BD3B1F5001F0CD3490852
:100480005FEA30004FEA3C0C04F101044FEA4452A9
:1004900012F5800F80F09A80BCF1004F08BF5FEA30
:1004A000500C50F1000041EB045141EA050130BD10
:1004B0005FEA4C0C404141EB0101013C28BFB1F522
:1004C000801FE9D291F0000F04BF01460020B1FA6D
:1004D00081F308BF2033A3F10B03B3F120020CDA40
:1004E0000C3208DD02F1140CC2F10C0201FA0CF01E
:1004F00021FA02F10CE002F11402D8BFC2F1200C83
:1005000001FA02F120FA0CFCDCBF41EA0C01904038
:10051000E41AA2BF01EB0451294330BD6FEA040481
:100520001F3C1CDA0C340EDC04F11404C4F120026C
:1005300020FA04F001FA02F340EA030021FA04F37E
:1005400045EA030130BDC4F10C04C4F1200220FAD5
:1005500002F001FA04F340EA0300294630BD21FA13
:1005600004F0294630BD94F0000F83F4801306BFD9
:1005700081F480110134013D4EE77FEA645C18BFCD
:100580007FEA655C29D094EA050F08BF90EA020F64
:1005900005D054EA000C04BF1946104630BD91EA5C
:1005A000030F1EBF0021002030BD5FEA545C05D15F
:1005B0004000494128BF41F0004130BD14F580049E
:1005C0003CBF01F5801130BD01F0004545F0FE4112
:1005D00041F470014FF0000030BD7FEA645C1ABF47
:1005E000194610467FEA655C1CBF0B46024650EA7E
:1005F000013406BF52EA033591EA030F41F40021AA
:1006000030BD00BF90F0000F04BF0021704730B52F
:100610004FF4806404F132044FF000054FF0000104
:1006200050E700BF90F0000F04BF0021704730B5C5
:100630004FF4806404F1320410F0004548BF40429A
:100640004FF000013EE700BF42004FEAE2014FEAEF
:1006500031014FEA02701FBF12F07F4393F07F4FCA
:1006600081F06051704732F07F4208BF704793F0CD
:100670007F4F04BF41F40021704730B54FF46074E0
:1006800001F0004521F000411CE700BF50EA0102E3
:1006900008BF704730B54FF000050AE050EA01028C
:1006A00008BF704730B511F0004502D5404261EBFC
:1006B00041014FF4806404F132045FEA915C3FF43D
:1006C000D8AE4FF003025FEADC0C18BF03325FEADA
:1006D000DC0C18BF033202EBDC02C2F1200300FA8B
:1006E00003FC20FA02F001FA03FE40EA0E0021FAB0
:1006F00002F11444BDE600BF53B94AB9002908BF4E
:1007000000281CBF4FF0FF314FF0FF3000F074B9EC
:10071000ADF1080C6DE904CE00F006F8DDF804E058
:10072000DDE9022304B070472DE9F047089D044637
:100730008E46002B4DD18A42944669D9B2FA82F294
:1007400052B101FA02F3C2F1200120FA01F10CFAD0
:1007500002FC41EA030E94404FEA1C48210CBEFB08
:10076000F8F61FFA8CF708FB16E341EA034306FB91
:1007700007F199420AD91CEB030306F1FF3080F020
:100780001F81994240F21C81023E63445B1AA4B26D
:10079000B3FBF8F008FB103344EA034400FB07F70F
:1007A000A7420AD91CEB040400F1FF3380F00A8150
:1007B000A74240F207816444023840EA0640E41B45
:1007C00000261DB1D4400023C5E900433146BDE8F1
:1007D000F0878B4209D9002D00F0EF800026C5E993
:1007E000000130463146BDE8F087B3FA83F6002EAB
:1007F0004AD18B4202D3824200F2F980841A61EB23
:10080000030301209E46002DE0D0C5E9004EDDE740
:1008100002B9FFDEB2FA82F2002A40F09280A1EB28
:100820000C014FEA1C471FFA8CFE0126200CB1FB7D
:10083000F7F307FB131140EA01410EFB03F0884276
:1008400008D91CEB010103F1FF3802D2884200F203
:10085000CB804346091AA4B2B1FBF7F007FB101195
:1008600044EA01440EFB00FEA64508D91CEB040433
:1008700000F1FF3102D2A64500F2BB800846A4EB8E
:100880000E0440EA03409CE7C6F12007B34022FA79
:1008900007FC4CEA030C20FA07F401FA06F31C43A8
:1008A000F9404FEA1C4900FA06F3B1FBF9F8200CB5
:1008B0001FFA8CFE09FB181140EA014108FB0EF0FB
:1008C000884202FA06F20BD91CEB010108F1FF3A4B
:1008D00080F08880884240F28580A8F10208614457
:1008E000091AA4B2B1FBF9F009FB101144EA014165
:1008F00000FB0EFE8E4508D91CEB010100F1FF3410
:100900006CD28E456AD90238614440EA0840A0FBA7
:100910000294A1EB0E01A142C846A64656D353D07D
:100920005DB1B3EB080261EB0E0101FA07F722FAA1
:1009300006F3F1401F43C5E9007100263146BDE8CA
:10094000F087C2F12003D8400CFA02FC21FA03F32D
:10095000914001434FEA1C471FFA8CFEB3FBF7F0AE
:1009600007FB10360B0C43EA064300FB0EF69E42D3
:1009700004FA02F408D91CEB030300F1FF382FD26C
:100980009E422DD9023863449B1B89B2B3FBF7F614
:1009900007FB163341EA034106FB0EF38B4208D9ED
:1009A0001CEB010106F1FF3816D28B4214D9023E2E
:1009B0006144C91A46EA004638E72E46284605E74C
:1009C0000646E3E61846F8E64B45A9D2B9EB02081D
:1009D00064EB0C0E0138A3E74646EAE7204694E7AD
:1009E0004046D1E7D0467BE7023B614432E73046E0
:1009F00009E76444023842E7704700BFFEE700BFE2
:100A00000B480C4A904203D0121A0B4913F05AFBC0
:100A10000A480B4A904203D0121A002113F060FBDF
:100A200006F008FE13F022FB01F02EFEFEE700BFE9
:100A300000000024E8030024CC560108E803002449
:100A400034380024704700BF704700BF704700BFB4
:100A5000704700BF704700BF704700BF49424FF466
:100A600080621430C9B213F03BBB00BF704700BFB7
:100A70004020704780207047704700BF10B5044683
:100A800040F2144113F043F8204610BD2DE9F04F19
:100A900080468A480F469246894D2DED028B87B0DD
:100AA00003F05AFB874B85ED000A1B78002B00F002
:100AB000F980854C8548DFF858B284ED000A03F0D0
:100AC0004BFB83488BED000A03F046FB814A824BC7
:100AD00082ED000A1B68814A82ED000A032B00F2B6
:100AE000E580DFE803F0D8D1CA02D5ED005ADFED8A
:100AF0007C7ADFED7C6AB0EE666A94ED007A7A4A21
:100B0000E7EE276AA5EEA76AFDEEE67ABDEEC67AA5
:100B100017EE903AF8EEE75A17EE106AB8EEC75A99
:100B2000964276EEE56A36EE456A28BF164693424F
:100B300028BF13461A466D4C6D4D84ED006AA660C1
:100B4000C5ED006AAA60BAF1000F00F091800AF1C9
:100B5000FF3A61684FF000094FEA5A0301936B684E
:100B600005E0D5ED006A94ED006AAA68A668DFF892
:100B7000A4A131441A445F4EAAFB013E01F1010CCD
:100B8000501C08F108084FEA9E4E083706FB1E115C
:100B900004EB8101D1ED037AAAFB0C31890C06FB31
:100BA00011CCAAFB023104EB8C0C890C9CED037A6E
:100BB00006FB112258F8081C37EE677A05EB820213
:100BC000049158F8041CE7EE067A059104A9CDEDCE
:100BD000027AD2ED037AAAFB0032920C06FB1200D5
:100BE00002AA05EB800090ED037A3C4837EE677A65
:100BF000E7EE267ACDED037A12F01AFF9DED027A28
:100C000003AADBED007A05A9DDED048AB0EE408A87
:100C10003248E7EE278A12F00BFF9BED007ADDEDFC
:100C2000036ADDED057A6068E6EE877A69682E4A28
:100C300004EB800C10440A4405EB8101CCED038ADF
:100C4000C1ED037AAAFB0031AAFB02C3890C9B0CFD
:100C500006FB110106FB1323019A616091456B604D
:100C600009F1010907ED028A07ED010A7FF479AF66
:100C700007B0BDEC028BBDE8F08FD5ED005ADFED7B
:100C80001E7ADFED1E6A36E7D5ED005ADFED1C7ADD
:100C9000DFED1C6A2FE7F2EE026AD5ED005ADFEDB8
:100CA000177A28E7184803F057FA02E70022DFED29
:100CB000176A1646B0EE666A3DE700BF740400246A
:100CC000800900247009002484090024B40400244D
:100CD000D40400247C09002488090024040400248E
:100CE0000080BB480080BB47FFA50E000C983AC0AF
:100CF000000000C000A60E0000803B480000164621
:100D000000803B4700007044940400240000000071
:100D10007409002473B2E7452DE9F041B02482B094
:100D200000F1080600F1100500F11408002728461C
:100D30008DF807400134394604F0F2F964230122AA
:100D40000DF107013046E4B206F0F8F839462846BE
:100D50008DF8077004F0E4F9012264230DF1070116
:100D6000304606F0EBF81023394628468DF8073058
:100D700004F0D6F9642301220DF10701304606F094
:100D8000DDF80121284604F0CBF980224146642396
:100D90003046904406F0D2F8B82CC7D102B0BDE876
:100DA000F08100BF2DE9F04F85B0A1F1200504AC22
:100DB0009DF83870009104E90C00EBB25E2B00F254
:100DC0009580036880465D4ADB689DF80840934241
:100DD0009DF8096040F094808020B8F804302344E6
:100DE000834200F38380D8F80030554A9B689342D1
:100DF00040F088804020B8F8062093190192834281
:100E000074DC002E00F0898006FB05F56FF00040D1
:100E1000039B964628442E44B8F804A003EB4000F8
:100E2000023B03EB460B30F8026FBCB30EF0070336
:100E30004FF0010C4FEADE0251460CFA03FC0AF1B6
:100E400014034FFA8CFC03EBC21200236FEA0C0967
:100E500042440EE07F2907D8BEF13F0F04D8157831
:100E60009FB14CEA050515700133013201319C42F6
:100E700014D006FA03F52D04ECD47F29F4D8BEF182
:100E80003F0FF1D81578002FEBD0013309EA0505A3
:100E9000013201319C4202F8015CEAD158450EF161
:100EA000010EC0D1D8F8003054442449DA68A4B205
:100EB0008A422DD1802084421CD29B68204AA8F807
:100EC0000440934221D14020019B834207D3D8F8AC
:100ED00000301B4A9B68934229D13F230193DDE9EF
:100EE0000003A8F8063005B0BDE8F08F002005B07B
:100EF000BDE8F08FDA6811498A4211D17F24DCE71E
:100F000098476AE74046984775E740469847DBE7C9
:100F100040469047D8F80030CDE7B8F804A0C1E7C4
:100F2000404690470138D8F8003084B2C5E74046C3
:100F30009847013883B20193D1E700BF750A0008D2
:100F4000710A00087F291ED83F2A1CD86BB1D3082C
:100F50004FF0010C02F0070201EBC3130CFA02F28E
:100F6000C1180B7D1A430A757047D3084FF0010C66
:100F700002F0070201EBC3130CFA02FCC1180A7D50
:100F800022EA0C020A7570472DE9F04F83B05C1A13
:100F90000C9E002C9DF83490A6EB0208B8BF64426A
:100FA000B8F1000FB8BFC8F100088B428CBF4FF0FA
:100FB000010A4FF0FF3A9642A4EB080C51D84FF0CB
:100FC000FF357F2B019512D83F2E10D8F50806F07B
:100FD000070E012703EBC5150544B9F1000F47D0F3
:100FE00007FA0EF795F814E047EA0E072F759642B8
:100FF00001D18B4229D0C8F100077F2914D83F2A9C
:1010000012D8D50802F0070B4FF0010E01EBC51501
:101010000544B9F1000F1BD00EFA0BFE95F814B081
:101020004EEA0B0E85F814E0B7EB4C0F4FEA4C0577
:1010300002DAACEB080C5144AC4202DD019DA44441
:101040002A449942D9D19642D7D103B0BDE8F08F56
:101050000EFA0BFB95F814E02EEA0B0E85F814E05F
:10106000E2E701257F2B0195C5D83F2EAED9C2E717
:1010700007FA0EFE2F7D964227EA0E072F75B8D08D
:10108000B9E700BF000000002DE9F04F2DED068B01
:1010900083B01F4680460D469DF85030164601939A
:1010A000139B002BC0F22182129A134406EE103AD1
:1010B000DDED127AB8EEC66B9FEDCD4BB8EEE77B57
:1010C0009FEDCD5B27EE047B26EE046B87EE050BD0
:1010D00086EE05ABF7EEC08BB0EE680A12F01CFD91
:1010E00007EE907AB7EECAABF8EE679AB0EE408A98
:1010F000B0EE680A12F0A0FE60EE698AB0EE4A0A0D
:1011000012F00AFDB0EE409AB0EE4A0A12F094FED8
:1011100020EE690A29EE888A29EE899A70EE687AAB
:10112000F0EE006A39EE487A67EEA77AE7EE077AC2
:10113000F4EEE67AF1EE10FA06D5139BB42B40F3E9
:1011400096804FF0010901E04FF000090124784238
:101150004FF0000C0095E31B214627462246A34092
:10116000B9F1000F6AD1424206EE90CACCF10001FB
:1011700007EE102AB8EEE66A07EE901A06EE900A1D
:10118000B8EEC77A139A66EE084AF8EEE77AB42A00
:1011900027EE284AF8EEE66A67EE885A74EEC43AFB
:1011A00026EEA85A26EE096A66EE806A67EE897A0C
:1011B00027EE007AF5EEC03A40F3F280F1EE10FA35
:1011C00000F17F8176EE473A74EEC54AF5EEC03AFB
:1011D000F1EE10FAF5EEC04ACCBF01220022F1EE8A
:1011E00010FA00F1778136EE666A35EEC55AB5EE33
:1011F000C06AF1EE10FAB5EEC05ACCBF0121002151
:10120000F1EE10FA00F16F8177EEE66AF5EEC06A52
:10121000F1EE10FACCBF0127002775EEC45AF5EEA7
:10122000C05AF1EE10FA00F1478177EEC77AF5EE79
:10123000C07AF1EE10FACCBF01240024002A40F05D
:101240008A80002964D1BFB9C4BB9C4558DB0CF12E
:10125000010C03EB4C0E1CEB000F0EF1010E00F025
:10126000C08098424FDB734600287FF779AF03B008
:10127000BDEC068BBDE8F08F009DA6EB0C0E00EBDD
:10128000050ABAF17F0FDFD8BEF13F0FDCD84FEA75
:10129000DE0B019D0AEBCB1A002D00F0B1800EF0A1
:1012A000070BC2444FF0010E0EFA0BFE9AF814B071
:1012B0004EEA0B0E8AF814E0002CC6D0009DA6EB77
:1012C0000C0EA5EB000ABAF17F0FBED8BEF13F0F9E
:1012D000BBD84FEADE0B019D0AEBCB1A002D00F0C4
:1012E000AE800EF0070BC2444FF0010E9C450EFA83
:1012F0000BFE9AF814B04EEA0B0E8AF814E0A6DA48
:1013000098429E46AFDA01300EEB40030133ABE763
:10131000009D0CEB060E00EB050ABAF17F0F92D888
:10132000BEF13F0F8FD84FEADE0B019D0AEBCB1ABF
:10133000002D73D00EF0070BC2444FF0010E0EFAD1
:101340000BFE9AF814B04EEA0B0E8AF814E0002F48
:101350003FF47AAF90E7009D0CEB060EA5EB000A78
:10136000BAF17F0F3FF66DAFBEF13F0F3FF669AFA9
:101370004FEADE0B019D0AEBCB1A002D6DD00EF06B
:10138000070BC2444FF0010E0EFA0BFE9AF814B090
:101390004EEA0B0E8AF814E000293FF454AFB7E789
:1013A000F1EE10FA7ED44A4674EEC54AF5EEC04A14
:1013B000F1EE10FA6CD4002135EEC55AB5EEC05AE4
:1013C000F1EE10FA5AD4002775EEC45AF5EEC05A61
:1013D000F1EE10FA3FF529AF0024002A3FF431AFB7
:1013E000B9E798428FDB00233BE700BFAFF30080F3
:1013F0007A008BFCFA210940000000000080664062
:10140000C2444FF0010B0EF0070E0BFA0EFE9AF8D5
:1014100014B02BEA0E0E8AF814E015E7C2444FF020
:10142000010B0EF0070E0BFA0EFE9AF814B02BEA21
:101430000E0E8AF814E0002F3FF406AF1CE7C244FA
:101440004FF0010B0EF0070E0BFA0EFE9AF814B0D7
:101450002BEA0E0E8AF814E0F7E6C2444FF0010BB7
:101460000EF0070E0BFA0EFE9AF814B02BEA0E0ED1
:101470008AF814E000293FF4E6AE49E777EEE66A21
:10148000F5EEC06AF1EE10FACCBF012700279BE70A
:1014900036EE666AB5EEC06AF1EE10FACCBF0121F5
:1014A000002189E776EE473AF5EEC03AF1EE10FA00
:1014B000CCBF0122002277E70124002A3FF4C1AE0D
:1014C00049E774EEC54A0122F5EEC04AF1EE10FA82
:1014D0007FF589AE35EEC55A0121B5EEC05AF1EE61
:1014E00010FA7FF591AE012797E6DDE91223134448
:1014F00006EE102A1293139B5B421393D8E500BFAC
:101500002DE9F04F89B008AC9DF84870019104E9CD
:101510000C000B78002B00F0AB801A469DF8188069
:101520009DF819300646454690460393079B059360
:10153000A8F12004E3B25E2B00F29E8033685E4A7D
:10154000DB68934240F09B808020B3882B44834229
:1015500000F392803368594A9B68934240F092802E
:101560004020F188039A02918B18834200F3848013
:10157000002A00F0918002FB04F46FF00049059B03
:10158000A1441444B6F804B003EB4909023BCDF87A
:10159000108003EB44030C469A4639F802CFA5B3FA
:1015A00004F007034FF0010EE20859460EFA03FE5D
:1015B0000BF114034FFA8EFE03EBC21200236FEA05
:1015C0000E0832440DE07F2906D83F2C04D810784D
:1015D00097B14EEA00001070013301320131AB4285
:1015E00013D00CFA03F00004EDD47F29F4D83F2C7B
:1015F000F2D81078002FECD0013308EA0000013255
:101600000131AB4202F8010CEBD1D14504F10104E8
:10161000C3D1DDF8108032680BEB05042649D3688E
:10162000A4B28B4234D18020844204D3D3682249AF
:101630008B423AD17F249368204AB480934224D1CC
:101640004020029B834206D333681C4A9B68934226
:1016500025D13F230293029BF380019B18784045DC
:1016600007D113F8018F0193B8F1000F7FF460AF39
:10167000002009B0BDE8F08F4FF00008EDE73046DC
:10168000984762E7304698476BE730469847D8E777
:10169000304698473268C7E7B6F804B0BBE7304633
:1016A0009847013883B20293D5E73046984701380E
:1016B000326884B2BFE700BF750A0008710A0008EB
:1016C0002DE9F04F4FF48062ADB000217D4812F05B
:1016D00007FD7D4B01204FF4B4721B680021DFF839
:1016E000ECB100910621CDE9012003EB4302022376
:1016F00076489A400332FFF7C7FC7549754A0CA833
:10170000754B0978002914BF1146194612F0A6FD41
:10171000724A0C2351781478CBF8043052689DF843
:101720003030079109930892002B00F0FC810CAA3D
:101730000592203BDAB25E2A68D8BBF8048008EB39
:10174000040EBEF1800F61DCBBF8062007990692FB
:101750000A44402A5ADC002943D0079A6FF0004C13
:10176000069D02FB03F39C441344089AA2F1020A6B
:1017700002EB4C0C0AEB430A3CF8026F6CB305F029
:1017800007030127EA0841469F4008F114037FB28E
:1017900003EBC21200236FEA07095A440BE07F29CA
:1017A00004D83F2D02D8107838431070013301322D
:1017B0000131A34211D006FA03F00004EFD47F29CF
:1017C000F4D83F2DF2D8107801330132013109EA03
:1017D0000000A34202F8010CEDD1E24505F101053C
:1017E000CAD1069A1FFA8EFE05993F2A11F8013FC9
:1017F00028BF3F22BEF17F0F059128BF4FF07F0E1B
:10180000ABF80620ABF804E0002B92D1344B1B68F8
:10181000032B00F29C81DFE813F063017201740175
:101820000400304B2D4A5168147852780891079281
:1018300093E807000CAB83E807009DF8303009936C
:101840004FF00C13CBF80430099B002B00F0848080
:101850000CAB0593099B203BDAB25E2A7CD8BBF81F
:10186000048008EB040EBEF1800F75DCBBF8062087
:10187000079906920A44402A6EDC002956D0079A3E
:101880006FF0004C069D02FB03F39C441344089A3E
:10189000A2F1020A02EB4C0C0AEB430A3CF8026F7D
:1018A000002C3FD005F007030127EA0841469F407E
:1018B00008F114037FB203EBC21200236FEA070999
:1018C0005A441DE03805002478090024240500242A
:1018D0007209002478490108844901088401002420
:1018E00088090024D04901087F2904D83F2D02D857
:1018F0001078384310700133013201319C4211D00D
:1019000006FA03F00004EFD47F29F4D83F2DF2D873
:10191000107801330132013109EA00009C4202F8DB
:10192000010CEDD1E24505F10105B7D1069A1FFA88
:101930008EFE05993F2A11F8013F28BF3F22BEF1D4
:101940007F0F059128BF4FF07F0EABF80620ABF854
:1019500004E0002B7FF47FAF7F4B0CA87F4A1978FF
:101960007F4B002914BF1146194612F077FC7D4ABF
:101970007D4B51781578CBF8043052689DF83030A3
:1019800007910892002B6ED00CAA0592203BDAB288
:101990005E2A68D8BBF8048008EB050EBEF1800F04
:1019A00061DCBBF80620079906920A44402A5ADCFB
:1019B000002943D0079A6FF0004C069C02FB03F30A
:1019C0009C441344089AA2F1020A02EB4C0C0AEB65
:1019D000430A3CF8026F6DB304F007030127E208E5
:1019E00041469F4008F114037FB203EBC21200236B
:1019F0006FEA07095A440BE07F2904D83F2C02D82C
:101A0000107838431070013301320131AB4211D0EC
:101A100006FA03F00004EFD47F29F4D83F2CF2D863
:101A2000107801330132013109EA0000AB4202F8BB
:101A3000010CEDD1E24504F10104CAD1069A1FFA66
:101A40008EFE05993F2A11F8013F28BF3F22BEF1C3
:101A50007F0F059128BF4FF07F0EABF80620ABF843
:101A600004E0002B92D1414EB024002540488DF86F
:101A70002F400134294603F053FB642301220DF16A
:101A80002F013C48E4B205F059FA294638488DF850
:101A90002F5003F045FB012264230DF12F0135483F
:101AA00005F04CFA1023294631488DF82F3003F009
:101AB00037FB642301220DF12F012E4805F03EFA79
:101AC00001212B4803F02CFB802231466423294856
:101AD000164405F033FAB82CC7D12DB0BDE8F08F0D
:101AE000204A0CAD244B5168147852780891079223
:101AF0000FCB07C52B809DF830300993A0E61F4B14
:101B000090E618490CAB1E4A48680C784978089052
:101B1000079107CA03C323F8022B120C1A709DF811
:101B2000303009938CE6174B1B68032B0AD801A2AF
:101B300052F823F0E11A0008FF1A0008031B0008FE
:101B4000231800084FF00C13CBF8043004E74FF0D3
:101B50000C13CBF804307BE670090024904901088F
:101B60009C490108840100240C0018003805002459
:101B7000340500242C050024A8490108B8490108AF
:101B8000C4490108880900242DE9F04F89B01D4699
:101B9000884606901046129C10F8013B13999DF858
:101BA0005060009233B1002210F8013B0132002B4B
:101BB000FAD193B22A78687812FB03F302B21BB20F
:101BC00023EAE373082900F2AF81DFE811F0020194
:101BD0001401200134014201500167017101090023
:101BE000A18827880F44B4F90610FF1A0029BFB254
:101BF000C0F2FF80B4F802C006980CEB6104C2800A
:101C0000A4EB52028380078094B24480A64AD8F89D
:101C1000003011460192DA688A4240F093818020B8
:101C2000B84205D8DA6801998A4240F0A0817F273E
:101C30009E4A9B68A8F804709342039240F08F81FB
:101C40004020A04207D8D8F80030039A9B689342FE
:101C500040F088813F24009BA8F8064093F800B02C
:101C60006B782C7804936B680793BBF1000F00F03E
:101C7000AC80ABF12005EBB25E2B00F22E81D8F8E0
:101C80000030019ADB68934240F02A818022B8F844
:101C9000043023449A42C0F22081D8F80030039ADD
:101CA0009B68934240F021814023B8F806000499D4
:101CB000029042189342C0F21081002900F0248162
:101CC00001FB05F56FF0004E079BAE440D44CDF8C7
:101CD00014B003EB4E0E023BB8F804A003EB45032F
:101CE00005469B463EF8027FA4B305F007034FF07C
:101CF000010CEA0851460CFA03FC0AF114034FFAEE
:101D00008CFC03EBC21200236FEA0C0942440DE085
:101D10007F2906D83F2D04D8107896B14CEA0000F0
:101D200010700133013201319C4213D007FA03F0E5
:101D30000004EDD47F29F4D83F2DF2D81078002E7E
:101D4000ECD0013309EA0000013201319C4202F873
:101D5000010CEBD1F34505F10105C3D1DDF814B059
:101D6000D8F800200AEB04050199D368ADB28B4284
:101D700040F0C38080239D4205D3D36801998B42F4
:101D800040F0CB807F259368039AA8F804509342D3
:101D900040F0B0804020029B834208D3D8F8003046
:101DA000039A9B68934240F0B2803F230293029BC8
:101DB000A8F80630009A13785B4506D112F801BFE7
:101DC0000092BBF1000F7FF454AF069809B0BDE854
:101DD000F08FB4F9041027880029B8BF013107EB50
:101DE0006107B4F90610A7EB63070029BFB2BFF67D
:101DF00001AF0131FEE6B4F900700699B4F9024072
:101E00000F80BFB24C80A4B28B80CA80FEE6B4F9CA
:101E1000041027880029B4F90240B8BF013107EB4C
:101E2000610706998B80A7EB63034C80A4B29FB235
:101E3000CA800F80EAE6A1882788B4F902400F44DF
:101E400006998B80FB1A4C80A4B29FB2CA800F8087
:101E5000DCE6E78861883944B4F90070081A06990D
:101E600084B20F808B80BFB2CA804C80CEE6B4F9BA
:101E7000041027880029B8BF013107EB6107A7EBE1
:101E80006307B4F802C0BFB2E488069964448B804B
:101E9000201ACA800F8084B24C80B7E62788A188B8
:101EA0000F44FF1AEDE700BF750A0008710A000829
:101EB000B4F90610B4F802C00029B4F9007006980D
:101EC000B8BF0131C2800CEB610407808380BFB2D0
:101ED000A4EB520294B2448098E64FF0000B69E7FD
:101EE0004046984702460290D1E64046984703464E
:101EF0000290DAE6404698474DE740469847D8F8C2
:101F000000200346059036E7B8F804A028E74046CD
:101F10009847013883B2029349E740469847013811
:101F2000D8F8002085B22EE7D8F800300024069AB1
:101F30001249148054809480D480DA6801918A42D6
:101F400005D0274640469047D8F8003068E69B68A1
:101F50000B4AA8F80440934203923FF47CAE4046FB
:101F600098476EE640469847013884B273E640468B
:101F700090470138D8F8003087B259E6750A000852
:101F8000710A00082DE9F04F87B09DF84850109C69
:101F90002E4601959DF844509EB399422ED89946FD
:101FA000A24228D87F29164694BF0023012308E0C7
:101FB0009CF814804EEA080E8CF814E00136B44206
:101FC00019D33F2EFAD8002BF8D14FEAD60C06F0E1
:101FD000070E4FF0010801EBCC1C08FA0EFE8444FA
:101FE000002DE5D19CF814B001362BEA0E0AB4425C
:101FF0008CF814A0E5D201318945D1D207B0BDE8F3
:10200000F08FA3EB0108B8F1000FB8BFC8F10008CA
:102010009942C0F04E817F2B4FF0FF3A94BF0026CB
:1020200001263F2A009694BF002701270297A6B9F0
:102030009FB9D60802F0070C012703EBC616064429
:10204000002D00F0948107FA0CF796F814C047EAC7
:102050000C073775002602960096994200F097818A
:10206000464694468E46BEF17F0F16D8BCF13F0F10
:1020700013D84FEADC070CF0070B4FF001090EEB09
:10208000C7170744002D00F0398109FA0BF997F8BA
:1020900014B049EA0B0987F81490770018BFD644AA
:1020A000B84502DD46440CF1FF3C7345DBD1624587
:1020B000D9D100260496A4EB0209009FB9F1000FC4
:1020C000B8BFC9F100093F2C94BF00260126A242E7
:1020D000C9F100080396C0F02381002F40F0508121
:1020E000002E40F04D814FF0FF360096E60803EBDE
:1020F000C6160644002D00F01E814FF0010C04F0BE
:1021000007070CFA07F796F814C047EA0C0737756B
:1021100000260396A24200F03D81C44616461F46A3
:1021200005927F2F15D83F2E13D84FEAD60E06F012
:10213000070B4FF0010A07EBCE1E8644002D00F07E
:10214000E6800AFA0BFA9EF814B04AEA0B0A8EF8F7
:1021500014A0B8EB4C0F4FEA4C0E02DAACEB090CB2
:10216000013FBEF1000F01D0009A1644BB42D8D106
:10217000B442D6D1059AA1EB030EBEF1000FB8BF51
:10218000CEF1000E7F2994BF4FF0000A4FF0010AF4
:1021900099428CBF4FF001094FF0FF39BAF1000F9F
:1021A00013D1039E8EB9E60801EBC6160644002D36
:1021B00000F0D3804FF0010C04F007070CFA07F78A
:1021C00096F814C047EA0C073775049E26BB77467D
:1021D00026467F2B14D83F2E12D84FEAD60C06F095
:1021E000070B4FF0010803EBCC1C8444002D73D087
:1021F00008FA0BF89CF814B048EA0B088CF8148025
:102200005FEA470C18BF4B44E64501DD7744013EC9
:102210009942DED1B442DCD1A2EB040EBEF1000F34
:10222000B8BFCEF1000EA2428CBF4FF001084FF0B4
:10223000FF38CEF1000CBAF1000F0ED1029B63B94A
:10224000D30802F00707012601EBC3130344002D56
:102250007CD0BE401F7D3E431E75019B002B7FF44A
:10226000CDAE66460B467F2B12D83F2C10D8E70820
:1022700004F0070A4FF0010903EBC7170744A5B3A1
:1022800009FA0AF997F814A049EA0A0987F814909C
:10229000BCEB460F4FEA460702DAA6EB0E06013BFF
:1022A00007B144449942DED1A242DCD107B0BDE877
:1022B000F08F3F2A4FF0010A94BF002601267F2BA2
:1022C000029694BF002701270097002E7FF4C8AE26
:1022D000002F3FF4AEAEC3E608FA0BFB9CF8148067
:1022E00028EA0B088CF814808AE709FA0AFA97F8AA
:1022F000149029EA0A0987F81490C9E709FA0BFB38
:1023000097F8149029EA0B0987F81490C5E60AFAA1
:102310000BFB9EF814A02AEA0B0A8EF814A018E70B
:1023200097BB8EBB01260096E60803EBC616064453
:10233000002D7FF4E2AE012704F0070C039507FAA5
:102340000CFC377D27EA0C073775E3E606FA07F73A
:102350001E7D26EA07061E757FE7012704F0070C9D
:1023600007FA0CFC377D27EA0C0737752DE707FACB
:102370000CFC377D029527EA0C07009537756CE653
:102380004FF0FF360096C5E601260096C5E6012609
:10239000049690E601260196EDE600BF84B02DE993
:1023A000F04182B00125064604460DF124088572ED
:1023B000274688E80E00BDF84C3026F8083F304626
:1023C00002F0C4FDBDF84E30A57127F8043F384631
:1023D00002F0BCFD4146204604F028FD00213846AD
:1023E00002F09EFE0A2004F03DFF2946384602F026
:1023F00097FE0A2004F036FFAE23304600218DF808
:10240000073002F08DFE2A460DF1070164232046B5
:1024100004F094FDD523304600218DF8073002F0FA
:102420007FFE2A460DF107016423204604F086FD55
:102430008023304600218DF8073002F071FE2A46D5
:102440000DF107016423204604F078FDA8233046EF
:1024500000218DF8073002F063FE2A460DF10701D6
:102460006423204604F06AFD3F23304600218DF8A6
:10247000073002F055FE2A460DF10701642320467D
:1024800004F05CFDDA23304600218DF8073002F0BD
:1024900047FE2A460DF107016423204604F04EFD55
:1024A0001223304600218DF8073002F039FE2A460B
:1024B0000DF107016423204604F040FD0021D323E1
:1024C00030460F468DF8073002F02AFE2A46642374
:1024D0000DF10701204604F031FD394630468DF8F4
:1024E000077002F01DFE2A460DF107016423204605
:1024F00004F024FD4023394630468DF8073002F0C1
:102500000FFE2A460DF107016423204604F016FD54
:10251000A623394630468DF8073002F001FE2A46E0
:102520000DF107016423204604F008FDA423394679
:1025300030468DF8073002F0F3FD2A460DF1070111
:102540006423204604F0FAFC8D23394630468DF88A
:10255000073002F0E5FD2A460DF10701642320460D
:1025600004F0ECFC1423394630468DF8073002F0B5
:10257000D7FD2A460DF107016423204604F0DEFC56
:10258000A123394630468DF8073002F0C9FD2A46AE
:102590000DF107016423204604F0D0FCC82339461E
:1025A00030468DF8073002F0BBFD2A460DF10701D9
:1025B0006423204604F0C2FC8123394630468DF85E
:1025C000073002F0ADFD2A460DF1070164232046D5
:1025D00004F0B4FC8F23394630468DF8073002F002
:1025E0009FFD2A460DF107016423204604F0A6FC56
:1025F000D923394630468DF8073002F091FD2A463E
:102600000DF107016423204604F098FC2523394688
:1026100030468DF8073002F083FD2A460DF10701A0
:102620006423204604F08AFCDB23394630468DF8CB
:10263000073002F075FD2A460DF10701642320469C
:1026400004F07CFC3423394630468DF8073002F024
:1026500067FD2A460DF107016423204604F06EFC55
:10266000AF23394630468DF8073002F059FD642318
:102670002A460DF10701204604F060FC02B0BDE8D7
:10268000F04104B0704700BF2DE9F04FC448012568
:1026900008274FF00908002402264FF00309DFF84D
:1026A00074A32DED028BB1B000F078FA0021BC4884
:1026B0000DF1780B00F086FB0421B94800F08AFA8E
:1026C0001021B74800F0A6FAB54800F09FFA0F2392
:1026D0008DF83050B0EE408A8DF831309FEDB10A60
:1026E0000C9B8DF828508DF829708DF82C508DF8A2
:1026F0002D80AD48DDE90A1201F052FD8DF84860E9
:102700008DF8494032461299584601F06BFE8DF81B
:1027100044408DF84590324611990DF18A0001F040
:1027200061FE8DF840508DF841503246109927A82F
:1027300001F058FE07238DF83C4032468DF83D30BD
:102740000DF1AE000F9901F04DFE04235946974854
:102750001A4601F05BFE954802F066F82146934860
:1027600002F078F8B0EE480A23462A460146DFED2B
:10277000900A904801F0BEFC29468C4802F06AF8A5
:10278000B0EE480A23462A460146DFED890A8A4808
:1027900001F0B0FC3146854802F05CF8B0EE480A22
:1027A00023462A460146DFED820A844801F0A2FC56
:1027B00049467E4802F04EF8DFED7D0AB0EE480A49
:1027C00023462A4601467E4801F094FC59467D483E
:1027D000DFF84492CDE92154CDE91F6402F004FAF8
:1027E00022462146774802F07DFA2246294675485E
:1027F00002F078FA744B2A467448196801F03EFDDD
:10280000734B2A467348196801F038FD8DF838601B
:102810008DF8397022460E999FED6F0A6F4801F0CE
:102820003FFD8DF834608DF8358022469FED6A0AB1
:102830000D996B4801F034FD21466A4A6A4811F04F
:102840004FFC6A4B2146674A6948C3E9014511F0CC
:1028500047FC684B4FF07C524046DFF87081C3E97B
:102860000145654B1A6040F606321C71634BCDE999
:10287000132300F095F9ADF87400204600F090F9AC
:102880000B230DF14C0E1795ADF84E3021AB1A9479
:10289000DC46ADF876005A4DCDE91B66CDE91874DB
:1028A000CDE915441F46404C564EBEE80F00ACE83B
:1028B0000F00BEE80F00ACE80F009EE807008CE8B0
:1028C00007000FCF09976F46BC46ACE80F00099F81
:1028D000CDF820C097E80F008CE80F004A489BE82D
:1028E0000E00FFF75BFDFEF7EBFE48492C4800F0B9
:1028F0006DF905E0394801F009FD394801F006FDA0
:10290000294801F07DFC237913B1636A002B3CD187
:10291000237B1BB1A37C7F2B00F082802B78002BC4
:10292000E8D098F8163029485BB302F0F9FA80F045
:1029300001005FFA80FBBBF1000F11D1344B1B7813
:10294000002BD7D09FED170A244801F0CDFC9FED56
:10295000150A234801F0C8FC2D4B83F800B0C9E7E5
:102960002B4F3B78002BC5D1B7EE000A1B4801F076
:10297000BBFCB7EE000A1A4801F0B6FC01233B701D
:10298000B8E702F0CDFA8346D5E732689B1850D4F9
:10299000022BC8BF00233360FEF792FEB8E700BFEA
:1029A0000C040024000000004C0400242404002433
:1029B0000AD7233C7404002494040024B4040024A3
:1029C000D40400242C040024184A01080C05002417
:1029D0001C4A0108F404002400007A443809002449
:1029E0005409002400983A0018983AC00C983AC04C
:1029F0000C0000C0000000C0040400240105060A09
:102A000072090024780900242C0500248D0A00088E
:102A100071090024880900247009002400000000C6
:102A20003368012B1ED0022B15D02BB1FEF748FEC8
:102A300074E702233360AFE72B781FED080A83F0B9
:102A400001030D482B7001F04FFC9FED0C0A0C4860
:102A500001F04AFCEAE799F8003083F0010389F8B5
:102A60000030E3E7DAF800300133032BC8BF00235E
:102A7000CAF80030DAE700BF38090024000000007F
:102A80005409002470B52D4800252D4C4FF60B76C7
:102A90002C492246056045610562C56311F032F894
:102AA00022462949294811F02DF82246264928486E
:102AB00011F028F822462449264811F023F822462E
:102AC0002149254811F01EF8244822462449C0E92E
:102AD0000065C0E9025511F015F822482246204948
:102AE0000660C560C0E9015511F00CF822461E4988
:102AF0001E4811F007F822461B491D4811F002F844
:102B000022461C491C4810F0FDFF22461B491C4868
:102B100010F0F8FF224619491A4810F0F3FF1A483E
:102B20001A4B22461A498560036010F0EBFF2246DB
:102B300018491948BDE8704010F0E4BF0C040024A7
:102B400000000024550A0008490A00087404002403
:102B500094040024B4040024D40400240C050024AC
:102B60004D0A0008F4040024510A00083809002422
:102B700054090024590A000804040024790A0008B2
:102B80000C983AC0000000C024050024E449010864
:102B90006D0A0008450A00084C040024704700BF75
:102BA000202882B009D8084B03EB400213F81030FC
:102BB000507843EA002002B0704701230C2043EA1A
:102BC000002002B0704700BF204A0108143001F015
:102BD00069BA00BF38B500F1140504462DED028B2B
:102BE000284601F01BFA284601F014FA2846B0EEF8
:102BF000408A01F0FDF9D0ED007AF8EE677A88EEB0
:102C0000277ABDEC028B84ED0E7A38BD143001F0CA
:102C100001BA00BF38B500F1140504462DED028B52
:102C2000284601F0E9F9284601F0F4F92846B0EE0B
:102C3000408A01F0DDF9D0ED007AF8EE677A88EE8F
:102C4000277ABDEC028B84ED0E7A38BD10B540F2C8
:102C500003338EB000244FF60B7240F20341ADF8FF
:102C6000083009A80123ADF81020ADF82420224631
:102C7000ADF80C100094029907940C94CDE905442A
:102C8000CDE90A4402F066F804A80123224603991C
:102C9000009402F05FF809A802F042F910B901208F
:102CA0000EB010BD04A802F03BF9A0420CBF0220F8
:102CB00020460EB010BD00BF2DE9F04103239AB0AD
:102CC000012700240646CDE914373B4BCDE91043DC
:102CD00040F20453CDE91647ADF84830FFF7B6FF90
:102CE000B842054625D0022845D040F60132334B84
:102CF0000DF12C081894ADF82C200B981997CDF8ED
:102D00004A3000F0E3F810A906F13C0003F050F956
:102D1000302003224FF07E5341460D930E93CDE9B0
:102D20000B02F26B06F1140001F02AF91AB0BDE8AB
:102D3000F0811023214A06A906908DF828300DF164
:102D40002C081F4BCDF84A2007930294CDE91804B4
:102D5000CDE9080402A802F063FB0823029A03A944
:102D60004046ADF80C508DF80E40049505930B9439
:102D700000F0ECF8C7E700200121104B0DF12C0802
:102D80003A460094CDF84A304FF60B730C94ADF8E8
:102D90002C302346CDE9180140F601314046ADF80C
:102DA00018100699CDE90D4401F0D4FF21464046A4
:102DB00002F0C2F8A7E700BF0402040404060403FB
:102DC0000704010B2DE9F04704462DED028B82B07C
:102DD00000294DD0012140F2011200230091ADF8ED
:102DE00004208DF80630364A0127364B04F10409D9
:102DF000354904F12908626040F20272A36040F68E
:102E00000663E16004F1250AA4F82520A4F829301E
:102E1000278284F8277084F82B7004F0C1FB0546E4
:102E200004F022FA6946064650BB4DB304F1300067
:102E30008DF8067004F03AFB072D3CD104F114051F
:102E40002046FFF739FF284601F0E4F82846B0EEA7
:102E5000408A01F0CDF8D0ED007AF8EE677A88EE7E
:102E6000277A84ED0E7A02B0BDEC028BBDE8F087C4
:102E700040F2011300918DF80610ADF80430B2E76E
:102E800004F1300004F012FB072D11D04946204612
:102E900002F00EFD0EB9002DD0D1504602F056F8CA
:102EA000404602F053F804F1120000F079F9C5E74A
:102EB000002EF2D1C2E74946204602F0F9FCBDE7F8
:102EC0000508050905070506050A060610B584B0BC
:102ED00003460124ADF8040003A8ADF80C30ADF8AA
:102EE0000E4002F033F8214603A802F019F92046FB
:102EF00004F0B8F9002103A802F012F9204604F00A
:102F0000B1F9214603A802F00BF904B010BD00BFCF
:102F100010B5C2F3002384B00C46017C8DF80D205F
:102F200043EA4402FA2402238DF80C2003AA0094F9
:102F300002F00CFB18B10124204604B010BD044679
:102F40000A2004F08FF9204604B010BD034670B586
:102F500043F8042B044684B007C983E80700A3792B
:102F600083B91A210B461E22FA2523742046ADF898
:102F70000C20022303AA009502F0E8FA28B10120F0
:102F800004B070BD1B210B46EDE70A2004F06AF97E
:102F90004FF4B85200950223ADF80C20204603AA46
:102FA000217C02F0D3FA0028E9D10A2004F05AF972
:102FB00041F2027200950223ADF80C20204603AACC
:102FC000217C02F0C3FA0028D9D10A2004F04AF982
:102FD000042200950223ADF80C20204603AA217C90
:102FE00002F0B4FA0028CAD10A2004F03BF9062204
:102FF00000950223ADF80C20204603AA217C02F0A4
:10300000A5FA0028BBD10A2004F02CF941F20822CD
:1030100000950223ADF80C20204603AA217C02F083
:1030200095FA0028ABD10A20064604F01BF900955A
:10303000022303AA217C2046ADF80C6002F086FA38
:1030400000289CD1304604F00DF9009522790C231C
:103050002046002A8DF80C3003AA4FF0020314BF5B
:10306000622142218DF80D10217C02F06FFA0028B8
:1030700085D1304604F0F6F82279D4E902310B43C9
:10308000DBB20AB943F0400362790AB143F020038E
:103090000E22FA258DF80D302046009502238DF87A
:1030A0000C2003AA217C02F051FA00287FF467AFBC
:1030B0000A2004F0D7F8102200950223ADF80C2066
:1030C000204603AA217C02F041FA00287FF457AF82
:1030D0000A2004F0C7F8122100950223ADF80C1065
:1030E00003AA217C204602F031FA00287FF447AF82
:1030F0000A2004F0B7F8012209212046FFF708FF53
:10310000003818BF01203BE7F0B5102387B0234CEF
:10311000012200250126002702A920460195CDE9BC
:1031200002234FF48052CDE904670BF01DF96420AF
:1031300004F0DCFC02A94FF480522046CDE904677C
:1031400002261027CDE902670BF00EF903221023A7
:1031500002A92046CDE9022300230422CDE904235D
:103160004FF480520BF000F940F23223042202A9FE
:10317000019310232046CDE90223019A01230592F1
:103180004FF4805204930BF0EFF840F6060120460E
:103190000BF00AF9284607B0F0BD00BF94090024DF
:1031A0001C4B00221C494FF0400C30B5054689B03D
:1031B0000220596007219A601A620124DA620A2209
:1031C0004FF4006EDC6006922022CDE9000104205D
:1031D0000821CDE9020103201021CDE904010820D6
:1031E0006946C3E904024FF4C072181DC3E906C260
:1031F0004FF48052C3E909E20BF08CF838B9284645
:10320000FFF782FF003818BF012009B030BD20460B
:1032100009B030BD9009002440410052614A0021AC
:10322000D0B513688EB00A91002B40F0B9805E4B88
:1032300001214FF683700C2411600221D3F8D420B1
:103240000026032742F48052C3F8D420D3F8D420B8
:1032500002F480520092009AD3F8E02042F010026B
:10326000C3F8E020D3F8E02002F010020192019AA6
:10327000D3F8E02042F04002C3F8E020D3F8E02089
:1032800002F040020292029AD3F8E02042F00802D3
:10329000C3F8E020D3F8E02002F008020392039A7A
:1032A000D3F8E02042F48072C3F8E020D3F8E020A5
:1032B00002F480720492049AD3F8E02042F0800273
:1032C000C3F8E020D3F8E02002F080020592059ACE
:1032D000D3F8E02042F02002C3F8E020D3F8E02049
:1032E00002F020020692069AD3F8E02042F004028F
:1032F000C3F8E020D3F8E0300C9403F00403079304
:103300000323079A0B93CDE9080108A9274806F083
:103310009FFB48F23712022308A925480C94CDE9F7
:103320000823CDE90A6706F093FB4CF203720223EF
:1033300008A920480C94CDE90823CDE90A6706F0D6
:1033400087FB40F2FF62022308A91B480C94CDE9D9
:103350000823CDE90A6706F07BFB4FF60C720223C7
:1033600008A916480C94CDE90823CDE90A6706F0B0
:103370006FFB4FF63F02022308A911480C94CDE9D8
:103380000823CDE90A6706F063FB2022022308A97F
:103390000A480C94CDE90A67CDE9082306F058FBEA
:1033A0000EB0D0BD8C090024004402580010025811
:1033B00000180258000C025800200258001C025845
:1033C000001402582DE9F04FDFF8108406460D4630
:1033D000144608F118002DED028B89B000AF02F001
:1033E000DFFED8F8183073B3D8F81C30D8F8049042
:1033F000002B43690BBF4FF0080A4FF0100A4FF043
:10340000020B4FF0040BB9F1000F2AD0A200EA46DC
:10341000012B02F1070222F00702ADEB020D684614
:10342000ADEB020D694600F03F81022B00F0D68023
:10343000002B6FD02246C847D5462437BD46BDEC89
:10344000028BBDE8F08FD8F81C30002BF5D0D8F8EF
:1034500004904FF0080A4FF0020B4369B9F1000FD6
:10346000D4D1FB61D8F80030BB61002BE5D0D54842
:1034700002F008FF6B46BBF1020F786108EE103ACC
:10348000FB6900F083816A465146A2EBC40295466F
:103490006200EA46B2FBFBF2AAEBC40085460AEBE7
:1034A0008200EE46F861ADEB010DF8690EEB820C7F
:1034B000C7F810C0EC46ADEB010D00EB8201CCF873
:1034C0000400CCF8081001EB82013869E946CCF819
:1034D0000C1000EB8201CCF800A001EB8202C9E9DC
:1034E00000E0C9E90212012B00F06483022B00F016
:1034F0006C82002B00F08081620849466046BB69FF
:10350000984718EE103A24379D46BD46BDEC028B15
:10351000BDE8F08F002C8DD01A46D8ED0C6A9FEDD7
:10352000B27A8446331D36F922E00CF1080C07EE1E
:1035300090EA33F922E00232F8EEE77A944267EE3D
:10354000877A67EEA67A4CED027A07EE90EAF8EEFB
:10355000E77A67EE877A67EEA67A4CED017AE2D8D1
:10356000F9612246C847984ED8ED0D6A0020F969E6
:103570002B1D9FED9E7A9FED9E6ADFED9E5A22E005
:10358000F4EEC67AF1EE10FAC0F2C88447F6FE7285
:10359000D1ED017A45F8202066EEA77AF4EEC77ADD
:1035A000F1EE10FA40F2F080F4EEC67AF1EE10FA85
:1035B000C0F2D58447F6FE7243F82020023008316D
:1035C00084427FF639AFD1ED007A66EEA77AF4EE49
:1035D000C77AF1EE10FAD3D83246D9E7002C3FF47F
:1035E00029AFD8ED0C6A84469FED787A0022331D0E
:1035F0008E4656F822100CF1080C07EE901A53F87C
:1036000022100232F8EEE77A944267EE877A67EE8C
:10361000A67A4CED027A07EE901AF8EEE77A67EE9A
:10362000877A67EEA67A4CED017AE2D87146224697
:10363000C7F81CE0C847664ED8ED0D6A0020F9694E
:103640002B1D9FED6A7A9FED6A6ADFF894C120E036
:10365000F4EEC67AF1EE10FAC0F279843246D1ED7A
:10366000017A45F8202066EEA77AF4EEC77AF1EEEB
:1036700010FA40F28780F4EEC67AF1EE10FAC0F24A
:103680005E84324643F820200230083184427FF6BF
:10369000D3AED1ED007A66EEA77AF4EEC77AF1EEFA
:1036A00010FAD5D86246DAE7002C3FF4C3AED8ED65
:1036B0000C6A86469FED477A4FF0000C331D56F892
:1036C0002C200EF1080E82F40002A2F5000207EE93
:1036D000902A53F82C200CF1020CF8EEE77A82F4D1
:1036E00000026445A2F5000267EE877A67EEA67ACB
:1036F0004EED027A07EE902AF8EEE77A67EE877AC7
:1037000067EEA67A4EED017AD9D8F9612246C8470C
:10371000314ED8ED0D6A0020F9692B1D9FED337AEB
:103720009FED336ADFF8BCC01FE0F4EEC67AF1EE1D
:1037300010FAC0F2FC833246D1ED017A45F8202020
:1037400066EEA77AF4EEC77AF1EE10FA18D9F4EE25
:10375000C67AF1EE10FAC0F2DA83324643F820203E
:103760000230083184427FF667AED1ED007A66EE12
:10377000A77AF4EEC77AF1EE10FAD6D86246DBE704
:103780006246EBE762467DE7324615E7A100D64682
:103790006208073121F00701ADEB010DEA46ADEB00
:1037A000010D6946ADEB0E0D0AEB8200EC46ADEB68
:1037B0000E0D01EB8202F861E946CCE900A0C9E9EF
:1037C000001290E6E40900240280FFFF00000030B0
:1037D0000082FF7F0000003482FF7F00C8090024C0
:1037E000007E00807E0080FF0000003804FF7FBF65
:1037F00004FF7F3F00FEFF46002C00F0C982BBF1B2
:10380000020FD8F8242000F0FA827969C7F80490F2
:1038100002EB810E5FED0C5A8A00DCF808100EF105
:1038200004007A611A46DCF80C303B61331DD7F88E
:1038300010903D61FD69C7E902CB8C46834636F99D
:103840002210D8ED0C7A06EE101A33F9221006EE8B
:10385000901A3EF92210B8EEC66A07EE101AF8EE7A
:10386000E66A3BF92210B8EEC77A26EE256A66EEC4
:10387000A56A27EE257A26EE276A66EEA76A27EE66
:10388000277A07EE901A51080232F8EEE77A0AEB2F
:103890008100944280ED006A05EB810067EEA57A15
:1038A000C0ED006A0CEB810009EB810180ED007A2C
:1038B00098ED0C7A67EE877AC1ED007ABFD8D7F819
:1038C00004903D69D7E902CB60466208BB6949466E
:1038D0009847D8F82C307A69D8ED0D6A1A441FED54
:1038E0003D7A1FED3D6A2B1D904602F1040A5FED03
:1038F0003F5A0022A84ED9E900EC51E0F4EEC67A16
:10390000F1EE10FAC0F2C78247F6FE7045F82200C9
:103910000CEB0100D0ED007A66EEA77AF4EEC77AE0
:10392000F1EE10FA4BD9F4EEC67AF1EE10FAC0F2CD
:10393000BA8247F6FE70BBF1020F43F822002BD08B
:10394000D9F808000844D0ED007A66EEA77AF4EEC4
:10395000C77AF1EE10FA36D9F4EEC67AF1EE10FA23
:10396000C0F2CD8247F6FE7048F82200D9F80C006C
:103970000144D1ED007A66EEA77AF4EEC77AF1EE53
:1039800010FA1ED9F4EEC67AF1EE10FAC0F2AF8248
:1039900047F6FE714AF82210023294427FF6B1AD2A
:1039A00051080EEB81008900D0ED007A66EEA77A0F
:1039B000F4EEC77AF1EE10FAA0D83046A6E730460A
:1039C000B9E73146E6E73046CEE7002C00F0E0816B
:1039D000BBF1020FD8F8243000F0E1817A69DCF8FD
:1039E000081003EB820EC7F804909300DFED6B5ACA
:1039F0000EF1040000227B61DCF80C303B61331DCA
:103A0000D7F810903D61FD69C7E902CB8C4683462B
:103A100056F82210D8ED0C7A07EE101A53F822103F
:103A2000B8EEC76A07EE101A5EF82210F8EEC76A01
:103A300007EE101A26EE256A5BF82210B8EEC77A58
:103A400066EEA56A26EE276A27EE257A66EEA76A55
:103A500027EE277A07EE901A51080232F8EEE77A3D
:103A60000AEB8100944280ED006A05EB810067EE6D
:103A7000A57AC0ED006A0CEB810009EB810180EDB5
:103A8000007A98ED0C7A67EE877AC1ED007ABFD89C
:103A9000D7F804903D69D7E902CB60466208BB695C
:103AA00049469847D8F82C307A69D8ED0D6A1A44FF
:103AB0009FED3E7A9FED3E6A131D9246DFF8E4C00B
:103AC0000022FB612B1D364ED9E9008E4EE0F4EE4C
:103AD000C67AF1EE10FAC0F2FC81304645F82200B9
:103AE0000EEB0100D0ED007A66EEA77AF4EEC77A0D
:103AF000F1EE10FA49D9F4EEC67AF1EE10FAC0F2FE
:103B0000EF813046BBF1020F43F822002AD0D9F8EA
:103B100008000844D0ED007A66EEA77AF4EEC77A82
:103B2000F1EE10FA35D9F4EEC67AF1EE10FAC0F2E1
:103B3000C98130464AF82200D9F80C000144D1ED81
:103B4000007A66EEA77AF4EEC77AF1EE10FA1ED983
:103B5000F4EEC67AF1EE10FAC0F2AD813146F869A2
:103B600040F82210023294427FF6CBAC510808EBA9
:103B700081008900D0ED007A66EEA77AF4EEC77A6C
:103B8000F1EE10FAA3D86046A8E76046BAE76146AE
:103B9000E5E76046CEE700BF0280FFFF000000308F
:103BA0000082FF7F007E00800000003404FF7FBFA2
:103BB00004FF7F3F002C00F0EB807A690021D8F8E9
:103BC0002430C7F8109003EB820ED7F81C909300B6
:103BD000FD610EF104021FED0C6A7B61331D154679
:103BE00056F821204808D8ED0C6ABBF1020F82F488
:103BF0000002A2F5000207EE902A53F8212082F479
:103C00000002B8EEE77AA2F5000227EE067A07EE88
:103C1000902A0AEB8002F8EEE77A27EE267A67EE22
:103C2000867A82ED007A09EB80024FEA800067EE27
:103C3000A67AC2ED007A27D05EF8212082F4000235
:103C4000A2F5000207EE902A55F8212082F4000226
:103C5000B8EEE77AA2F5000227EE067A07EE902A80
:103C6000DCF80820F8EEE77A024427EE267A67EEC1
:103C7000867A82ED007A98ED0C7ADCF80C2067EEFB
:103C8000877A0244C2ED007A02318C42A8D8D7F874
:103C9000109060466208BB694946FD699847D8F8AC
:103CA0002C307A69D8ED0D6A1A441FED407A1FED69
:103CB000406A131D9246DFF8C4C20022FB612B1D2F
:103CC000AB4ED9E9008E4EE0F4EEC67AF1EE10FA72
:103CD000C0F2C580304645F822000EEB0100D0ED61
:103CE000007A66EEA77AF4EEC77AF1EE10FA49D9B7
:103CF000F4EEC67AF1EE10FAC0F2BF803046BBF1A6
:103D0000020F43F822002AD0D9F808000844D0ED69
:103D1000007A66EEA77AF4EEC77AF1EE10FA35D99A
:103D2000F4EEC67AF1EE10FAC0F2AE8030464AF8F0
:103D30002200D9F80C000144D1ED007A66EEA77A92
:103D4000F4EEC77AF1EE10FA1ED9F4EEC67AF1EE6F
:103D500010FAC0F28B803146F86940F82210023226
:103D600094427FF6CEAB510808EB81008900D0ED7C
:103D7000007A66EEA77AF4EEC77AF1EE10FAA3D8CD
:103D80006046A8E76046BAE76146E5E76046CEE7E9
:103D9000224649466046BB699847FFF7B2BBC7F861
:103DA00010B0002298ED0C6A331DDFED726AD7F86F
:103DB0001CB0786956F8221007EE901A53F82210BA
:103DC000B8EEE77A07EE901A51080232F8EEE77A79
:103DD00027EE267A0AEB810E94420BEB810167EE07
:103DE000A67A27EE067A67EE867A8EED007AC1ED26
:103DF000007ADFD88300D7F810B07B614DE61A4611
:103E0000C7F810B098ED0C6A331DDFED5B6AD7F888
:103E10001CB0786936F9221007EE101A33F9221017
:103E200007EE901AB8EEC77A51080232F8EEE77A38
:103E300027EE267A0AEB810E94420BEB810167EEA6
:103E4000A67A27EE067A67EE867A8EED007AC1EDC5
:103E5000007ADFD88300D7F810B07B6134E5F0EE4C
:103E6000675AFEEEE45A15EE900A34E7F0EE675A10
:103E7000FEEEE45A15EE901A6EE7F0EE675AFEEE8B
:103E8000E45A15EE900A3AE7F0EE675AFEEEE45A6D
:103E900015EE900A4BE767EEA57AFDEEE77A17EE8E
:103EA000900A00B232E567EEA57AFDEEE77A17EEEA
:103EB000900A00B23FE5F0EE675AFEEEE05A15EECA
:103EC000901A4CE6F0EE675AFEEEE05A15EE900AB4
:103ED00030E6F0EE675AFEEEE05A15EE900AFDE588
:103EE000F0EE675AFEEEE05A15EE900A0AE667EE2B
:103EF000A57AFDEEE77A17EE901A09B24AE567EE69
:103F0000A57AFDEEE77A17EE900A00B22CE5F0EE06
:103F1000675AFEEEE45A15EE902A1FE467EEA57A82
:103F2000FDEEE77A17EE902A12B2FFF731BBF0EE02
:103F3000675AFEEEE45A15EE902AFFF7FDBBF0EE4D
:103F4000675AFEEEE05A15EE902AFFF79BBBF0EEA3
:103F5000675AFEEEE05A15EE902AFFF780BB67EE37
:103F6000A57AFDEEE77A17EE902A12B2FFF724BB8E
:103F700082FF7F0000000030000000387E0080FFDC
:103F800030B5184C154685B0046004F1080EEC46B7
:103F90000FC98EE80F00D4ED047AF5EEC07A8CE8F4
:103FA0000F00F1EE10FA1ADDB7EE006A94ED057A13
:103FB00027EE277AC6EE276A84ED0D7AC4ED0C6AE7
:103FC0006DB1204640F8185F02F0EAF8064903692F
:103FD0000020064A2162A262E36005B030BD0120E4
:103FE00005B030BDC80900240020003000000030BA
:103FF00000680830704700BFB1F5807F03680A464B
:1040000028BF4FF48072B1F5807F9A6094BF002082
:10401000012070470068183002F022B970B50468BA
:104020008AB0A369E160CBB104F11805284602F01B
:10403000B7F88446EE46E668BCE80F00AEE80F002D
:10404000BCE80F00AEE80F009CE803008EE8030018
:1040500069462846049601F0ABFFF8B9E069D8B18B
:1040600004F11C05284602F09BF88446EE46E468FD
:10407000BCE80F00AEE80F00BCE80F00AEE80F0090
:104080009CE803008EE8030069462846049401F08A
:104090008FFF003818BF01200AB070BD01200AB0A0
:1040A00070BD00BF30B5046883B008480D46A368F2
:1040B000A26A216A9B00009004F1180002F072F8D5
:1040C0000020C4E9000503B030BD00BFC5330008BF
:1040D00010B4074B4FF07E513024002203201961A9
:1040E0009C60D8605DF8044B5961C3E906227047B3
:1040F000C8090024F6EE007A9FED166A20EE207AB9
:104100000160F7EE006A80ED036A80ED020A27EE97
:10411000277AC6EE877AF4EEE67AF1EE10FA11DD30
:10412000F0EE667A4FF07E514FF0000C02760022DE
:10413000C0ED017AC0F814C0016143768276C0ED0B
:10414000070A7047F4EEC67AF1EE10FAEAD5F0EEFF
:10415000467AE7E7000000000268037E128807EE57
:10416000902AFBEEC87A1BB1B7EE007A77EE677A39
:10417000D0ED056A90ED047A77EEE67A437E67EE3D
:10418000877A0BB1F1EE677A90ED030A90ED017A30
:1041900077EEC07AA7EE270A80ED030A704700BFCA
:1041A00030B585B004460025ADF80C10ADF80820F8
:1041B000ADF8043003F054F8BDF80C204FF48073D0
:1041C000206004F118002283BDF808206383E38394
:1041D000A283257100F0BAFE04F11C0000F0B6FEC7
:1041E0009FED060A019904F1080000F0B3F84FF6BC
:1041F000FF736562238405B030BD00BF000000007E
:10420000F8B5044603F02CF8002623682671834293
:1042100005D104F10800BDE8F84000F0B5B8012769
:1042200094F82050206004F11800BD40277100F080
:1042300069FF6DB2284394F82150BD4084F82000F6
:1042400004F11C0000F05EFF94F820306DB266624D
:1042500003F003032843022BC0B284F8210009D0E5
:1042600000F003000228D4D1002BD2D14FF0FF334D
:104270006362CEE78307CCD16762CAE770B584B0CA
:10428000002504461646ADF80C102B462A46039925
:10429000009500F05FFDA582A67504B070BD00BF5B
:1042A00030B52DED028B83B0044601231546ADF8E1
:1042B00004101730BDF80410B0EE408A0180637618
:1042C00000F044FEB5FA85F3002200215B09257554
:1042D000A16084ED048AA5756375C4E9002203B06A
:1042E000BDEC028B30BD00BF20EE007ADFED067A18
:1042F00027EE000A60EE277A80ED020AFCEEE77AEC
:10430000C0ED017A704700BF00FF7F4790ED046A5F
:10431000B7EE007ADFED0E5A0346D0ED036AC5EE24
:10432000867A77EEA67AF4EEC77AF1EE10FAC8BF75
:1043300077EEC77A90ED027AB4EEE77AC0ED037AB1
:104340001730F1EE10FACCBF597D997D00F0E8BE30
:104350000000F04270B5044682B0C1F30726CDB22A
:10436000ADF8041002F07CFF4FF480724FF001238F
:104370002060A01DA571A280E671A36002B0BDE817
:10438000704000F0E3BD00BF38B5044602F068FF9E
:10439000002223682271834210D00122A57AE37A99
:1043A000954020602271A01D6DB243B900F0AAFEB5
:1043B00040B22843C0B27F28A0720AD038BD00F0B6
:1043C000A1FEB0FA80F040092843C0B27F28A07255
:1043D000F4D102F045FF07EE900AF8EE677AC4EDDB
:1043E000037A38BD00B583B04FF0000E4FF0030CD8
:1043F0004274ADF80410BDF8043080F810E0A0F865
:1044000002C0038003B05DF804FB00BF2DE9F04F4C
:10441000DFF81C8300258DB0C04C037008F1400309
:104420004260074601920E46202229464046C4F8C3
:104430006831C4F86481CDE90255CDE90455CDE970
:104440000655CDE90855CDE90A550FF049FE202261
:10445000294604F5A170C4F83151C4F83551C4F8A7
:104460003951C4F83D510FF03BFE019B84F848528E
:1044700084F830317A68002A6AD02B4604F59871A6
:10448000454606F1100A9E46F01856F803B0E218A9
:104490000EF1010ED0F80CC0D0F80490D0F80880CE
:1044A00044F803B0C2F80CC04FF0000CC2F80490FE
:1044B000C2F80880008A25F802CB10821AF803207F
:1044C00001F8012F002A70D07A684FF001001233F2
:1044D000724584F84802D7D84FF4802290489DF85E
:1044E000043008214FF000084FF00009C4F884316F
:1044F0000023C4E95B020122C4F8743184F88031DE
:10450000C4E95E2194F84812C4E96489A9B3C4F8E7
:104510009821002284F8813184F888313B78C4E9FD
:104520006722002B38D0012200200121013B84F8B2
:10453000A421C4E96C01082B30D8DFE813F0BD00DA
:10454000C200C700CC00D100D600DB00E100E800CB
:104550009DF804300121C4F87421C4F884314FF46B
:10456000802384F880216E4AC4E95B23082300225B
:10457000C4E95E130023C4E964230123002284F804
:104580008131002384F888310323C4F898313B78C3
:10459000C4E96722002BC6D184F8A431614803F036
:1045A000DDFE034638B1FFBEFEE77A68123372457E
:1045B0003FF66AAF90E702A95A48029304F02CF83C
:1045C0008246002876D1042240F2FF710A90CDE99C
:1045D000081294F83021002A00F0F3804FF006080A
:1045E0000AEBCA034FEACA0904EB43035B7C072BBF
:1045F00007D8DFE803F0595C5653504D4A040723AF
:1046000007930FFA8AF6D14406EBC60604EB490974
:1046100004EB46077500384600F098FC99F8103016
:10462000042B00F3AA80022B00F3BD8000F0B980B8
:1046300004EB0A03002283F8202114F81630002B23
:1046400078D0022B00F08A80012B40F0B2807B787A
:10465000012B00F0B080002B334B18BF002305A9BD
:104660003048CDE9053803F0A5FA002840F0AC80C9
:104670000AF1010A94F830315FFA8AFA534540F2A0
:10468000A0802A4B53F82A80AAE706230793B8E7AD
:1046900005230793B5E704230793B2E703230793A2
:1046A000AFE702230793ACE700230793A9E70123B1
:1046B0000793A6E7FFBEFEE703224023C4E96A236F
:1046C0006CE707226023C4E96A2367E70F2280238F
:1046D000C4E96A2362E71F22A023C4E96A235DE7D5
:1046E0003F22C023C4E96A2358E77F22E023C4E9BC
:1046F0006A2353E7FF224FF48073C4E96A234DE72E
:1047000040F2FF124FF49073C4E96A2346E740F287
:10471000FF324FF4A073C4E96A233FE7000A002484
:10472000002002406C0B00240002B025644A0108FE
:10473000004000307B78062B37D0072B3DD0022B72
:104740004AD0032B4AD0002B4CD0012B48D0042B4D
:104750004AD0052B254B18BF002380E77B78042B1C
:1047600025D0052B2BD08BB3012B31D0022B31D090
:10477000032B1F4B18BF002371E70323043504EB01
:104780000A0B4FF0000925448BF82031284609F127
:10479000010900F0DBFB9BF8203104354B45F5DCCB
:1047A0004BE70123EAE70223E8E7124B57E7124BF6
:1047B00055E7002353E7114B51E7114B4FE7114BDE
:1047C0004DE70DB0BDE8F08FFFBEFEE70E4B46E7AC
:1047D0000E4B44E70E4B42E70E4B40E70E4B3EE7D5
:1047E0000E4B3CE70E4B3AE70E4B38E70000B84F54
:1047F000002090360800900C1000C0102000F0142B
:104800008000501D000180210004002A0008302E85
:10481000001060320040C03A0080F03E0000524775
:10482000000021430000844B38B5094C40F2FF7270
:104830004FF0011104F5B675284603F09BFE94F87D
:104840003021D4F864112846BDE8384003F006BC96
:10485000000A0024034B0F29D3F8640198BF00EB32
:1048600041007047000A0024214B02689A4200D0A0
:104870007047204A00232048D2F8D81030B51F4C8A
:1048800041F0200183B0C4F8D001092004F5E87597
:10489000C4E975034FF48060C2F8D810D2F8D8206C
:1048A0004FF40061C4E9773094F8480202F0200226
:1048B000C4F8E4114FF40051984201922846C4F81C
:1048C000E811C4E97C33019B14BF00234FF48073CB
:1048D000C4F8EC3104F0F2F908B1FFBEFEE704F5CC
:1048E000B673C4F8B851C4F8083203B030BD00BF85
:1048F000002002400044025840000240000A002408
:10490000014804F053BD00BFD00B002402682DE91C
:10491000F84F4B4B9A4201D0BDE8F88F494D95F8BE
:104920004832002BF8D095F83031002B77D0002496
:1049300005F10C0905F5A17605F59877A04613E079
:1049400003F0010117F811BCA9F1080000F0E8FB21
:10495000BBF1010F25D895F83031013409F1120966
:104960000236A2B293422BD917F8012F002AF4D0B5
:10497000D5F864310021327833F81400D5F8683165
:1049800003EB041323F81200338801339BB2338006
:104990005FFA83FA3A789A42D2D88A46A6F800801B
:1049A000D0E7CAF34001A9F1040000F0B9FBBBF164
:1049B000020FCAF38001CED0484600F0B1FBCAE72F
:1049C000002395F84802204909229842C5F8D831B9
:1049D0004FF48060C5F8D011C5F8D4214FF40061C0
:1049E0004FF40052C5F8DC3108BF4FF48073C5F8AE
:1049F000E821C5E9780100221448C5E97B32C5F8F1
:104A0000F42104F05BF908B1FFBEFEE795F8302110
:104A1000D5F864110E48BDE8F84F03F01FBB0A49F2
:104A200009224FF48060C5F8D831C5E974124FF4FB
:104A300000614FF40052C5E97730C5E97912DAE731
:104A400000200240000A002440000240D00B002455
:104A50006C0B0024704700BF4F4B02689A4200D095
:104A600070474E4BD3F8E81030B541F000514C4C34
:104A700085B0D4F84821C3F8E810D3F8E81001F065
:104A8000005101910199D3F8E01041F00101C3F800
:104A9000E010D3F8E03003F001030293029B32F000
:104AA00002033DD0013A012A6BD9D4F84C31012BD5
:104AB0000AD000223620114603F022FE362005B02F
:104AC000BDE8304003F05ABED4F8483133F002025A
:104AD00034D0013B012BECD8442240233149324DE4
:104AE000C4F88C1000212846C4F8B010C4E924236F
:104AF00000224FF48063C4E926234FF400624FF490
:104B00000053C4E928234FF480724FF48033C4E982
:104B10002A2304F0D3F880B9E560C4F8C440C8E79C
:104B20004FF48062032303A8ADF80C208DF80E30FB
:104B300000F00CFAD4F84821B4E7FEE71B4BA2635F
:104B40004322636140231A4DC4E9062300224FF437
:104B500080632846C4E908234FF400624FF40053F1
:104B6000C4E90A234FF480724FF48033C4E90C2364
:104B700004F0A4F820B9D4F84831A560E464A8E7AB
:104B8000FEE74FF4A062032303A8ADF80C208DF8D4
:104B90000E3000F0DBF988E7007400400044025852
:104BA000500C002428040240DC0C002410040240B5
:104BB000640C0024014804F0F9BB00BF640C00241D
:104BC000014804F0F3BB00BFDC0C002410B5054C19
:104BD000204603F0BFFE04F58270BDE810400AF0E5
:104BE000B3BC00BF500C002430B58C463A4C3B4D52
:104BF0008DB0046004F5A27EBCE80F00AEE80F00A3
:104C0000DCF8003020462560CEF8003003F044FE8A
:104C10000023D4F84C510393C5B11622012D049200
:104C200017D00022D4F85411D4F848319142CDE97C
:104C3000062218BF0222059233F0020235D0013B52
:104C4000012B3CD9002528460DB030BD022304932A
:104C5000E7E7234A0093C4F80C31C4F81431C4F8D0
:104C60000421C4F81C31CDE9013302F097FCD4F8DB
:104C700044314BF68032C4F80851002B08BF13466C
:104C8000B0FBF3F304F58270C4F810310AF0C6FAF1
:104C90000028D8D120230290694604F58270009341
:104CA0000AF00AFD0028BCD0CDE703A90A4803F0AA
:104CB00085FE78B9D4F84831013B012BC2D81022C7
:104CC00003A9054803F07AFE051E18BF01252846F2
:104CD0000DB030BD0125B6E7500C00240074004033
:104CE000001000402DE9F0410668D6F84C5105BB94
:104CF000D6F850310C461746002B0CBF4FF0080871
:104D00004FF0000831F0020305D0013C012C14D90A
:104D10002846BDE8F0811346294642463046013C0C
:104D200003F0FEFD2946304603F0CCFD012CEFD800
:104D300003E001252846BDE8F0813B4642461021AC
:104D4000304603F0EDFD1021304603F0BBFD284650
:104D5000BDE8F08110B592B0ADF804100180C9B281
:104D6000149C0B29C460C0E901233FD090F801C016
:104D7000BCF10F0F3AD8022A3FD0032A02D0012AF1
:104D800000D000220E92012B02D0022B18BF00236C
:104D9000022C0F932CD0032C2AD0012C28D00023D6
:104DA0000A29109327D85C4A02EB812202610A2962
:104DB00014D8DFE801F0A39587796B5D4F41332567
:104DC0000600564BD3F8E01041F48061C3F8E010C0
:104DD000D3F8E03003F480630C930C9B01230DA9FE
:104DE000104603FA0CF30D9304F032FE12B010BD1E
:104DF0000A291094D7D90022D8E711220E92C2E7CF
:104E0000464BD3F8E01041F40071C3F8E010D3F83A
:104E1000E03003F400730B930B9BDFE73F4BD3F8B9
:104E2000E01041F48071C3F8E010D3F8E03003F4EF
:104E300080730A930A9BD1E7384BD3F8E01041F016
:104E40008001C3F8E010D3F8E03003F08003099349
:104E5000099BC3E7314BD3F8E01041F04001C3F8A0
:104E6000E010D3F8E03003F040030893089BB5E767
:104E70002A4BD3F8E01041F02001C3F8E010D3F83A
:104E8000E03003F020030793079BA7E7234BD3F8F9
:104E9000E01041F01001C3F8E010D3F8E03003F067
:104EA00010030693069B99E71C4BD3F8E01041F0E2
:104EB0000801C3F8E010D3F8E03003F008030593CD
:104EC000059B8BE7154BD3F8E01041F00401C3F8C4
:104ED000E010D3F8E03003F004030493049B7DE773
:104EE0000E4BD3F8E01041F00201C3F8E010D3F804
:104EF000E03003F002030393039B6FE7074BD3F803
:104F0000E01041F00101C3F8E010D3F8E03003F005
:104F100001030293029B61E700000258004402581B
:104F200008B5012143780069994089B204F098FFDF
:104F3000003818BF012008BD01230A4641780069E6
:104F400003FA01F189B204F091BF00BF8378022B0C
:104F500030B504468FB037D0032B33D0012B31D07E
:104F600000230A93E378012B2AD0022B28D00023B8
:104F70000B93002320460C9302F096FC0546204636
:104F800002F09AFC23780990082B13D8DFE803F08D
:104F90001F3245586B7E91A40500594BD3F8E02091
:104FA00042F48072C3F8E020D3F8E03003F4807359
:104FB0000893089B09A9284604F04AFD0FB030BDAC
:104FC0000B93D6E70A93CDE711230A93CAE74C4B1C
:104FD00009A92846D3F8E02042F00102C3F8E020F6
:104FE000D3F8E03003F001030093009B04F030FDA0
:104FF0000FB030BD424B09A92846D3F8E02042F05B
:105000000202C3F8E020D3F8E03003F0020301937A
:10501000019B04F01DFD0FB030BD394B09A9284696
:10502000D3F8E02042F00402C3F8E020D3F8E030E7
:1050300003F004030293029B04F00AFD0FB030BD9D
:105040002F4B09A92846D3F8E02042F00802C3F804
:10505000E020D3F8E03003F008030393039B04F04F
:10506000F7FC0FB030BD264B09A92846D3F8E02045
:1050700042F01002C3F8E020D3F8E03003F0100350
:105080000493049B04F0E4FC0FB030BD1C4B09A951
:105090002846D3F8E02042F02002C3F8E020D3F8FD
:1050A000E03003F020030593059B04F0D1FC0FB022
:1050B00030BD134B09A92846D3F8E02042F0400246
:1050C000C3F8E020D3F8E03003F040030693069BDA
:1050D00004F0BEFC0FB030BD094B09A92846D3F837
:1050E000E02042F08002C3F8E020D3F8E03003F083
:1050F00080030793079B04F0ABFC0FB030BD00BFEB
:105100000044025838B5054602F0CEFB0446284656
:1051100002F0D2FB01462046BDE8384004F0A0BEB4
:1051200070B506460D4602F0BFFB0446304602F05D
:10513000C3FB2A1E0146204618BF0122BDE870406D
:1051400004F094BE0023122270B586B0CDE902238C
:1051500004930368032B01D804230593061D841DC3
:10516000304602F0A1FB0546304602F0A5FB03469F
:1051700001A92846019304F06BFC204602F094FB41
:10518000034620461C4602F097FB01A90346204631
:10519000019304F05DFC06B070BD00BF634A036874
:1051A000934210B58CB028D0614A934258D0614ADE
:1051B000934200F09480604A934201D00CB010BD3D
:1051C0005E4C5F48D4F8E03043F00203C4F8E030AE
:1051D000D4F8E03003F002030A930A9BFFF7B2FF12
:1051E000D4F8F43043F08003C4F8F430D4F8F43049
:1051F00003F080030B930B9BE0E7504C5148D4F82D
:10520000E03043F00203C4F8E030D4F8E03003F0BB
:1052100002030193019BFFF795FFD4F8E8300022C9
:105220001F2043F400131146C4F8E830D4F8E830E6
:1052300003F400130293029BD4F8D83043F0010327
:10524000C4F8D830D4F8D83003F001030393039B9B
:1052500003F056FA1F200CB0BDE8104003F08EBAE0
:10526000364C3948D4F8E03043F08003C4F8E030DD
:10527000D4F8E03003F080030493049BD4F8E030CA
:1052800043F00203C4F8E030D4F8E03003F0020346
:105290000593059BFFF756FFD4F8E8300022212044
:1052A00043F480031146C4F8E830D4F8E83003F43E
:1052B00080030693069BD4F8D83043F00103C4F86A
:1052C000D830D4F8D83003F001030793079B03F0DC
:1052D00017FA21200CB0BDE8104003F04FBA1B486C
:1052E000FFF730FF154B00224820D3F8E840114665
:1052F00044F40004C3F8E840D3F8E84004F40004A0
:105300000894089CD3F8D84044F00104C3F8D8406E
:10531000D3F8D83003F001030993099B03F0F0F9A7
:1053200048200CB0BDE8104003F028BA00540040FB
:1053300000580040005C0040001C00580044025827
:1053400044100024BC0D0024940E00246C0F002493
:105350002DE9F0431A4B87B000254FF010099E4607
:10536000EC46184BFF22E04667461A700EF118060D
:105370000EF13004CDE90055CDE90255ADF80090AD
:10538000BCE80F00CDE90455AEE80F009CE803002F
:105390000095ADF800908EE80300B8E80F000FC646
:1053A0009CE803000095ADF8009086E803000FCF5D
:1053B0000FC49CE8030084E8030007B0BDE8F08355
:1053C00004000024B80D002410B5EFF3108472B669
:1053D000084B1A78120602D504B962B610BD1B78C4
:1053E000D82205485BB202FB0300143003F0DEFF55
:1053F000F2E700BFB80D0024BC0D0024014805F001
:10540000CDBB00BF480E0024014805F0C7BB00BF5C
:10541000200F0024014805F0C1BB00BFF80F002495
:105420002DE9F0430F68D8243F4D85B007FB04F405
:10543000032F05EB0403036040DCCB680E46012B11
:105440003CD84DD04FF0D808B646DFF8FC9008FBAA
:105450000758BEE80F00C446ACE80F00DEF8003085
:105460000DF1100ECCF80030D8F808C099E80F0004
:105470000EE90F000EEB8703BCF1010F53F8103C4F
:10548000C8F88C3031D0BCF1020F42D0BCF1000F13
:1054900035D0317C8C34D823002201202C4403FBEE
:1054A00007534900C3E92602C3F894102046C3E914
:1054B0002822C3E92A2205F063F918B1012005B0BA
:1054C000BDE8F0830146204605F074FB0028F5D1C5
:1054D0000146204605F098FB003818BF0120EEE792
:1054E0000B7C103B672BADD9E8E702F055F80F4B6A
:1054F00098420CBF0E4B0F4BC8F89030C9E702F032
:105500004BF80A4B98420CBF0B4B0C4BC8F8903031
:10551000BFE702F041F8054B98420CBF084B094B1E
:10552000C8F89030B5E700BFBC0D0024000E270777
:105530002D0FB0303211D0205F4390608A62E0308E
:10554000200BA0101A098010444901082DE9F041F0
:10555000D0F8008082B00D4617461E4608F18C0434
:10556000204605F023FB2028FAD1D8F80C3073B977
:105570006D002046089C33463A46A9B2009405F0D7
:1055800055F9003818BF012002B0BDE8F081089B32
:1055900032463946204605F01DFAF2E7044B102248
:1055A0001A7483F8E82083F8C02183F898227047A2
:1055B000BC0D002430B5002395B04FF48071062255
:1055C00004460B9306921393CDE90C13CDE90E33E9
:1055D000CDE9113301F0E4FF07282BD004F11005C9
:1055E00041F2883206A9284606F020F928B10123A5
:1055F000184684F85C3015B030BD0222022306A99B
:105600002846CDE9002310220123CDE90223002200
:105610004FF48003CDE9042305224FF080730692F6
:105620006A460F9341F2883306F06CFA0028DED107
:1056300015B030BD0323012084F85C3015B030BDB7
:1056400070B50023A4B04FF080724FF4807504460B
:10565000ADF806300D93CDE910320122CDE90E539D
:10566000CDE91223CDE91433002943D0F02300F112
:10567000100508AEADF80630C02341F2883231463D
:105680002846089306F0D2F828B10123184684F87A
:105690005C3024B070BD41F288320DF1060128461D
:1056A00006F02EF903460028EFD105224FF4807151
:1056B0001E93284616924FF080721B9321931F92DF
:1056C00002AA9FED1F7BCDE91C13CDE922338DED9E
:1056D000027B9FED1D7B41F2883316A98DED047B83
:1056E0009FED1B7B8DED067B06F00CFA0028CCD1DC
:1056F00024B070BD00F1100508AE612341F288327C
:1057000031462846089306F091F80028BDD141F2B1
:1057100088320DF10601284606F070F90028B4D150
:10572000BDF80630204623F0780343F04003ADF87F
:105730000630FFF73FFF00289ED0A6E7AFF30080BA
:105740000000000001000000100000000100000047
:1057500000000000000040002DE9F04F00234FF44E
:10576000807501264FF0807804462DED028BABB09A
:105770008DF8073013932193299314950E96CDF845
:105780005C80CDE91533CDE91863CDE91A33CDE955
:105790002253CDE92433CDE9273306231C9301F0AE
:1057A000FFFE072808D004F1100741F288321CA937
:1057B000384606F03BF840B10123184684F85C30C7
:1057C0002BB0BDEC028BBDE8F08F4FF0020A4FF01A
:1057D000020B4FF0050941F2883308AA1CA938468C
:1057E000CDF89480CDF870909FED2D8BCDE908AB6E
:1057F0004FF0000A4FF4800B8DED0A8BCDE90CAB16
:1058000006F080F90028D7D141F2883238460EA937
:1058100006F00CF80028CFD1402341F288320DF178
:10582000070138468DF8073006F06AF80028C3D122
:1058300041F288330EA902AA3846CDF83890CDF847
:105840005C809FED197B8DED048BCDE906AB8DED72
:10585000027B06F057F903460028ADD1CDF87090D1
:105860004FF00109CDF894804FF00008219308AA69
:1058700029931CA938462295CDE92333CDE9273356
:1058800041F288338DED0A8BCDE90CABCDE9088967
:1058900006F038F9002893D0304684F85C608FE732
:1058A0001000000001000000400000004000000067
:1058B0002DE9F043624CA3B00D46046001F070FE88
:1058C000072800F0A980286823466968AA6807C3EA
:1058D0001E46AB8926F8043B3046257B677B05F0E6
:1058E00087FFE0B9574B012D4FF00108E0612361BC
:1058F00014BF4FF480134FF40003C4E9058893FAF2
:10590000A3F3B3FA83F34FF48079013BC4F82490F6
:10591000C4E90B003046236205F0FEFE38B10122D7
:10592000134684F85C20184623B0BDE8F083662354
:105930000B90139041F2883206A90693CDE90C90A2
:10594000CDE90E00CDE91100304605F06FFF0028CB
:10595000E5D1992341F2883206A93046069305F035
:1059600065FF0028DBD105231C9019906A4614932B
:105970004FF08073219014A91D9341F288339FED5D
:105980002A7BCDE91A90CDE91F008DED007B9FEDBC
:10599000287B30468DED027B9FED277B8DED047BD0
:1059A00006F0B0F80028BAD129462046FFF748FE95
:1059B0000028B4D12046FFF7CFFE03460028AED121
:1059C000002FB0D1189330460027002606AA14A94C
:1059D000CDF86890CDE91F33EB2314934FF4406367
:1059E0001B934FF4005317934FF440431C93A02391
:1059F0001693062319934FF0805321934FF0407371
:105A0000CDE906671D9306F0F5F8034600288AD015
:105A1000434684F85C8086E701230322184684F815
:105A20005C2023B0BDE8F08300000000010000000E
:105A30001000000001000000000000000000400015
:105A40001C110024005000522DE9F04F8FB0414B43
:105A50000024026800AF9A427C63C7E90944C7E9A1
:105A60000B4403D03C37BD46BDE8F08F3A4B40F6BF
:105A700009213A48EB46D3F8D42007F11C0607F178
:105A8000220A4FF0020942F480424FF00308C3F8A3
:105A9000D420D3F8D42002F48042BA60BA68D3F894
:105AA000E02042F04002C3F8E020D3F8E02002F00A
:105AB0004002FA60FA68D3F8E02042F02002C3F80E
:105AC000E020D3F8E02002F020023A613A69D3F8EE
:105AD000E02042F01002C3F8E020D3F8E02002F00A
:105AE00010027A617A69D3F8E02042F00202C3F82A
:105AF000E020D3F8E030F86103F002033984BB61A1
:105B0000174B7B60BB697B6853F8040F7B6001F027
:105B1000CBFE7B680546186801F0CEFE16F8013B07
:105B2000786207F124012846C7F830807B63C7E913
:105B30000A9403F08DFF5645E5D100225C20114602
:105B400002F0DEFD5C2002F019FE3C37DD46BD466A
:105B5000BDE8F08F00500052004402580A0A0909BB
:105B600078110024114B02689A4200D07047104A05
:105B700070B5D2F8D4300F4C23F4804304F11806EA
:105B8000C2F8D43054F8040F01F08EFE05462068A8
:105B900001F092FE0146284604F09AF8B442F1D191
:105BA0005C20BDE8704002F0F7BD00BF005000521D
:105BB0000044025878110024014806F0A7B800BF3D
:105BC0002C110024084B1A1D981D03F1080110B474
:105BD0009C1C9A6603F10A02C3E91834C3E91B014D
:105BE0005DF8044B5A6770471C11002438B50368F0
:105BF00071B9026A00F1280500F5AC74012A0CBFE6
:105C0000002140218BBB1D4B5722C0F858310DE0BD
:105C1000426A00F1C00500F5E874012A0CBF0021BA
:105C20004021EBB1164B5A22C0F8D0310023204658
:105C3000C4E901214FF480524FF4806163626261D4
:105C40004FF48042C4E903314FF48073C4E9062362
:105C50004FF40033236203F031F858B1FFBEFEE782
:105C6000084B5822C0F8D031E0E7074B5922C0F862
:105C70005831DBE7C5E92044A56338BD1000024078
:105C80007000024028000240580002402DE9F04315
:105C9000821D05468BB0031D05F10A010830CDE9D0
:105CA000052305F10C02AB69CDE907010992002B30
:105CB0003DD0EB69B3FA83F84FEA5818012302226A
:105CC00005AE0AAF4FF006090393CDE9012356F85C
:105CD000044B2B792278934216D02B68F3B1012B19
:105CE00002D1F2B10A230493204601F0E5FD0346F8
:105CF0002046009301F0D8FD694603F0A9FEBE429C
:105D0000E5D10BB0BDE8F083697963789942E4D1BD
:105D1000B8F1000FF3D02B68002BE0D1CDF8109034
:105D2000E2E76378022B14BF0A230823DBE74FF076
:105D30000108C3E7534A0368934230B505468BB068
:105D400055D02032934252D04F4A934204D0203251
:105D5000934201D00BB030BD4C4C4D48D4F8E030EC
:105D600043F00103C4F8E030D4F8E03003F001035D
:105D70000593059BD4F8E03043F00803C4F8E03005
:105D8000D4F8E03003F008030693069BD4F8E03023
:105D900043F04003C4F8E030D4F8E03003F04003AF
:105DA0000793079BD4F8F03043F40003C4F8F030B5
:105DB000D4F8F03003F400030893089BFFF766FF64
:105DC000D4F8D830296843F001032F4A3048C4F88A
:105DD000D830891AD4F8D83018BF012103F0010354
:105DE0000993099B0BB0BDE83040FFF7FFBE274C7D
:105DF0002848D4F8E03043F00103C4F8E030D4F888
:105E0000E03003F001030093009BD4F8E03043F04E
:105E10001003C4F8E030D4F8E03003F0100301932D
:105E2000019BD4F8E03043F04003C4F8E030D4F8EC
:105E3000E03003F040030293029BD4F8F03043F4C7
:105E40008003C4F8F030D4F8F03003F480030393F7
:105E5000039BFFF71BFFD4F8D830296843F00103F8
:105E6000084A0C48C4F8D830891AD4F8D83018BF7A
:105E7000012103F001030493049B0BB0BDE8304003
:105E8000FFF7B4BE04580140045C014000440258CE
:105E9000F013002494110024014803F087BA00BFD6
:105EA000EC120024014803F081BA00BF64130024FF
:105EB000014803F07BBA00BF48150024014803F0F5
:105EC00075BA00BFC01500241A4A0368934210B483
:105ED0000BD02032934208D0174A934216D020327A
:105EE000934213D05DF8044B7047144B0022D3F853
:105EF0005442C3F85822002CF4D0D3F84802D3E916
:105F0000931223465DF8044B520818470B4B0022AE
:105F1000D3F8B044C3F8B424002CE3D0D3F8AC24B5
:105F2000D3F8A814D3F8A404520823465DF8044B10
:105F3000184700BF04580140045C0140941100243C
:105F4000184A0368934210B40BD02032934208D011
:105F5000154A934217D02032934214D05DF8044B77
:105F60007047124BD3E994245208C3F85822002CEE
:105F7000F4D0D3E99201234601EB820100EB8200C9
:105F80005DF8044B1847094BD3F8AC24D3F8B04460
:105F90005208C3F8B424002CE0D0D3F8A814D3F8E6
:105FA000A404E8E704580140045C01409411002473
:105FB0002DE9F04F0C684FF41776754F87B004FB4E
:105FC00006F6012C07EB060AC0F800A000F3A0803B
:105FD0000D468E464FF00008D44669A3D3E900234E
:105FE00069A1D1E90001CDE9022306ABCAF85082CC
:105FF00003EB8403CDE9040153F810BC53F8083CCB
:10600000CAE992880193BEE80F00ACE80F00BEE831
:106010000F00ACE80F00019B9EE80300CAF828B00F
:10602000CAF8C0308CE803002B69042B0CD8DFE8D9
:1060300003F0737D879103004FF41773554A03FBF8
:1060400004739A64C3F8E020AA692B6A002A43D03B
:10605000002B4FF4177308BF022203FB047318BF11
:106060000322DA6201221A63EA696B6A002A40D1CC
:10607000191E4FF4177318BF012103FB0473C3E902
:1060800031126B69022B05D8434A12F80380434A48
:1060900052F823904FF4177306F128004246494600
:1060A00003FB04740023384463646363E365C4F84A
:1060B000DC30C4F8CC30C4F8F430C4E90F33C4E9A0
:1060C0001533C4E93533C4E93B33022307F0C0FE7E
:1060D000002849D0FFBEFEE7191E4FF4177318BF02
:1060E000012103FB0473C3E90B12EA696B6A002AFE
:1060F000BED0002B4FF4177308BF022203FB0473BA
:1061000018BF0322C3F8C4200122C3F8C820B8E78F
:10611000012007B0BDE8F08F4FF417734FF4FA5227
:1061200003FB04739A64C3F8E0208DE74FF4177300
:106130004FF47A5203FB04739A64C3F8E02083E7B8
:106140004FF417734FF4FA4203FB04739A64C3F8D5
:10615000E02079E74FF417734BF6803203FB0473AA
:106160009A64C3F8E0206FE706F1C00002234246BC
:106170004946384407F06CFE0028CAD0FFBEFEE74F
:1061800004580140045C014024580140245C014053
:106190009411002400770100A44A0108A84A0108CC
:1061A0000068704770B5046882B015460E46C4F8A2
:1061B0005032C4E99212069AC4F85422A269012A04
:1061C00026D0626A012A9AB211D0294604F1C00091
:1061D000019207F0F9FE236A019A012B10D029469B
:1061E00004F1280007F0F0FE002002B070BD04F1B9
:1061F000C000019207F07AFF236A019A012BEED1C9
:10620000314604F1280007F071FF002002B070BD94
:10621000226A012A9AB211D0294604F1280001927B
:1062200007F0D2FE636A019A012B10D0294604F1CF
:10623000C00007F0C9FE002002B070BD04F12800C4
:10624000019207F053FF636A019A012BEED13146A8
:1062500004F1C00007F04AFF002002B070BD00BF8B
:1062600003681B69042B05D8044A02EB830393EDF2
:10627000000A70479FED020A704700BFB44A010848
:1062800000803B470368D3F85802704770B500237D
:1062900004464FF4806204214FF440353448C4F87A
:1062A0003821C4F8D410C4F83431C4F84C11314941
:1062B000C4F8B000C4F82811C4E92F32C4E931335E
:1062C000C4E93335C4E93733C4E94F33C4E9513540
:1062D000C4E95533A2680323C4F8D830C4F8503158
:1062E000042A0AD8DFE802F01F262D3403005522C5
:1062F0005623C4F8B420C4F82C310022402304F102
:10630000B005C4F8B8202846C4F8303102F0D6FCF5
:1063100008B1FFBEFEE704F59476304602F0CEFCED
:10632000E8B1FFBEFEE725222623C4F8B420C4F856
:106330002C31E2E727222823C4F8B420C4F82C31FA
:10634000DBE73D223E23C4F8B420C4F82C31D4E767
:1063500053225423C4F8B420C4F82C31CDE704F1FF
:106360002803C4E92865C4F8E830C4F8603170BD7A
:1063700040040240580402402DE9F04F814683B0AA
:106380000E4617461D4600F12804204608F042FF3D
:1063900001288246F9D14846FFF778FF8046002859
:1063A00035D1EFF31083019372B6DFF888B00C9B00
:1063B00099F90820DFF880A0DFF88090CBF8003052
:1063C0000D9B89F80020CAF800300DB11846A84787
:1063D000BAB23146204608F093FA30B9019B03B9AE
:1063E00062B6404603B0BDE8F08F0023CBF8003022
:1063F000CAF80030FF2389F800300C9B8BB10121D3
:106400000D9888469847019B002BEAD1E8E70C9B42
:1064100053B1D0460D9851469847404603B0BDE869
:10642000F08F4FF00108D9E7D046404603B0BDE8F1
:10643000F08F00BF6C200024742000247020002402
:106440002DE9F04F814683B00E4617461D4600F1F8
:106450002804204608F0DEFE01288246F9D148468D
:10646000FFF714FF8046002835D1EFF31083019326
:1064700072B6DFF888B00C9B99F90820DFF880A08D
:10648000DFF88090CBF800300D9B89F80020CAF827
:1064900000300DB11846A847BAB23146204608F080
:1064A000F3FB30B9019B03B962B6404603B0BDE8C7
:1064B000F08F0023CBF80030CAF80030FF2389F8B2
:1064C00000300C9B8BB101210D9888469847019BA9
:1064D000002BEAD1E8E70C9B53B1D0460D9851460A
:1064E0009847404603B0BDE8F08F4FF00108D9E768
:1064F000D046404603B0BDE8F08F00BF6C200024BA
:1065000074200024702000242DE9F04F814683B0D0
:106510000F461646984600F12804204608F07AFEF9
:106520000128FAD182464846FFF7B0FE054600280A
:1065300038D1EFF31083019372B699F90830DFF880
:106540008890DFF888B089F800300D9BDFF880A0D4
:10655000CBF800300E9BCAF800300C9B0BB10E98A4
:1065600098471FFA88F33A463146204608F080FAE9
:1065700030B9019B03B962B6284603B0BDE8F08F7D
:106580000023CBF80030CAF80030FF2389F8003030
:106590000D9B8BB101210E980D469847019B002B56
:1065A000EAD1E8E70D9B4BB155460E985146984706
:1065B000284603B0BDE8F08F0125DAE755462846A6
:1065C00003B0BDE8F08F00BF702000246C200024D1
:1065D000742000242DE9F043002387B002220446F2
:1065E00005690493CDE90223D0E902128E00FAB1C5
:1065F000022D7AD02178B5FA85F54FF00108276A87
:106600000B294FEA551521D1A2780B2A02D0B8F1F7
:10661000000F38D123790B2B01D0002D6CD1A37939
:1066200017B10B2B40F09980002007B0BDE8F08334
:1066300035F002032178276A0CBF4FF001084FF0B4
:106640000008023D18BF01250B29DDD07D4B94F8D1
:1066500001C053F8262010780B2802D0884200F0A1
:10666000AD80D378D01C994202D10B2B40F0BD8075
:106670009379901D8B4202D10B2B40F0BC800120FE
:1066800007B0BDE8F083711C6E4BE07853F8213001
:1066900019780B2902D08A4200F0B580D97803F12D
:1066A000030C0B2902D08A4200F0BB80997903F1D8
:1066B000060C0B29E3D08A42E1D1DB798342DED19B
:1066C000634604F102099B784846059301F0ECF813
:1066D0008046484601F0F0F801A90190404603F0D9
:1066E000B7F923790B2B98D199E70178076A0B2921
:1066F00040F0868001258DE7B11C524A607952F83E
:10670000212011780B2902D08B4200F08180D178B2
:10671000D51C0B2902D08B4200F08D809179951DFC
:106720008B42ACD10B29AAD0D3798342A7D12A4678
:10673000251D93782846059301F0B6F803462846B0
:106740001D4601F0B9F801A90190284603F080F92F
:10675000A379002F7FF465AF66E7F11C394AE07931
:1067600052F8212011780B2901D08B425FD0D178CB
:10677000D51C0B2901D08B424FD09179951D8B42AE
:106780007FF47DAF0B293FF47AAFD37983427FF456
:1067900076AF2A46A51D93782846059301F084F824
:1067A0000446284601F088F8034601A920460193D3
:1067B00003F04EF9002007B0BDE8F083537863453D
:1067C0007FF44FAF93782046059301F06DF8814632
:1067D000204601F071F801A90190484603F038F90C
:1067E000A2780B2A7FF413AF14E7137963457FF483
:1067F0003FAF0246E6E7D37963457FF440AFF8E761
:106800009846012522E7597881427FF447AF58E73F
:10681000517881427FF47BAF8AE711798142ACD114
:10682000B7E7197981427FF441AF634649E7517870
:1068300081429CD1AEE7117981427FF46FAF2A4645
:1068400076E700BFF04A0108654A0368934200F00A
:10685000B980A2F57842934200F0B68002F58062DA
:10686000934200F0B38002F57842934200F0B0808A
:1068700002F5E052934200F0AD805A4A934240F054
:10688000AB8005234FF4D071574A01FB03F310B5D9
:10689000D418D05C86B001F017F8A07801F014F895
:1068A000207901F011F8A07901F00EF8A368052B0A
:1068B00011D8DFE803F0192F455B71034B4BD3F878
:1068C000F42042F02002C3F8F420D3F8F43003F0AF
:1068D00020030593059B2046FFF77CFE012801D08D
:1068E00006B010BDFFBEFEE7404B00222320D3F8C8
:1068F000F01041F48051C3F8F0101146D3F8F03095
:1069000003F480530093009B01F0FAFE232001F072
:1069100035FFE0E7354B00222420D3F8E81041F49E
:106920008041C3F8E8101146D3F8E83003F48043FF
:106930000193019B01F0E4FE242001F01FFFCAE750
:106940002A4B00223320D3F8E81041F40041C3F869
:10695000E8101146D3F8E83003F400430293029B99
:1069600001F0CEFE332001F009FFB4E71F4B0022F7
:106970005420D3F8F01041F40051C3F8F010114640
:10698000D3F8F03003F400530393039B01F0B8FEF7
:10699000542001F0F3FE9EE7144B00225520D3F85B
:1069A000F01041F48011C3F8F0101146D3F8F03024
:1069B00003F480130493049B01F0A2FE552001F020
:1069C000DDFE88E700235DE701235BE7022359E74B
:1069D000032357E7042355E700231B78FFDE00BF9E
:1069E00000300140001400584C16002400440258A6
:1069F0002DE9F043002289B01B4B01210DF1040C5D
:106A00009E461A4B0791E146E04667460EF11C068A
:106A10000EF138050EF15404CDE90122CDE903222F
:106A2000CDE90522FF221A70BCE80F00AEE80F0086
:106A30009CE807008EE80700B9E80F000FC69CE845
:106A4000070086E80700B8E80F000FC59CE80700BC
:106A500085E807000FCF0FC49CE8070084E8070013
:106A600009B0BDE8F08300BF0C01002470200024B1
:106A7000014808F0A3BA00BF74160024014808F0CA
:106A80009DBA00BF14180024014808F097BA00BF4F
:106A9000B4190024014808F091BA00BF541B002427
:106AA000014808F08BBA00BFF41C002410B5EFF3C6
:106AB000108472B6084B1A78120602D504B962B671
:106AC00010BD1B784FF4D07204485BB202FB030088
:106AD000B03002F06BFCF1E7702000244C1600246B
:106AE00010B5EFF3108472B6094B1A78120602D56E
:106AF00004B962B610BD1B784FF4D07205485BB282
:106B000002FB030000F5947002F050FCF0E700BFB8
:106B1000702000244C1600242DE9F04184B0EFF3DE
:106B2000108772B6284AFF21284C1368217023B1C0
:106B300000211160264A1068984723781B061CD54F
:106B4000DFF894800025234E4446216879B16268BD
:106B50006AB1A369012B22D0A3B9636930460193BE
:106B600023690093E3682289FFF76AFC18B30135B3
:106B70001C3406F5D076042DE7D107B962B604B00F
:106B8000BDE8F081D4E90430CDE90130E068238923
:106B900000903046FFF7B8FC0028E8D10BE0D4E9BC
:106BA00004301146CDE900303046E3682289FFF712
:106BB000E3FB0028DBD1C5EBC50508EB850348F8EE
:106BC00025005860D9E700BF6C2000247020002405
:106BD000742000244C1600240C0100242DE9F041FF
:106BE00084B0EFF3108772B6284AFF21284C13684F
:106BF000217023B100211160264A1068984723783C
:106C00001B061CD5DFF894800025234E44462168DE
:106C100079B162686AB1A369012B22D0A3B9636913
:106C20003046019323690093E3682289FFF708FC4B
:106C300018B301351C3406F5D076042DE7D107B919
:106C400062B604B0BDE8F081D4E90430CDE901308A
:106C5000E068238900903046FFF756FC0028E8D111
:106C60000BE0D4E904301146CDE900303046E3684A
:106C70002289FFF781FB0028DBD1C5EBC50508EBB6
:106C8000850348F825005860D9E700BF6C20002430
:106C900070200024742000244C1600240C010024D1
:106CA0002DE9F04184B0EFF3108772B6284AFF2136
:106CB000284C1368217023B100211160264A106806
:106CC000984723781B061CD5DFF894800025234EB7
:106CD0004446216879B162686AB1A369012B22D068
:106CE000A3B963693046019323690093E36822895D
:106CF000FFF7A6FB18B301351C3406F5D076042D3A
:106D0000E7D107B962B604B0BDE8F081D4E9043038
:106D1000CDE90130E068238900903046FFF7F4FBAD
:106D20000028E8D10BE0D4E904301146CDE9003069
:106D30003046E3682289FFF71FFB0028DBD1C5EB53
:106D4000C50508EB850348F825005860D9E700BF62
:106D50006C20002470200024742000244C16002491
:106D60000C0100242DE9F04184B0EFF3108772B6D6
:106D700007F08EFB284A294CFF21136821702BB1A4
:106D8000002111600121264A1068984723781B06CC
:106D90001CD5DFF894800025224E4446216879B145
:106DA00062686AB1A369012B22D0A3B96369304636
:106DB000019323690093E3682289FFF741FB18B32D
:106DC00001351C3406F5D076042DE7D107B962B63B
:106DD00004B0BDE8F081D4E90430CDE90130E068C9
:106DE000238900903046FFF78FFB0028E8D10BE0A5
:106DF000D4E904301146CDE900303046E3682289F9
:106E0000FFF7BAFA0028DBD1C5EBC50508EB85030F
:106E100048F825005860D9E76C2000247020002431
:106E2000742000244C1600240C0100242DE9F041AC
:106E30008F684FF4D0743E4E8C4607FB04F4052F48
:106E400006EB04050560AE46BCE80F00AEE80F0097
:106E5000BCE80F00AEE80F009CE803008EE80300DA
:106E600004D8EB68002B60D0012B02D00120BDE8D4
:106E7000F08100214FF4D07303FB07631A69032AE2
:106E8000F4D8D3F814C0ACF104001C28EED89B69E8
:106E90001BB1012BEAD14FF000734FF4D07000FB0F
:106EA0000760C06918B10128E0D14FF080704FF43D
:106EB000D07505FB0765D5F820E0BEF1020FD5D8E7
:106EC000D5F82480B8F1070FD0D85204E962C5E99B
:106ED0000E300CF1FF332A6304F128006B634FEA94
:106EE000087330446B640023C5E91233C5E91433D9
:106EF000C5E91833C5E91A33C5E91C33AB67C5F8D2
:106F000080300C4B53F82E200B4B2A644FF08042FC
:106F100053F82730EA65AB624FF00043EB6707F0A8
:106F2000B7FA0028A3D0FFBEFEE74FF48001A1E727
:106F30004C160024E04A0108C84A0108006892B2D1
:106F400008B5283007F052FB003818BF012008BDF3
:106F500030B4544B002108220220534CD9615862AE
:106F6000C3F8BC11C3F8C401C3F85C13C3F86403CD
:106F7000C3F8F424C3F8F814C3F8FC14C3F80405E8
:106F8000C3F89426C3F89816C3F89C16C3F8A40651
:106F9000C3F83428C3F83818C3F83C18C3F84408B9
:106FA000424D4348C3E90521C3E96D21C3E9D52119
:106FB0002288A3783F49EA80CA800B723E492B722F
:106FC000CA800B722168A0F803204371C28003724B
:106FD0003A4C3B48E2802372A0F80320394C4371BD
:106FE000C28003723848E2802372A0F80320374C35
:106FF0004371C2800372080C2180A070A4F80320A2
:107000006371E2802372324C324D2180A070A4F86B
:1070100003206371E28023722F4CEA8021802B725F
:10702000A070A4F803206371E28023722B4C2180AE
:10703000A070A4F803206371E2802372284C2180A1
:10704000A070A4F803206371E2802372254C218094
:10705000A070A4F803206371E2802372224C218087
:10706000A070A4F803206371E28023721F4C21807A
:107070001F49A070A4F803201E486371E2802372A8
:10708000A1F803201C4C4B71CA800B721B49E28093
:107090002372C2800372A1F803204B71CA800B7265
:1070A00030BC70474C160024EC4A010894000024C0
:1070B000B8000024880000244C000024A000002414
:1070C000DC000024C4000024640000243C200024D0
:1070D00024200024D0000024302000240C20002490
:1070E000602000244820002454200024182000247C
:1070F00000010024F4000024E800002470000024B3
:10710000704700BF08B500F0DFFCBDE8084001F0A3
:10711000BFBB00BF064808B503680BB102F0AAFE6A
:10712000044803681BB1BDE8084003F099BD08BDE1
:107130008824002480200024064808B503680BB189
:1071400002F098FE044803681BB1BDE8084003F054
:1071500087BD08BD8824002480200024064808B587
:1071600003680BB102F086FE044803681BB1BDE85A
:10717000084003F075BD08BD882400248020002449
:10718000364BDA6A520062D59A6A9A6A9A6A9B6AA0
:10719000180600D500BE314B9B6A990600D500BE8B
:1071A0002E4B9B6ADA0600D500BE2C4B9B6A1B0750
:1071B00000D500BE294B9B6A980700D500BE274B1F
:1071C0009B6AD90700D500BE244B9B6A1A0400D5E0
:1071D00000BE224B9B6A9B0400D500BE1F4B9B6ADE
:1071E000D80400D500BE1D4B9B6A190500D500BE12
:1071F0001A4B9B6A5A0500D500BE184B9B6A9B052B
:1072000000D500BE154B9B6AD80500D500BE134BB8
:107210009B6A990100D500BE104B9B6ADA0100D52C
:1072200000BE0E4B9B6A1B0300D500BE0B4B9B6A36
:10723000580300D500BE094B9B6A990300D500BED8
:10724000064B9B6ADA0306D400BE00BEFEE7DB6A8B
:107250009B07FAD5F8E700BEF6E700BF00ED00E0B7
:1072600000F03EBC00F042BC0A4B9B6803F178433F
:10727000B3F5003F0BD3084B986848B198680128D4
:1072800006D09868022803D09B680320704701202D
:10729000704700BF00ED00E0000080382DE9F041AC
:1072A000CEB004464C2200210AA80CF019FF20227F
:1072B000002102A80CF014FFBC2200211EA80CF033
:1072C0000FFF022004F040F92368012B4FF0000368
:1072D00054D0534A02250193C820D16A514B21F062
:1072E0000101D162D26A02F0010201929A6942F46C
:1072F00040429A619B6903F440430193019B494AD0
:1073000093699B04FCD548490224002201268B6A1C
:1073100004274FF0080823F0030323438B6205235F
:1073200016900AA818934FF4803310961794199466
:107330001597CDF86880CDE91B222122CDE91344B1
:10734000CDE90A2304F0EAFD00B1FEE73F22032362
:10735000294602A8CDE9022300220823CDE904230F
:1073600040224023CDE9062340234FF48062CDE93B
:10737000082305F001F90346B8B1FEE7294A0425C0
:107380000093F0209169264B41F44041916192694C
:1073900002F440420092DA6A42F00102DA62DB6AE9
:1073A00003F001030093009BA9E720224FF48051D2
:1073B00025934FF440152B9280222D931EA83093D5
:1073C000269135914FF48071249234920C2233949B
:1073D000439140F2271120921022CDF884802A9701
:1073E0001F96CDE92E34CDE93B334FF48033CDE900
:1073F00022463193002446930623CDE93E45279348
:107400004FF48063094C2C931E94CDE9281205F0AB
:107410000FFB00B1FEE704F0BDF84EB0BDE8F0810F
:107420000004005800480258004402580F130F038C
:1074300070B584B0012401F0D9F94FF480764FF093
:107440004052194B68460025ADF800400396CDE93F
:10745000012301F0E9F919224FF0404368468DF805
:10746000082001938DF80F40ADF80D608DF80140B4
:107470008DF80A5001F0D8F902230B2268468DF8E6
:107480000F508DF801304FF062538DF808200193B2
:10749000ADF80D408DF80A4001F0C6F9042001F066
:1074A000B3F904B070BD00BF0E00010330B50D4646
:1074B000044685B0D1E9000184E8030000F0D4FA65
:1074C000AB79A3B30AF0BCFCFDF742FFFFF790FADB
:1074D0000AF0AEF92B798BBB6B799BB1BFF34F8F61
:1074E000BFF36F8F2A4B0022C3F85022BFF34F8F98
:1074F000BFF36F8F5A6942F400325A61BFF34F8F66
:10750000BFF36F8F4FF0FF32002300240025694640
:10751000204802928DF80C30CDE9004509F01AFDA3
:107520001C4809F07FFD09F0CDFB05B030BD2046B9
:10753000FFF7B4FE2046FFF77BFFC3E7144C0023A0
:10754000C4F88430BFF34F8FD4F8801043F6E07E48
:10755000C1F34E3CC1F3C9014FEA4C1C0CEA0E00CA
:107560000B4640EA8372013BC4F860225A1CF8D1F2
:10757000ACF1200C1CF1200FF0D1BFF34F8F6369E9
:1075800043F480336361BFF34F8FBFF36F8FA3E783
:1075900000ED00E07820002405F01EB905F038B9B0
:1075A0001C4B9B6803F17842B2F5003F25D3B3F53D
:1075B000803F20D303F16042B2F5003F1FD303F1B7
:1075C0005C42B2F5002F1CD303F17042B2F5902F4C
:1075D00019D303F14842B2F5803F16D303F180423C
:1075E000B2F1806F13D303F1E043B3F5000F2CBF6A
:1075F00008200720704701207047002070470220B4
:10760000704703207047042070470520704706200C
:10761000704700BF00ED00E003480023034A04491F
:1076200003600CF06FBA00BF782000240000002433
:107630000171000810B4204C0022204B83B0D4F814
:1076400088101F4841F47001C4F8881019681D4C57
:1076500041F0010119601A61196808401A4918605F
:107660009A61DA611A629A62DA621A635A639A63F9
:10767000DA631A645A64186820F4802018601A6665
:10768000D3F8DC2042F06042C3F8DC20D3F8DC30D1
:107690000193019B23681940B1F1005F03D20B4BAA
:1076A0000122C3F80821044B4FF000629A6003B036
:1076B0005DF8044B704700BF00ED00E00044025845
:1076C0007FEDF6EA0010005C0000FFFF0080005133
:1076D00000F57171D0F8040408F0DCBEC1EBC10301
:1076E00000EB8303D0F80404D3F8082208F000BFAD
:1076F000C1EBC10300EB8303D0F804049A6C08F0DB
:1077000035BF00BFD0F8040408F0D4BFC16810B57D
:10771000044619B1022900D0FEE70121D4F804047F
:1077200008F0B2FFD4F80404BDE8104008F084BFAC
:1077300010B50446D0F8040408F0AAFF2268D2F875
:10774000003E43F00103C2F8003E236A23B1034A1E
:10775000136943F00603136110BD00BF00ED00E0A4
:10776000D0F8040408F09EBFD0F8040408F0B2BFBB
:10777000D0F8040408F0ACBFD0F8040408F0ACBFA3
:10778000D0F8040408F0AABF9446D0F898021A462C
:1077900008B5634603F0C8FD032802D8024B185C05
:1077A00008BD022008BD00BF604B0108D0F8980258
:1077B00008B503F047FE032802D8024B185C08BD49
:1077C000022008BD604B0108D0F8980208B503F00C
:1077D0007DFE032802D8024B185C08BD022008BDBC
:1077E000604B01080A06D0F8983206D4C1EBC101FB
:1077F00003EB810191F8FE01704701F07F01C1EBBD
:10780000C10103EB810191F83E007047D0F8980266
:1078100008B503F073FD032802D8024B185C08BDBD
:10782000022008BD604B0108D0F8980208B503F0AB
:10783000E1FD032802D8024B185C08BD022008BDF8
:10784000604B0108D0F8980208B503F0ABFD03289F
:1078500002D8024B185C08BD022008BD604B01082D
:10786000D0F8C00209F0E8B9D0F8C00209F0FCB9BC
:10787000D0F8C00209F004BA704700BFD0F8C002C7
:1078800009F0EAB9D0F8C00209F0EAB9D0F8D0039B
:1078900008B502F0AFFE032802D8024B185C08BD01
:1078A000022008BD644B0108024B027853F8220005
:1078B000704700BF884B0108024B427833F8120032
:1078C000704700BF684B01088CB00A2814D8DFE865
:1078D00000F01523313F4D5B6977859306004D4BD2
:1078E000D3F8E02042F48062C3F8E020D3F8E0301F
:1078F00003F480630B930B9B0CB07047454BD3F89C
:10790000E02042F00102C3F8E020D3F8E03003F0B9
:1079100001030193019BEFE73E4BD3F8E02042F0D7
:107920000202C3F8E020D3F8E03003F00203029330
:10793000029BE1E7374BD3F8E02042F00402C3F8A2
:10794000E020D3F8E03003F004030393039BD3E774
:10795000304BD3F8E02042F00802C3F8E020D3F81F
:10796000E03003F008030493049BC5E7294BD3F8E8
:10797000E02042F01002C3F8E020D3F8E03003F03A
:1079800010030593059BB7E7224BD3F8E02042F0A4
:107990002002C3F8E020D3F8E03003F02003069380
:1079A000069BA9E71B4BD3F8E02042F04002C3F846
:1079B000E020D3F8E03003F040030793079B9BE7F8
:1079C000144BD3F8E02042F08002C3F8E020D3F853
:1079D000E03003F080030893089B8DE70D4BD3F84C
:1079E000E02042F48072C3F8E020D3F8E03003F4E2
:1079F00080730993099B7FE7064BD3F8E02042F49C
:107A00000072C3F8E020D3F8E03003F400730A9367
:107A10000A9B71E700440258704700BF0F4B1B7868
:107A20000BB90120704710B504464FF47A700C4A28
:107A3000B0FBF3F31068B0FBF3F000F0C1FE0F2CC5
:107A400000D808B1012010BD002221464FF0FF30C0
:107A500000F056FE034B00201C6010BD8C0100247A
:107A60007C0100249001002438B50320124D00F061
:107A700035FE124C04F0E0FC114A12499369C3F33D
:107A80000323CB5C03F01F0320FA03F30E202B60CB
:107A9000926902F00F028A5C02F01F02D340236059
:107AA000FFF7BCFF10B10124204638BD0446FFF7A4
:107AB000B3FF204638BD00BF7C01002480010024B4
:107AC00000440258504B0108034A044B11681B78CC
:107AD0000B441360704700BF4C2700248C01002426
:107AE000014B1868704700BF4C27002438B5044686
:107AF000FFF7F6FF0546631C02D0044B1B781C44BD
:107B0000FFF7EEFF431BA342FAD338BD8C010024DC
:107B1000014B1868000C70470010005C704700BFF4
:107B2000806B08B5FFF7FAFF08BD00BF836B5A6D85
:107B300012F0500F5A6D10B51DD1196842F4007241
:107B40005A650A6812F0080FCA681BD012F4406F19
:107B50000DD1CA6894040AD45A6D22F480725A6511
:107B60005A6DD10403D45A6D42F001025A65184689
:107B7000FCF7CCFE10BDD2060AD4DB6CBDE8104089
:107B8000DB6C18479007E7D01846FCF7BFFEF1E71B
:107B90001846FCF75FFF10BD806B08B5436D43F0DE
:107BA00040034365836D43F004038365FCF752FF94
:107BB00008BD00BFF0B5002283B0019290F85020BC
:107BC000012A00F01C81034601201A6883F8500046
:107BD0009468640700F18A800C68C4F31305002DD3
:107BE00040F08F80C4F38464A0404D684FF01F0EB6
:107BF000D6694FEA951C30430CF00C0CD06105F0AF
:107C00001F0002F1300584400EFA00FE5CF805000A
:107C100020EA0E0004434CF80540906840076ED4FB
:107C2000956815F0080547D10C68072002F1140685
:107C3000B94F4FEAD45CC4F304540CF0040C00FABE
:107C400004FE886800FA04F45CF8060020EA0E00DE
:107C500020434CF80600386800F07040B0F1805FB7
:107C600000F0C580D068D668C70600F1E880C6F38A
:107C700082064869760000FA06F60F69042F00F0C4
:107C8000C18002F16004086854F827C000F0F84091
:107C90000CF0004C40EA0C00304344F82700487ECA
:107CA0000E69012854F8260008BF4FF0004520F067
:107CB0000040054344F826509068C40714D4CE68A9
:107CC000086806F01807954CD2F8C050FC40C0F385
:107CD0001307044025EA07052C43C2F8C040904C26
:107CE000A64246D0002816DB002003E05A6D42F081
:107CF00020025A65002283F8502003B0F0BD90683E
:107D0000DAE794FAA4F5B5FA85F5C4F3846405F0CE
:107D10001F05A84069E783498A4200F0B68001F553
:107D200080718A4200F0B1807F4D804CA968A468C0
:107D300001F0E076E44304F00104002C00F0B4808C
:107D40007B4CA04200F0FC807A4CA04200F01A81EB
:107D5000794CA042C8D14902C6D474498A42C3D1E1
:107D6000AA68002022F0E072324342F48002AA6046
:107D7000C0E7002F6AD090FAA0F4B4FA84F401347A
:107D800004F01F04092C00F2A48090FAA0F4B4FAC5
:107D900084F490FAA0F5B5FA85F501340126013591
:107DA000A40605F01F0504F0F84406FA05F52C4377
:107DB00090FAA0F0B0FA80F0304400F01F0000EB21
:107DC000400000052043C60D02F11405C0F3045025
:107DD000072406F0040604FA00F7745924EA07049D
:107DE0008F6807FA00F02043705108687AE7D66878
:107DF0004869C6F38206760000FA06F63DE70220DF
:107E000003B0F0BD106E0C6800F0F840A506B0EBB2
:107E1000846F30D0506E00F0F840854226D0906ECE
:107E200000F0F84085422BD0D06E00F0F84085423B
:107E30007FF442AFD06E20F00040D0663CE7760879
:107E4000486906F0080600FA06F616E7800E441C9C
:107E500004F01F06092E2DD8A406012004F0F844D2
:107E6000B040044306EB46000005ABE7506E20F03F
:107E700000405066D3E7106E20F000401066C9E75E
:107E8000906E20F000409066CEE7264C2B4D04F516
:107E90008074A96854F8F86CA468344301F0E07663
:107EA000E44304F0010448E75A6D012042F0200247
:107EB0005A651FE706EB4600A50601241E3805F0AB
:107EC000F84504FA06F60005354340F000702843F3
:107ED00079E790FAA0F5B5FA85F590FAA0F4B4FA2E
:107EE00084F4013501260134AD0604F01F0405F0C9
:107EF000F84506FA04F4254390FAA0F4B4FA84F4A1
:107F0000344404F01F0404EB4404A4F11E000005F3
:107F100040F00070DBE700BF0010005CFFFF0F00C7
:107F20000000FF4700200240006302580060025832
:107F3000000084CB000052C70000B8CF00230240ED
:107F400008023FF5D1AE17498A427FF4CDAE164AFA
:107F5000A9681268154821F0E07192093143A0FB2D
:107F6000020241F400019209A96052000192019AB3
:107F7000002A3FF4B9AE019A013A0192019A002A0F
:107F8000F9D1B1E611F080707FF4AEAE05498A42B6
:107F90007FF4AAAEAA6822F0E072324342F0807207
:107FA000AA60A7E6006002587C010024632D3E050C
:107FB00003689A68D20701D5002070479968214A62
:107FC000114270B5044608D0636D012043F01003E0
:107FD0006365A36D0343A36570BD99681A4A0A409F
:107FE00042F001029A60FFF77BFD2368174A0546BD
:107FF00093421ED002F5807293421AD0144A9268BE
:10800000114E0AE09A68324042F001029A60FFF78E
:1080100067FD401B0228D7D823681A68D2070FD4FF
:108020009A68D107EED5FFF75BFD401B0228F3D914
:10803000CAE7084A9268D006E2D0074A9342DFD1E5
:10804000002070BD3F000080C0FFFF7F0020024085
:108050000063025800230240002102402DE9F04154
:108060003A4D044600680F461646A84219D0384BD0
:10807000984216D0374DAB688068420716D494F802
:108080005020012A12D003F01F080122B8F1090F75
:1080900084F850200DD90023012084F85030BDE829
:1080A000F0812D4DAB6880684207E8D50220BDE81D
:1080B000F08140F2212323FA08F3DB4313EA02059F
:1080C000E9D12046FFF774FF002839D1626D234BB8
:1080D0002168134043F480736365B8F1000F02D048
:1080E0001B4B994203D0636D23F480136365636D6A
:1080F00013F4805328D0A36D23F00603A365E06C2E
:108100003346174D3A464031C563164D0564164D4A
:10811000C5641C2541F8405C002584F8505051F896
:108120003C5C45F0100541F83C5C00F085FF22689E
:108130000E4B91680B4043F004039360BDE8F0815F
:1081400084F85050BDE8F081A365D8E700200240D4
:10815000002102400063025800230240FEF0FFFFAE
:108160002D7B0008217B0008997B0008C0FFFF7F62
:1081700038B503689A68910702D59B68002038BD1E
:108180009A68D20723D59A68044602F00D02012AA4
:1081900008D0636D012043F010036365A36D0343B2
:1081A000A36538BD986803210A4A024042F00202E2
:1081B0009A601960FFF794FC054604E0FFF790FC15
:1081C000401B0228E5D823689B68DB07F6D4002013
:1081D00038BD00BFC0FFFF7F38B5574A044603686B
:1081E000934226D002F58072934222D0534B9B6873
:1081F00013F4403F22D004F0D9FA63680546B3F582
:10820000003F00F08880B3F5403F70D0B3F5803F69
:1082100000F08180FFF77CFC41F2030398422DD8E7
:10822000474B9D425DD92268936843F48073936005
:1082300038BD444B9B6813F4403FDCD14FF4002021
:1082400005F080FB63680546B3F5101F6DD008D8B4
:10825000B3F5E01F55D01AD9B3F5001FDAD145099F
:10826000D8E7B3F5201F4AD0B3F5301FD2D1FFF7BE
:108270004FFC41F20303984233D92D0A324B9D4201
:108280001DD82268936823F44073936038BDB3F51A
:10829000801F06D00AD9B3F5A01F02D0B3F5C01FC6
:1082A000B8D19B0C5B00B5FBF3F5B3E7B3F5002F3A
:1082B000F7D023F40022B2F5802FF2D0AAE7234BA7
:1082C000234A2B4493421ED9224B234A2B449342E8
:1082D000226893682BD823F4407343F400739360AF
:1082E00038BD2268936823F48073936038BD850895
:1082F000FFF70EFC41F203039842BFD890E7C5098F
:1083000088E7050986E72268936823F4407343F4FD
:108310008073936038BD1B0CB5FBF3F5FFF7F8FBDA
:1083200041F203039842A9D87AE7850972E743F43A
:108330004073936038BD00BF0020024000630258C4
:10834000002D310100230240105E5F00EFA1A0FF6D
:108350000F5E5F00DF4341FF1FBCBE0030B500234E
:1083600083B00193002800F0D080456D0446002DB5
:1083700000F0BA80226893689B0003D59168714B26
:108380000B4093609368DD0015D46F4B90686F4984
:108390001B6801406E489B0941F08051A0FB03031C
:1083A00091609B090193019B2BB1019B013B0193C0
:1083B000019B002BF9D19368D80024D4636D01256B
:1083C00043F010036365A36D2B43A365936813F01B
:1083D000040F636D1DD1D9061BD4636D23F4817323
:1083E00043F0020363659368DB0728D4594B9A4234
:1083F00017D003F580739A4213D0574B9B68D90767
:108400001DD4564A15E09368002513F0040F636DE0
:10841000E1D0636D012543F010032846636503B086
:1084200030BD4C4A4E4B92689B681343D80706D424
:108430004C4A9368616823F47C130B439360FFF705
:1084400067FB41F20303A1689842237F52D894F856
:1084500015C01A04206B42EA4C3202430A43012B36
:1084600003D1236A013B42EA4342636A23B103F426
:108470007873A16A0B431A4323683B49D8680140CB
:108480000A43DA609A6812F0040F9A681CD1120746
:108490001AD4D868354A217D024042EA8132E16A25
:1084A0000A43DA6094F83820012A3AD01A6922F097
:1084B00001021A611A692046616B22F070420A4378
:1084C0001A61FFF789FE2368E268012A21D01A6B3E
:1084D00022F00F021A63636D284623F0030343F072
:1084E0000103636503B030BDFCF7BEF9A56584F8F0
:1084F00050503FE71029AAD1617D1A0442EA413267
:10850000216B0A4342F01C02A9E70125284603B06B
:1085100030BD196BA26921F00F01013A0A431A63B9
:10852000D9E7D4E9102118690A43114901400A43E7
:10853000A16C0A43E16B42EA014242F001021A6176
:10854000B8E700BFC0FFFF5F7C010024C0FFFF6FE2
:10855000632D3E050020024000600258006302586F
:10856000002102400023024003C0F0FFFCBFFFFFD8
:108570001EF800FCF0B5002383B0019390F8503052
:10858000012B40D0012304460E46154680F850309A
:10859000FFF7EEFDE8B9676D05F080421B4B06F46E
:1085A00080311B4D3B401B4F43F002036365236842
:1085B0009E68354015430D4345F000459D609A681F
:1085C000002A0FDB636D23F0030343F001036365AF
:1085D00003E0636D43F010036365002384F85030BB
:1085E00003B0F0BD019A01320192019ABA42E6D974
:1085F000636D0022012023F0120384F8502043F021
:1086000010036365ECE7022003B0F0BDFDEEFFFF51
:10861000C0FFFE3FFF955A55F0B490F850200E6809
:10862000012A49D00346294A01201C6883F85000DA
:10863000944208D05A6D002142F0200283F8501075
:108640005A65F0BC7047224DAA6852070AD5A26845
:108650005A6D012042F020025A65002283F8502012
:10866000F0BC7047A06810F00400F1D1C6B1DFF88B
:1086700068C04F68DCF8082022F440423A43CCF846
:108680000820A468AA682243D40713D48A68DCF8B7
:10869000081016430F4A0A401643CCF80860DCE77E
:1086A0000D498A6822F440428A60A068AA680243A1
:1086B000D00704D50020D0E70220F0BC70478C68BA
:1086C0003046044A22408A60C7E700BF00200240CB
:1086D00000210240E0F0FFFF0023024006494FF670
:1086E000FF0C0002054BCA6800F4E06002EA0C02CD
:1086F00010430343CB60704700ED00E00000FA0533
:108700001B4BDB68C3F3022300B5C3F1070E03F173
:10871000040CBEF1040F28BF4FF0040EBCF1060F8D
:108720001AD9033B4FF0FF3C0CFA03FC22EA0C027F
:108730004FF0FF3C00280CFA0EFC21EA0C0101FA74
:1087400003F141EA02010ADB09010A4BC9B2034401
:1087500083F800135DF804FB00221346E8E700F0FD
:108760000F000901044BC9B2034419765DF804FBFC
:1087700000ED00E000E100E0FCEC00E0002807DB99
:1087800000F01F0101234009024A8B4042F82030CB
:10879000704700BF00E100E000280DDB4309012223
:1087A00000F01F000549203302FA00F041F82300D1
:1087B000BFF34F8FBFF36F8F704700BF00E100E042
:1087C000431EB3F1807F0CD24FF0E0220020064917
:1087D0004FF0F00C5361072381F823C090611361BF
:1087E00070470120704700BF00ED00E0BFF35F8FCE
:1087F000044B00215A6A22F480325A62C3F8941062
:10880000704700BF00ED00E0064B40F00100C3F8E8
:1088100094005A6A42F480325A62BFF34F8FBFF31A
:108820006F8F704700ED00E0174A4378C2F8983028
:10883000017821B3436800B5C2F89C30C37A90F840
:108840000CC01B0690F80FE043EA0C7390F80AC0C6
:108850000B43817B43EACC4390F80DC043EA8C4341
:1088600090F809C043EA4143017A43EA0E4343EAE0
:108870000C2343EA4103C2F8A0305DF804FBC2F8C0
:108880009C10C2F8A010704700ED00E0704700BFD8
:1088900008B5FFF7FBFF08BD88B110B503790446A2
:1088A00003F0FF023BB1002302210122217118468F
:1088B0002361227110BD4271FCF7CEF8F3E701206D
:1088C000704700BF4279012A28D00346022200687F
:1088D00001F0100C10B41A710122046802FA0CF2B3
:1088E00022430260026879B902F03E02022A03D1F3
:1088F000426842F001024260002201215A71104692
:1089000019715DF8044B704702F47812B2F5003F1C
:10891000F2D1426842F002024260EDE70220704765
:1089200010B4006883B000240194019051B90199FA
:1089300008310A440192019A0020136003B05DF8E7
:10894000044B7047019914310A440192F3E700BFC8
:10895000704700BF03681A68910410B5044602D539
:108960005A6B920418D41A68910002D55A6B92007F
:1089700000D410BD04224FF000512046227122691C
:1089800042F00202226159631A6822F08052BDE867
:1089900010401A6000F0AAB804224FF4005102718E
:1089A000026942F00102026159631A6822F480529E
:1089B0001A60FFF7CDFF2368D5E700BF2DE9F0412E
:1089C00043790E460968012B00F08A8001230429AF
:1089D0000446154643714FF0020303713AD002F08A
:1089E000100023683269012A2AD0D6E902252A43D9
:1089F00007250A43716805FA00F6DD6B8240814065
:108A000025EA06052A434FF48045DA6385401A6853
:108A100022EA050240F6FE751A6085401A6822EACD
:108A2000050201251143C022196082401868002107
:108A300020EA02001860084625716171BDE8F081E6
:108A40001F259A6B854022EA0505726982402A43F8
:108A50009A63CAE7D2B9FFF743F8DFF88C8007467C
:108A600004E0FFF73DF8C01B012830D823685B6B9A
:108A700013EA080FF5D10120FFF738F82368B2692F
:108A80001A640DE0FFF72CF8012820D823685B6BEF
:108A9000002BF7DB0120FFF729F82368B2695A643D
:108AA00005F0100040F2FF319A6C814022EA010289
:108AB000F16981400A43FF219A648140DA6C22EA1D
:108AC0000102316A81400A433168DA648AE7236926
:108AD000032243F00803104623612271BDE8F081B0
:108AE0000220BDE8F08100BF00800020704700BF79
:108AF0000268344B344930B4344D354CAA4218BF67
:108B00009A420CBF012300238A4208BF43F00103AD
:108B10003031A24208BF43F0010330348A4208BF1B
:108B200043F001033031A24208BF43F00103303467
:108B30008A4208BF43F0010301F55C71A24208BFFD
:108B400043F0010304F55C748A4208BF43F001035B
:108B50003031A24208BF43F0010330348A4208BFDB
:108B600043F001033031A24208BF43F00103303427
:108B70008A4208BF43F001033031A24208BF43F0EC
:108B800001038A4208BF43F0010313B9114B9A4213
:108B900013D1D3B21049114C103BA1FB03515F2BF1
:108BA0000F4BC1F3021103EA0203615C88BF043377
:108BB000C1658365184630BC704722F0FF038365AA
:108BC000F8E700BF100002404000024028000240C9
:108BD00058000240B8040240ABAAAAAA24530108D4
:108BE00000FCFFFF0368294A294930B4294D2A4C6B
:108BF000AB4218BF93420CBF012200228B4208BF38
:108C000042F001022831A34208BF42F00102283499
:108C10008B4208BF42F001022831A34208BF42F054
:108C200001028B4208BF42F0010212B91B4A934273
:108C300013D1DBB21A4C1B4A0121083B1A4DA4FB8D
:108C40000343456602EB1312C3F30413920001FAC7
:108C500003F30266836630BC7047DAB21349144CE2
:108C60001944103AA829A4FB02234FEA131300D891
:108C70000833104A03F01F0501210F4C1A44A94084
:108C80004466920081660266E5E700BF0854025818
:108C9000305402581C5402584454025894540258F8
:108CA000CDCCCCCC0096001680580258F0FBFDBF0E
:108CB000ABAAAAAA008200108008024070B5044640
:108CC000FEF70EFF002C00F0C68023680546954A8B
:108CD000934248D01832934245D0303292498B4269
:108CE00018BF934201F130010CBF012200228B42D8
:108CF00008BF42F0010218318B4208BF42F0010266
:108D000018318B4208BF42F0010218318B4208BF74
:108D100042F0010201F556718B4208BF42F0010298
:108D200018318B4208BF42F0010218318B4208BF54
:108D300042F0010218318B4208BF42F001021831A3
:108D40008B4208BF42F0010218318B4208BF42F04B
:108D5000010218318B4208BF42F001021AB9734A6E
:108D6000934240F0F5800222002184F8352084F8F7
:108D700034101A6822F001021A6005E0FEF7B0FE16
:108D8000431B052B40D823681A68D107F6D4D4E9D1
:108D9000022521692A43A0691D680A4361690A43C3
:108DA000E16902430A4362492940256A2A430A438A
:108DB000616A04292FD01A605A6922F00702114310
:108DC00059612046FFF794FEE26D3F2302F01F0237
:108DD000934083602046FFF705FFA368802B3CD0BB
:108DE0006368A06EDAB2013BD4E91851072B2A6000
:108DF000486026D90023C4E91B33636700200123A0
:108E0000606584F8353070BD20220323012062653F
:108E100084F8353070BDD4E90B5129430A431A60F8
:108E20005969A26A21F00701114341F00401002DA4
:108E3000C6D000284FD1012A6ED032F00202BFD135
:108E400051E0501E072810D9626FD4E91B31002071
:108E500018604A60D2E7012070BD0023A16ED4E9FA
:108E60001802636003605160C4E72168314B324DE2
:108E7000A94218BF994205F114050CBF0123002334
:108E8000A94208BF43F001031435A94208BF43F0CB
:108E900001031435A94208BF43F001031435A94268
:108EA00008BF43F001031435A94208BF43F0010392
:108EB0003BB9224B994204D0214B224913449B00D9
:108EC00003E0214B214913449B0001228240C4E965
:108ED0001B316267BBE7B0F5005F0ED0022A05D9EF
:108EE000032A7FF46DAFEA017FF56AAF01234022C8
:108EF0001846626584F8353070BD032A3FF660AFCE
:108F000001A050F822F000BFED8E0008E78E0008A7
:108F1000ED8E0008198F0008B5F1C07F7FF450AFC7
:108F2000E4E700BF1000024040000240B8040240E5
:108F30003F8010FE085402581C54025894540258A2
:108F40003F820010400902403F96001640590258E7
:108F5000324A33483349834218BF934200F1280014
:108F60000CBF012200228B4208BF42F001022831CF
:108F7000834208BF42F0010228308B4208BF42F012
:108F800001022831834208BF42F001028B4208BF30
:108F900042F0010212B9244A934238D10222002140
:108FA000224D84F8341084F835201A681540A268E0
:108FB000402A2AD0802A0CBF4FF480400846266AF7
:108FC000D4E90312D20842EAD102616942EAD1022D
:108FD000A16942EAD102E16942EAD102144942EAB6
:108FE000161219442A4302431248A0FB01012046ED
:108FF0001A600B099B00E365FFF77AFDE26D012320
:1090000002F01F0293404360E4E61020D7E74022BD
:1090100003230120626584F8353070BD085402587E
:109020001C54025830540258945402580F00FEFF4A
:10903000F8ABFDA7CDCCCCCC002800F0BC8084469A
:1090400090F83400012800F0B88001202DE9F041AB
:109050009CF835408CF83400844208D000224FF44C
:1090600000638CF83420CCF85430BDE8F081022045
:10907000DCF800507A4C8CF835000020794ECCF8A2
:1090800054007948854218BFA54200F118000CBF72
:1090900001240024854208BF44F0010418308542B1
:1090A00008BF44F001041830854208BF44F00104B1
:1090B0001830854208BF44F0010400F5567085421F
:1090C00008BF44F001041830854208BF44F0010491
:1090D0001830854208BF44F001041830854208BFAB
:1090E00044F001041830854208BF44F001041830F0
:1090F000854208BF44F001041830854208BF44F09F
:1091000001041830854208BF44F00104A0F59560C1
:10911000B54218BF8542DCF86C600CBF012000200E
:1091200054EA0008286820F001002860DCF8640098
:10913000DCF86840DCF85870446040D016B1DCE9D7
:109140001C044460DCF85C004FF03F0E00F01F0090
:109150000EFA00F0B860286820F4802028606B6068
:10916000DCF80830402B23D0A960EA602B6823F09C
:109170001E0343F016032B60DCF840301BB12B6854
:1091800043F008032B60DCF860301A68D20303D583
:109190001A6842F480721A601EB1336843F4807317
:1091A00033602B68002043F001032B60BDE8F081A1
:1091B000AA60E960DAE7012070470220704716B123
:1091C000DCE91C0444602948DFF8A8E0754518BFB5
:1091D00085420EF1140E0CBF01200020754508BF1A
:1091E00040F001000EF1140E754508BF40F001007B
:1091F0000EF1140E754508BF40F001000EF1140E7B
:10920000754508BF40F001000EF1140E754508BF0A
:1092100040F0010010B9164885420ED1DCF85C0020
:1092200000F01F0E012000FA0EF078606B60DCF891
:109230000830402B10D0A960EA602B6823F00E03A1
:1092400043F00A032B60DCF84030002B9BD02B68E6
:1092500043F004032B6096E7AA60E960EDE700BFE6
:1092600040000240280002405800024008540258C2
:10927000945402581C54025800285FD038B590F816
:1092800035200346022A55D10168444A914248D00C
:109290001832914245D03032414C4248A14218BF69
:1092A000914204F148040CBF01220022814208BF10
:1092B00042F001023030A14208BF42F001023034D6
:1092C000814208BF42F0010200F55C70A14208BF74
:1092D00042F0010204F55C74814208BF42F00102D1
:1092E0003030A14208BF42F001023034814208BF51
:1092F00042F001023030A14208BF42F00102303496
:10930000814208BF42F001023030A14208BF42F062
:109310000102814208BF42F0010212B9224A914281
:109320000ED10422002083F835200B6823F00103BE
:109330000B6038BD802201205A6538BD012070477E
:109340000A681C6E22F00E02D86D9D6D0A6000F056
:109350001F000A6822F001020A600122216882408F
:1093600021F4807121606A60DA6ED3E919104860D7
:1093700032B11168D3E91C0421F48071116044609A
:10938000002401211A6D83F8344083F835101AB196
:1093900018469047204638BD104638BD10000240A0
:1093A0004000024070000240B80402402DE9F04342
:1093B00000229C4B83B09C4E1D688146019203683D
:1093C0009A4A846D934218BFB342276808BF0126AA
:1093D000216818BF002645D018329548834218BF2F
:1093E000934200F118000CBF01220022834208BF03
:1093F00042F001021830834208BF42F001021830E7
:10940000834208BF42F001021830834208BF42F095
:10941000010200F55670834208BF42F00102183085
:10942000834208BF42F001021830834208BF42F075
:1094300001021830834208BF42F001021830834213
:1094400008BF42F001021830834208BF42F0010217
:109450001830834208BF42F001021AB9754A93429C
:1094600040F05082D9F85C10082201F01F0C02FA7B
:109470000CF2174240F0888127FA0CF2D2070CD583
:109480005A69100609D5012202FA0CF2A260D9F835
:10949000542042F00202C9F854204FF0040E0EFA94
:1094A0000CF038425BD0002E4FD1634ADFF8808148
:1094B000434518BF934208F118080CBF012200224F
:1094C000434508BF42F0010208F11808434508BFB0
:1094D00042F0010208F11808434508BF42F00102BA
:1094E00008F11808434508BF42F0010208F5567814
:1094F000434508BF42F0010208F11808434508BF80
:1095000042F0010208F11808434508BF42F0010289
:1095100008F11808434508BF42F0010208F1180895
:10952000434508BF42F0010208F11808434508BF4F
:1095300042F0010208F11808434508BF42F0010259
:109540001AB93C4A934240F019821A68920706D52C
:10955000A060D9F8542042F00402C9F85420102227
:1095600002FA0CFC1CEA070F6CD0002E45D1324ADF
:109570002F4EB34218BF934206F118060CBF0122CA
:109580000022B34208BF42F001021836B34208BFBE
:1095900042F001021836B34208BF42F00102183609
:1095A000B34208BF42F0010206F55676B34208BF47
:1095B00042F001021836B34208BF42F001021836E9
:1095C000B34208BF42F001021836B34208BF42F06E
:1095D00001021836B34208BF42F001021836B34206
:1095E00008BF42F001021836B34208BF42F0010240
:1095F0001AB9104A934240F0C9811A68100721D560
:10960000C4F808C01A68560300F14C811A68D205E4
:1096100003D41A6822F008021A60D9F840308BB1DE
:109620000CE000BF7C010024100002402800024032
:1096300058000240B80402404000024048469847A3
:10964000D9F85C1001F01F0120268E403E4268D000
:10965000D9F80020A54BA64FBA4218BF9A4207F18D
:1096600018070CBF01230023BA4208BF43F00103CF
:109670001837BA4208BF43F001031837BA4208BF8F
:1096800043F001031837BA4208BF43F0010318370B
:10969000BA4208BF43F001031837BA4208BF43F08B
:1096A000010307F55677BA4208BF43F001031837A4
:1096B000BA4208BF43F001031837BA4208BF43F06B
:1096C00001031837BA4208BF43F001031837BA4202
:1096D00008BF43F001031837BA4208BF43F0010343
:1096E0001837BA4208BF43F001031BB9814B9A42B5
:1096F00040F062811368DB0613D5A66099F8353017
:10970000042B136800F0AE8013F4802F136800F070
:10971000D3801C0340F1DE80D9F83C300BB14846C1
:109720009847D9F85430002B00F0B980D9F854305C
:10973000D8071FD5D9F80020042189F835101368FF
:1097400023F0010313606C4BA3FB0535AD0A02E067
:109750001368D90704D5019B0133AB420193F7D9B4
:10976000002389F834301368DB074CBF032301233F
:1097700089F83530D9F84C30002B00F090804846FD
:1097800003B0BDE8F0431847186840070AD51868C9
:1097900020F004001860A260D9F8542042F00102C1
:1097A000C9F8542027FA0CF2D2077FF576AE534A57
:1097B0005348834218BF934200F130000CBF01228E
:1097C0000022834208BF42F001021830834208BFE2
:1097D00042F001021830834208BF42F00102183003
:1097E000834208BF42F0010200F55670834208BF71
:1097F00042F001021830834208BF42F001021830E3
:10980000834208BF42F001021830834208BF42F091
:1098100001021830834208BF42F00102183083422F
:1098200008BF42F001021830834208BF42F0010233
:109830001830834208BF42F00102002A7FF420AEB4
:10984000002E7FF41DAE1A68042202FA0CF23A428E
:1098500040F09480102202FA0CFC17EA0C0F3FF43F
:10986000F1AE84E623F016031360536923F08003FE
:109870005361D9F840309BB3136823F00803136099
:109880003F230025012203FA01F1D9F85030A160ED
:1098900089F8345089F83520002B7FF470AF03B07D
:1098A000BDE8F0831B6818037FF5B7AED9F84830E0
:1098B000002B7FF4C3AEC5E613F480737FF42CAFA6
:1098C000116821F010011160012289F8343089F803
:1098D000352021E7D9F84430002B7FF420AF20E772
:1098E000D9F84830002BC7D1CAE700BF10000240AA
:1098F00028000240B8040240B5814E1B58000240C7
:10990000400002404E4A4F4DAB4218BF934205F112
:1099100014050CBF01220022AB4208BF42F0010235
:109920001435AB4208BF42F001021435AB4208BF08
:1099300042F001021435AB4208BF42F00102143577
:10994000AB4208BF42F0010212B93F4A9342A6D18E
:10995000D9F85C5004261A6805F01F05AE400E4287
:1099600019D0570717D5100466604BD5D1034FD4D3
:10997000D9F84830002B7FF402AF90E71A68102224
:1099800002FA0CFC17EA0C0F3FF45CAE1A6852079F
:109990007FF558AE34E60226AE400E4211D097074E
:1099A0000FD56660140439D5D00343D4D9F84430B8
:1099B000002B7FF4E4AE72E713689F077FF5B1AE2A
:1099C0009BE60826AE400E423FF469AF11077FF5D3
:1099D00066AF1A68002122F00E021A600123D9F83E
:1099E0004C2003FA05F56560C9F8543089F8341045
:1099F00089F83530002A3FF452AF484603B0BDE83D
:109A0000F0431047920603D41A6822F004021A6049
:109A1000D9F84030002B7FF4B2AE40E712F02002BC
:109A200008D11968012421F00A01196089F834204D
:109A300089F83540D9F83C30002B7FF4A0AE2EE7F2
:109A4000085402581C54025894540258406D7047F0
:109A50002DE9F04F0D6883B0002D00F0D580002374
:109A6000DFF8688201229A4012EA050C00F0C780F4
:109A70004E6826F01009B9F1020F40F0C88003F0DB
:109A800007044FEAD30E4FF00F0A4FEA840900EBA8
:109A90008E0E0AFA09FADEF8204024EA0A0A0C6956
:109AA00004FA09F406F0030944EA0A04CEF8204057
:109AB0004FEA430E0324D0F800A009FA0EF904FA85
:109AC0000EF42AEA040AE44349EA0A09C0F80090BD
:109AD000D0F808A0CF6804EA0A0A07FA0EF949EAA2
:109AE0000A09C0F80890C6F30019D0F804A009FAD2
:109AF00003F92AEA020249EA02024260C268F70058
:109B000004EA02048A6802FA0EF242EA0402C2601F
:109B100075D5644C23F0030E03F00309D4F8F42048
:109B2000C6444FEA890942F00202C4F8F420D4F88E
:109B3000F42002F002020192019A0F22DEF808409E
:109B400002FA09F224EA0202574CA04225D004F599
:109B50008064A0427BD0554CA0427ED0544CA042A1
:109B60006FD0544CA04200F08480534CA04200F0CF
:109B70008680524CA04276D0514CA04200F08580A5
:109B8000504CA04200F087804F4CA0420CBF0924EB
:109B90000A2404FA09F942EA0902CEF808204FF033
:109BA000B0426FEA0C0EF403D2F880204FF0B044BC
:109BB00054BF0EEA02024CEA0202C4F88020B2034B
:109BC000D4F884404FF0B04254BF0EEA04044CEA8B
:109BD0000404F702C2F8844014684FF0B04254BF46
:109BE0000EEA04044CEA04041460B40252684FF014
:109BF000B04454BF0EEA02024CEA02026260013332
:109C000035FA03F27FF42EAF03B0BDE8F08F4FEAD0
:109C1000430E0324D0F800B006F0030A04FA0EF451
:109C200009F1FF390AFA0EFA2BEA040BB9F1010F18
:109C30006FEA04044AEA0B0AC0F800A03FF65EAFE0
:109C400046E7032404FA09F942EA0902A5E70124D8
:109C500004FA09F942EA09029FE7022404FA09F921
:109C600042EA090299E7062404FA09F942EA0902DC
:109C700093E7042404FA09F942EA09028DE705246E
:109C800004FA09F942EA090287E7072404FA09F904
:109C900042EA090281E7082404FA09F942EA0902C2
:109CA0007BE700BF00440258000002580008025839
:109CB000000C0258001002580014025800180258F4
:109CC000001C0258002002580024025800040058CA
:109CD000002900F0A88000232DE9F04FDFF86891FB
:109CE00083B0DFF86881DFF868A1DFF868B14FF072
:109CF000010E0EFA03F212EA010C6FD023F00305F5
:109D000003F003040F2640454D444FEAC404AF68F6
:109D100006FA04F607EA0607019721D0504566D0F7
:109D2000584567D0434FB8426ED0434FB84270D0C9
:109D3000424FB84263D0424FB84256D0414FB8422A
:109D400072D0DFF814E1704568D0DFF810E170459B
:109D500014BF4FF00A0E4FF0090E0EFA04F400E0A3
:109D60000024019FA74219D1AC6824EA06064FF0EF
:109D7000B044AE60D4F8805025EA0C05C4F8805099
:109D8000D4F8845025EA0C05C4F88450256825EAE7
:109D90000C052560656825EA0C05656003255C00F7
:109DA00003F007070F2605FA04F40568BF002543F2
:109DB00006FA07F70560DD0800EB85052E6A26EA3E
:109DC00007062E62856825EA04058560456825EA50
:109DD00002024260C26822EA0404C460013331FA1C
:109DE00003F284D103B0BDE8F08F4FF0060E0EFAF7
:109DF00004F4B6E74FF0020E0EFA04F4B1E74FF0A8
:109E0000050E0EFA04F4ACE74FF0030E0EFA04F45C
:109E1000A7E74FF0040E0EFA04F4A2E74FF0080E85
:109E20000EFA04F49DE770474FF0070E0EFA04F4A3
:109E300097E700BF000C02580010025800140258A7
:109E400000180258001C0258000400580000025874
:109E5000000402580008025800200258002402584A
:109E60000369194214BF01200020704702B9090498
:109E7000816170472DE9F04F056885B0044628469A
:109E800006F0AEF8012802D005B0BDE8F08F2068DA
:109E900006F056F80028F7D0206806F051F810F4C4
:109EA000001F206802D04FF40013436106F048F809
:109EB00010F4801F206802D04FF48013436106F035
:109EC0003FF810F0806F206802D04FF0806343614C
:109ED00006F036F810F0020F20682FD106F030F8A7
:109EE000870000F11381206806F02AF8C60100F10E
:109EF000CF80206806F024F8000700F1BE802068BB
:109F000006F01EF810F0007F20681AD106F018F84D
:109F1000C306B9D52568AB6923F01003AB612E6A7F
:109F2000C6F34341C6F30A17022902D1002F40F0BD
:109F3000C681AB6943F01003AB61A5E7022343611F
:109F4000CCE706F0BBF8D4F808E080462068BEF104
:109F5000000F00F0998005F5A06500264FF0280B52
:109F60004FF0020A4AE000F5A0694A0109EB4117E7
:109F7000BB685B075DD50423BB60FB6843F002034D
:109F8000FB60BB68980500F1FD80BB68DB0740F112
:109F9000CF80236953B101EB81003B6904EBC00022
:109FA000C3F3120C836CA3EB0C03C3648B004FF060
:109FB000010C4FF0000E581804EBC000C0F858E038
:109FC00080F85DC0C7F808C090F83FE01EF0FD0FB4
:109FD00000F06481BEF1030F00F040820B4404EBFB
:109FE000C30393F8502082F0010283F85020D4F884
:109FF00008E0206801362035764545D206F00F038B
:10A0000028FA03F3D907F5D52B68F1B21A04AAD4BC
:10A0100000F5A0624FEA411C02EB4117BB6813F048
:10A0200004090DD00423BB60FB6843F00203FB600E
:10A03000E0E7BB689B0640F1B3802023BB60A0E74C
:10A04000BB6813F0200300F0CA8001EB81032022DB
:10A0500004EBC303BA6093F83D20012ACAD183F808
:10A060003D9083F85CA0FB6843F00203FB6006F0C0
:10A0700029F8D4F808E02068BCE72046FDF7F0FB9B
:10A080002068082343613BE74FF0007343613DE7DD
:10A090002668D6F840340293D6F840340393039BE5
:10A0A00023F02E030393029B980707D5029BD90741
:10A0B00000F16381039B43F002030393029B1A07A1
:10A0C00018D5039B43F008030393029B5B0740F101
:10A0D0005C81A169022900F09A81E368012B03D118
:10A0E0004EF66022C6F804242046FDF7C7FB204642
:10A0F000FDF7BAFB2068029B9F0603D5039B43F044
:10A1000020030393039BC6F84034F3E6D5F84034AC
:10A11000204623F02E03C5F84034FDF7A9FB0121AA
:10A12000206805F0A9FF20684FF000534361DBE68B
:10A13000BB68980740F18E80FB6801EB810C23F02F
:10A14000020304EBCC0CFB608B009CF85D00012843
:10A1500000F0B280052800F0AF80062800F0A3814F
:10A16000082800F0A081032800F0DC819CF85C0046
:10A170000246C7F808A02046FDF77EFBD4F808E0A9
:10A18000206837E7FB68206843F00203FB6005F0B6
:10A1900099FF4FF400732068BB60D4F808E029E70A
:10A1A000BB681B0700F1BB80BB685B057FF5E9AEB0
:10A1B000FB68019243F002030091FB6005F082FF0F
:10A1C00000991020019A01EB8103B860082004EB8C
:10A1D000C30383F85D004FF48063BB60D1E6D7F81A
:10A1E000089019F0400F40F0B180BB6813F4007381
:10A1F00040F02F81D7F8089019F0010F40F03F810F
:10A20000BB6813F0080340F06881D7F8089019F094
:10A21000100F00F0C98001EB810204EBC2029365CC
:10A22000032382F85D3092F83D303BB90BFB0143CC
:10A2300093F83C2012B9012283F83D20FB6843F0DB
:10A240000203FB6005F03EFF10232068BB60D4F8DA
:10A2500008E0CFE6BB6813F0800340F0E380BA6803
:10A26000D20640F1D08001EB810004EBC00090F8F1
:10A270003F20032A00F04B8112F0FD02E4D1236954
:10A280008265002BE0D10BFB0143032283F85D20A4
:10A29000FB68206843F00203FB60D3E7FA6820689C
:10A2A00042F0020201930091FA6005F00BFF1022C8
:10A2B000DDE90013BA6091E68CF85C0058E706F01F
:10A2C0000F0606EB860804EBC808D8F844100029EE
:10A2D0003FF42FAE284605F5A0653A4605F0AEFDE1
:10A2E000D8F8443005EB46123B441169D8F84C20AD
:10A2F000C8F8443073013A44C8F84C20BC4A0A40BC
:10A300005AB1EA5822F0804242F00042EA5098F8EE
:10A31000503083F0010388F85030256809E6FB6867
:10A320004FF0050C019243F002030091FB6001EB3A
:10A33000810304EBC30383F85DC01023BB600823D3
:10A34000BB6005F0BFFEDDE900121AE601EB8102F9
:10A3500004EBC2029365042382F85D30012382F886
:10A360003D30FB6843F00203FB6005F0ABFE402389
:10A370002068BB60D4F808E03CE6B369204623F0CF
:10A380000053B361FDF770FA94E62046FDF77AFAC0
:10A39000D6F84034206823F02E03C6F84034836991
:10A3A00043F000538361A6E6BB681B0600F1C8803A
:10A3B000BB685B0500F1D780BB689B077FF51AAED1
:10A3C000FB680BFB014023F00203FB6090F85D305B
:10A3D000012B00F0E180032B00F0DB80042B00F068
:10A3E000D880052B00F0FC80062B00F0E480082BC1
:10A3F00000F0E1800BFB01432046C7F808A093F86A
:10A400005C20FDF739FAD4F808E02068F2E5029BF9
:10A41000206803F4C023B3F5802F18BF012105F095
:10A420002BFE61E6FB6801EB810243F0020304EBC3
:10A43000C202FB60936D01339365062382F85D30A1
:10A44000206805F03FFE80232068BB60D4F808E058
:10A45000D0E5FB6843F00203FB6098E652F8097010
:10A46000019347F00057009142F80970624680F866
:10A470005CC02046FDF700FADDE90013AEE5FA689E
:10A4800001EB810942F0020204EBC909C9F8583016
:10A49000FA6005F017FE0123BB6089F85D30D4F83F
:10A4A00008E02068A6E503EB010C04EBCC0CDCF81B
:10A4B00058000130032825D8CCF8580002200B445E
:10A4C00004EBC30383F85C0052F8093023F08043A7
:10A4D00043F0004342F809304AE608230091BB608C
:10A4E000FB6843F00203FB6005F0ECFD00990522D8
:10A4F00001EB810104EBC10383F85D20D4F808E08F
:10A50000206877E50020CCF858000420D7E7FA68E7
:10A510000BFB014042F0020283652068FA6005F0FF
:10A52000D1FD91E60BFB0143022083F85CA052F8B9
:10A53000093023F0804343F0004342F8093017E626
:10A54000FB68009143F00203FB6005F0BBFD00993E
:10A5500006230BFB014181F85D3080232068BB603E
:10A56000D4F808E046E5FB68009143F00203FB6085
:10A5700005F0A8FD10230099BB604FF480630BFB2E
:10A580000141BB60082381F85D30D4F808E0206801
:10A5900030E580F85CA02DE780F85C3090F83F3023
:10A5A000023B012B3FF626AF90F8513083F00103B8
:10A5B00080F851301EE70BFB0140836D0133032B04
:10A5C00011D8836502230BFB014080F85C3052F800
:10A5D0000C3023F0804343F0004342F80C3009E78D
:10A5E00080F85C3006E7002383650423EBE700BFB7
:10A5F0000000F81F90F8B832012B0CD0012310B5E1
:10A600000446006884F8B83205F0BCFD0023184603
:10A6100084F8B83210BD0220704700BFF8B5054677
:10A620000E461746701C2C682CD1A369990727D4B5
:10A63000A369DA06F9D5A3699A06FCD5202310226E
:10A64000E261E361A3699F0701D50023A362A369C7
:10A65000DE0703D4A36943F00103A361636800220A
:10A660001B4820210340012063606B6C85F840206B
:10A6700043F004036B6485F8411085F84220F8BD6F
:10A680000020F8BDA3699B07FAD4A369D9061BD49F
:10A69000FDF726FAC01BB04201D8002EC2D16B6C68
:10A6A0002021002201200B4385F840206B6485F8AF
:10A6B000411085F84220F8BDFDF712FAC01B864212
:10A6C000EDD3002EEBD02C68A3699B06F4D5B5E73B
:10A6D00000E800FEF8B505460E4617462C68A3694B
:10A6E0009B0649D4A369DA0626D5731C38D1A36921
:10A6F0009E06FCD520231022E261E361A36999073D
:10A7000001D50023A362A369DA0703D4A36943F048
:10A710000103A3616368002218482021034001203F
:10A7200063606B6C85F8402043F004036B6485F82C
:10A73000411085F84220F8BDFDF7D2F9C01BB042A8
:10A7400001D8002ECAD16B6C2021002201200B43BE
:10A7500085F840206B6485F8411085F84220F8BDEB
:10A76000A3699806C6D4FDF7BBF9C01B8642EAD39D
:10A77000002EE8D02C68B8E70020F8BD00E800FE05
:10A7800000284ED010B590F84130044603F0FF0287
:10A79000002B41D023682421626884F84110196895
:10A7A00022F07062E06821F00101012819601A614D
:10A7B0009A6822F400429A60A26829D042F40442C6
:10A7C00002289A6002D14FF400625A6058684FF034
:10A7D000200C1549226901435960D96821F40041D0
:10A7E000D960D4E90501024342EA0122D4E9071005
:10A7F000DA600022014310461960196841F0010136
:10A800001960626484F841C0226384F8422010BD5C
:10A8100042F400429A60D9E780F84020FAF7BEFC83
:10A82000B8E70120704700BF008000022DE9F04723
:10A83000984690F84130089E202B40F0878090F891
:10A8400040300446012B00F08180012389461746E1
:10A8500080F84030FDF744F9054604E0FDF740F983
:10A86000401B192875D82368986910F40040F5D169
:10A87000212267626063C9F3090784F8412010222E
:10A8800084F842206064A4F82A80628D92B2FF2A84
:10A890006DD8628D494892B2D1B222855A68024081
:10A8A0003A4342EA0142464911435960DFF81C81AC
:10A8B0004FF0FF0ADFF81891638D2A463146204693
:10A8C0009BB2002B30D0FFF7A9FE002873D1606A3D
:10A8D000216810F8012B238D8A62628D013B606232
:10A8E000013A9BB292B223856285628D92B2002BAF
:10A8F000E2D1002AE0D0701C43D18B691A06FCD546
:10A90000638D9BB2FF2B48D94B682A46A4F828A038
:10A91000204603EA08033B4343EA09034B60314600
:10A92000638D9BB2002BCED1FFF7D4FE002842D11D
:10A9300023682021234DD9615A682A405A6084F83F
:10A94000411084F8400084F8420000E00220BDE895
:10A95000F087636C2021002201200B4384F8402003
:10A96000636484F8411084F84220BDE8F0875A6897
:10A9700012490A4014493A431143FF222285596083
:10A9800094E78B691B06BBD4FDF7AAF8401B8642EF
:10A99000DFD3002EDDD02168ADE7638D9BB2DAB244
:10A9A00023854B6803EA080343EA02433B4343F031
:10A9B00000734B6080E70120BDE8F087009800FC41
:10A9C0000020008200E800FE0020FF81009C00FCC7
:10A9D0000000FF012DE9F0471F4690F84130202B81
:10A9E00040F08E8004460D46002900F08380B2FAC4
:10A9F00082F916464FEA5919002A7BD05FFA83FA8A
:10AA000090F84030012B7BD0012380F84030FDF7D7
:10AA100067F8212365628046256884F8413084F810
:10AA200042A0C4F8449066856B68C4F8349023F45F
:10AA300000436B607B1C66D1AE693607FCD50823EA
:10AA4000EB61E368022B06D0AE69F60328D4AE6949
:10AA5000F603F9D524E0AB691907FCD50823EB61AF
:10AA60007B1CF1D0AB69DD031AD4FDF739F8A0EBFC
:10AA70000800874253D3002F51D02568F0E74246A3
:10AA800039462046FFF7CAFD00285BD1636A226879
:10AA900013F8011B9162658D6362013DADB265855E
:10AAA000638D9BB2002BEAD1424639462046FFF720
:10AAB00011FE00284DD02268536843F400435360D0
:10AAC000636C042B54D1002363642023D361781C6E
:10AAD00041D193691904FCD451680023202041F42A
:10AAE0000041516084F84100184684F8423084F8EF
:10AAF000403003E04FF4007301206364BDE8F08749
:10AB00000220BDE8F087AB69180733D4FCF7E8FFF3
:10AB1000A0EB0800874202D30FB125688AE7636C77
:10AB2000202000212268034384F84010636484F8E5
:10AB30004100012084F84210536843F400435360FD
:10AB4000BDE8F08722680120536843F40043536056
:10AB5000D4E72268B9E793691B04BDD5FCF7C0FFB1
:10AB6000A0EB08008742DAD3002FD8D02268AEE7E6
:10AB70000120C3E70823EB61E368022B7FF470AF89
:10AB800008E0FCF7ADFFA0EB08008742C7D3002F19
:10AB9000C5D02568AB691A07F3D55FE70268436B38
:10ABA0009169126803B11847704700BF90F84100DF
:10ABB000704700BF90F84120202A23D15FFA82FC21
:10ABC00090F840200346012A1CD00268242000B5DA
:10ABD00083F841004FF0000E106820F00100106073
:10ABE000106820F4805010601068014370461160B6
:10ABF000116841F00101116083F841C083F840E021
:10AC00005DF804FB0220704790F84120202A22D1F1
:10AC1000034600B55FFA82FE90F84020012A1CD05E
:10AC2000026824204FF0000C83F84100106820F0E7
:10AC300001001060106820F4706040EA0121604655
:10AC40001160116841F00101116083F841E083F85F
:10AC500040C05DF804FB0220704702205DF804FB51
:10AC60002DE9F04F076889B00446384605F0B8F979
:10AC700010B109B0BDE8F08F8246206805F060F998
:10AC80000028F6D0206805F05BF910F0020F20686C
:10AC900003D0436903F00203436105F051F910F456
:10ACA000002B206840F0508105F04AF910F4802F05
:10ACB000206840F0EB8005F043F9002874DB206841
:10ACC00005F03EF9000564D4206805F039F9020169
:10ACD00014D52268536903F00063536194F8F43388
:10ACE000002B40F095810121204684F8F413536D28
:10ACF000C3F38303C4F8F83300F024FC206805F0A4
:10AD00001FF9C3047BD4206805F01AF910F4005F22
:10AD100020685DD105F014F910F0100F206812D0F2
:10AD2000836923F0100383613D6AC5F3434305F053
:10AD30000F06022B00F03182062B00F07F81836921
:10AD400043F01003836105F0FBF8070700F157811A
:10AD5000206805F0F5F8C60200F14681206805F08C
:10AD6000EFF8850200F13581206805F0E9F8400030
:10AD700000F12681206805F0E3F841077FF579AFFF
:10AD800023685D686A0700F129825A682A435A607D
:10AD90006FE7D7F80838D90700F11C8220684369AB
:10ADA00003F40063436190E7D7F8043823F001030C
:10ADB000C7F8043894F8F433012B00F038812046AA
:10ADC000FCF7CEFC2068436903F00043436177E75A
:10ADD00005F00AF9206804F0EFFD2568E06001F055
:10ADE000E5FC227B0146284604F04AFD2046FCF79C
:10ADF0008DFC2068436903F4005343618AE7D7F868
:10AE000004381021206807F5006523F001036B600A
:10AE100004F0B8FD6068B0B107F510634FF67F31FC
:10AE200099600AF1010A1A682033824522F400125F
:10AE300043F8202CC3F8E811D3F8E02122F40012E3
:10AE4000C3F8E021ECD1EB6943F00113EB61236B14
:10AE5000002B40F0E1806A6942F22B0313436B61DF
:10AE60002B6943F00B032B61D7F8003804F571729E
:10AE7000217C23F4FE632068C7F8003805F0D0F881
:10AE80002068436903F4805343613DE705F070F89F
:10AE900080462068B8F1000F00F0E580264607F5EF
:10AEA00010694FF0000BCDE9037A09E05FEA58081A
:10AEB0000BF1010B06F11C0609F1200900F0D58009
:10AEC00018F0010FF2D05FFA8BF7394605F06CF8F5
:10AED000C30705461FD50BF00F03039901229A40C3
:10AEE000D1F8343823EA0203C1F834380123C9F811
:10AEF00008302369012B03D1D6E911231344B3642D
:10AF000039462046FCF7F4FB2369012B03D1BBF142
:10AF1000000F00F0AC81280702D50823C9F80830DB
:10AF2000E90602D51023C9F808306A0602D5402385
:10AF3000C9F80830AB0702D50223C9F808302D063E
:10AF400000F1C6802068B1E705F004F805462068E6
:10AF5000002D00F0868007F53066A1464FF0000B0B
:10AF6000049707E06D080BF1010B06F1200609F1CB
:10AF70001C097DD0EB07F5D55FFA8BF1039105F045
:10AF800005F810F0010F8046039973D118F0080FEF
:10AF900040F0F280206818F0100F01D01023B36049
:10AFA00018F0200F05D02169012900F05A812023D3
:10AFB000B36018F4005FD5D04FF40053B360D1E70D
:10AFC0002046FCF7D9FB2068436903F080434361C6
:10AFD000D1E620465FFA8BF1FCF7C6FB2068436997
:10AFE00003F400134361C0E620465FFA8BF1FCF7DF
:10AFF000BFFB2068436903F480134361AFE620463A
:10B00000FCF780FB2068436903F008034361A0E676
:10B010002046FCF78DFB71E6D5F8843043F00B0336
:10B02000C5F884306B6C43F00B036B641CE70021A4
:10B03000204684F8F41300F085FAC3E6C6EBC60692
:10B04000082204F57171384604F0F8FEC5F30A13BE
:10B0500004EB86022068D2F814120B44C2F81432B2
:10B060006DE6AB4620E6C34625E6DDE9037A22E637
:10B07000049F19E6206801232769B36000F5306357
:10B08000012FD0F840E003EB4B139A6800F0C58025
:10B09000984FBE4540F0BD80170440F1B6804FF494
:10B0A000004218F0080F9A603FF475AF026C986880
:10B0B00090498A4200F0978020460392FCF708FBF3
:10B0C0008D4B039A9A4200F296800823B36061E7A1
:10B0D000D6E91453D4F800A0AB4250463FF6E6AE92
:10B0E0000AF51062716CCDF81CA002EB4B120592B0
:10B0F000EA1A8A4228BF0A4605998969033289B249
:10B10000B1EB920FC0F0A980CDF81890C146A046CF
:10B11000059C1AE0736C3A46B16C50469D4228BFBC
:10B120001D4698F810300093ABB204F071FEB36C7A
:10B13000A1692B4489B2B364736D2B440335B1EB21
:10B14000950F7365C0F08180356D9D42A5EB0305B9
:10B15000E0D84446C846DDF81890D4F800A0079B14
:10B160000122504603F500610BF00F039A404B6B30
:10B1700023EA02034B6399E62268216902F53063F2
:10B18000126C012903EB4B13986891D15A498A42FA
:10B1900029D82046FCF79CFA97E747F6F0731D4242
:10B1A0003FF4CDADC6EBC606C5F30A12384604EB34
:10B1B00086061546D6F8081204F040FED6F8083286
:10B1C00020682B44C6F80832D6F814322B44C6F84F
:10B1D0001432B4E52046FCF7ABFADFE52046FCF775
:10B1E000CFFA2368D1E5020402D54FF400429A60F9
:10B1F0002046FCF76DFA216901297FF466AF04F55A
:10B200007172206804F00CFF5FE7900601D52022E0
:10B210009A602046FCF762FAB8E6170732D536493D
:10B220008E4504D9120402D54FF400429A6020469C
:10B230000393FCF74DFA04F571720121206804F0C4
:10B24000EFFE0822039B9A60A0E64446356DC8468F
:10B25000DDF81890D4F800A050469D423FF626AE87
:10B260007DE704F5717204F0DBFE20689FE6236D34
:10B27000002B7FF450AE04F571720121206804F0B8
:10B28000CFFE48E6970608D520229A6018F0080FEE
:10B290003FF481AE026C986878E712F0280FF5D180
:10B2A000154FBE4505D9120403D54FF400429A60EC
:10B2B000ECE71B692046D9F80422C3F31203D31A22
:10B2C000C9F81432D9F808321344C9F80832FCF727
:10B2D00005FABBF1000F7FF459AED4F81032002B01
:10B2E0007FF454AE04F571720121206804F098FED9
:10B2F0004CE600BF0A31544F0A30544F90F8BC233B
:10B30000012A0ED0012210B50446006884F83810D6
:10B3100084F8BC2304F002FE0023184684F8BC33F2
:10B3200010BD0220704700BF10B501F00F0E0906D6
:10B33000044627D44FF01C0C0CFB0E0C0CF5FE71D0
:10B34000CEEBCE0C00EB8C0C00208CF8FD018A605B
:10B350004A7881F800E0CB700AB1A1F806E0022B30
:10B3600001D100230B7194F8BC33012B18D00123B9
:10B37000206884F8BC3304F031FB0023184684F8BD
:10B38000BC3310BD1C204FF0010C00FB0E4000F13F
:10B390003C01CEEBCE0004EB800080F83DC0D6E748
:10B3A000022010BD10B501F00F041C21C4EBC40C29
:10B3B00001FB040100EB8C0C01F5FE71CCF810329E
:10B3C0000023CCF808228CF8FC41CCF814328CF81D
:10B3D000FD3103690068012B08BFCCF80C22DAB2FA
:10B3E0001CB904F05BFC002010BD04F03FFB002002
:10B3F00010BD00BF10B501F00F041C21C4EBC40C3C
:10B4000001FB040100EB8C0C3C31CCF850300023E4
:10B41000CCF84820CCF8543001238CF83C408CF810
:10B420003D3003690068012B08BFCCF84C20DAB22C
:10B430001CB904F033FC002010BD04F017FB002001
:10B4400010BD00BF38B5436801F00F059D4234D8E8
:10B450000B0604461DD41C22C1EBC10302FB0101F3
:10B4600000EB8303002201F5FE7183F8FD21012327
:10B470000D708B7094F8BC239A421CD0206884F81D
:10B48000BC3304F0EBFCD5B10023184684F8BC3380
:10B4900038BD1C21C5EBC503012201FB050100EBF2
:10B4A00083033C3183F83D2001230D708B7094F8A9
:10B4B000BC239A42E2D1022038BD012038BD04F5F8
:10B4C0007172217C206804F0ABFDDDE7426838B57D
:10B4D00001F00F03934232D811F0800F04464FF071
:10B4E0001C01C3EBC30219D101FB0341002004EB93
:10B4F0008202002501F5FE7182F8FD010B708D704E
:10B5000094F8BC33012B18D00123206884F8BC3395
:10B5100004F0D8FC284684F8BC5338BD01FB034135
:10B52000012004EB820200253C3182F83D000B70C3
:10B530008D7094F8BC33012BE6D1022038BD012078
:10B5400038BD00BF704700BF38B5114BDA685207ED
:10B5500004D4DB6803F00703834214D10C4CE36886
:10B5600023F007031843E060FCF7BAFA054605E04C
:10B57000FCF7B6FA401BB0F57A7F06D863689B04E7
:10B58000F6D5002038BD012038BD032038BD00BFEE
:10B5900000480258024AD36843F08073D360704772
:10B5A0000048025870B44D6A15B1B2F1406F3AD1FB
:10B5B0008B691BB30C6A002C4CD08E680068C66186
:10B5C000CE69002E69D02B4313432343CC6A334307
:10B5D00023430C6B23434C6B23430C692343CC68FC
:10B5E00023430C6823434C69B2F1406F43EA844320
:10B5F000436165D04B6870BC836170470B6ABBB117
:10B6000000682B438C68CE69C461002E6BD0134355
:10B61000CC6A334323430C6B23434C6B23430C69A9
:10B620002343CC68DEE78B6A0468013B2361BFE7F4
:10B63000CB69002B66D1002D42D0CB6A0C6B2B431B
:10B64000006813434A6923434C6B234343EA824314
:10B65000436135E0CC6945EA030C002C32D0036825
:10B660004CEA0200B2F1406F40EA0400CC6A40EAC2
:10B6700004000C6B40EA04004C6B40EA0400CC6808
:10B6800040EA04000C6840EA04004C6940EA844047
:10B69000586115D04A689A6112E045EA030C0D69B9
:10B6A0004CEA0203CA6A23431343D1E90C42234301
:10B6B0000C6813434A692B43234343EA82434361A3
:10B6C00070BC7047CC6A4CEA020300682343D1E99E
:10B6D0000C4223430C6813434A69234343EA8243E1
:10B6E00070BC43617047CC6A13432343D1E90C42D9
:10B6F00023431343D1E90442234343EA824370BC0A
:10B70000436170472B43CD6A0C6B134300682B4396
:10B7100023434C6B84E700BF70B50446FCF7E0F9A7
:10B72000002C54D094F84030012B52D0012306460F
:10B7300084F8403094F8413003F0FF02002B34D0FD
:10B74000A56C2268A1681368013923F4706343EA89
:10B750000123136001E06B1C31D1936813F02003C7
:10B76000F9D1E069E16815680143206A0143606826
:10B7700041EA00611C482840014360691160A169E9
:10B7800055680143206941EA0041184828400125D5
:10B79000014318465160116829431160636484F8BD
:10B7A0004150002384F8403070BD204684F840208A
:10B7B000FAF74AF941F288331D46A364C1E7FCF762
:10B7C0008FF9801BA84206D82DB12268C5E7012059
:10B7D00070BD022070BD0423012084F84130636CE9
:10B7E00003436364DDE700BF2FFFFF00FEF8E0FFC7
:10B7F000C8B110B590F840300446012B11D0026852
:10B80000012380F84030136823F001031360FAF736
:10B81000A9F900236364184684F8413084F8403065
:10B8200010BD022010BD0120704700BF2DE9F0417E
:10B8300004460E461546FCF753F994F84030012BA8
:10B840003AD0012384F8403094F84130012BDFB224
:10B8500006D002270023384684F84030BDE8F08146
:10B86000002380466364022384F84130681C236807
:10B870000ED19A6812F02002FBD131462046FFF724
:10B8800091FE736AE3B10123002784F84130E1E7B8
:10B890009A6812F020021ED0FCF722F9A0EB0800F3
:10B8A000854201D3002DE1D1042384F84130636C3B
:10B8B00043F001036364CDE702273846BDE8F08119
:10B8C000226893689B07FCD5022101230027D160E1
:10B8D00084F84130BEE731462046FFF763FE736AC5
:10B8E00043B1D0E7FCF7FCF8A0EB08008542DBD3BE
:10B8F000002DD9D0226893689907F3D5E4E700BFFB
:10B900002DE9F843044689461546FCF7E9F894F812
:10B9100040302768012B67D0012384F8403094F829
:10B920004130012B5FFA83F807D04FF00208002363
:10B93000404684F84030BDE8F88300236364B9F1E1
:10B94000000F56D01223064684F841303B6901337C
:10B95000E3623B69C4F824900133A3627B6923F05E
:10B9600040637B61E36A002B31D06A1C394611D1F8
:10B970008B685B07FCD5636A1B7887F82030E26A26
:10B98000636A013A0133E262E26A6362F2B16A1CFD
:10B990002168EDD08B685807EDD4FCF7A1F8801B27
:10B9A000854201D3002DF2D1042384F84130636C29
:10B9B00043F00103636413E0BB689B070CD4FCF7FE
:10B9C0008FF8801B8542EFD3002DEDD02768691CCE
:10B9D000F2D1BB689A07FCD502234FF00008FB6048
:10B9E000012384F84130A2E74FF002084046BDE849
:10B9F000F883636C43F00803636498E72DE9F84328
:10BA0000044615468946FCF76BF82768BA6994F82E
:10BA10004030012B6CD0012384F8403094F8413041
:10BA2000012B5FFA83F807D04FF00208002340464D
:10BA300084F84030BDE8F88300236364B9F1000F57
:10BA40005BD02223064684F841303B690133A3636F
:10BA50003B69C4F83090013363637B6923F0406332
:10BA600043F080637B61BA61A36B002B33D0681C09
:10BA7000394612D18B6813F0060FFBD097F82020BF
:10BA8000236B1A70A26B236B013A0133A263A26B82
:10BA90002363FAB1681C2168ECD08B6813F0060FA1
:10BAA000ECD1FCF71DF8801B854201D3002DF1D1AC
:10BAB000042384F84130636C43F00103636413E0B2
:10BAC000BB689B070CD4FCF70BF8801B8542EFD3B7
:10BAD000002DEDD02768691CF2D1BB689A07FCD510
:10BAE00002234FF00008FB60012384F841309DE7FA
:10BAF0004FF002084046BDE8F883636C43F008034A
:10BB0000636493E72DE9F84F04461F468946904643
:10BB1000FBF7E6FF94F84030012B52D0012384F864
:10BB2000403094F84130012B5FFA83FB07D04FF08F
:10BB3000020B0023584684F84030BDE8F88F0023FC
:10BB400082466364422384F841307A1C26682CD1F3
:10BB5000B568AB06FCD4D8F8003049462046B3623D
:10BB6000D8F804307362D8F80830F3623268D8F835
:10BB7000103022F440021343D8F80C2043F4800321
:10BB80003360C9F828204FF00062FFF70BFD781CE6
:10BB900022681BD193681907FCD5082101234FF0B7
:10BBA000000BD16084F84130C3E7B3689D06D2D55D
:10BBB000FBF796FFA0EB0A00874212D3002FC4D1F7
:10BBC0000FE04FF0020B5846BDE8F88F93681B0753
:10BBD000E3D4FBF785FFA0EB0A00874201D3002FD7
:10BBE000D5D1042384F84130636C43F001036364CE
:10BBF0009FE700BF2DE9F04704460F461646FBF7C6
:10BC00006FFF94F84030012B45D0012384F8403079
:10BC100094F84130012B5FFA83F907D04FF0020905
:10BC20000023484684F84030BDE8F0870023804672
:10BC3000D4F848A06364822384F84130BAF1FF3F0E
:10BC4000256814D1AB689A06FCD42B68726823F07F
:10BC50000803082A43EA02032B6021D04FF0406218
:10BC6000394620464FF00009FFF79CFCD8E7AB6847
:10BC70009B06EAD5FBF734FFA0EB0800824502D310
:10BC8000BAF1000FDAD1042384F84130636C43F039
:10BC900001036364C4E74FF002094846BDE8F0873A
:10BCA000326810232A63EB602B6843F480132B6007
:10BCB000D4E700BF704700BF08B5006C0023836362
:10BCC000C36290F84130082B0BD103680222DA607E
:10BCD0001A6842F400321A601A6842F002021A60CE
:10BCE00008BD012380F84130FFF7E4FF08BD00BF25
:10BCF000704700BF704700BF704700BF704700BF6C
:10BD0000704700BF704700BF704700BF38B5036879
:10BD100004469A68196855070ED548030CD594F85F
:10BD20004120122A75D094F84120222A00F0A180E7
:10BD30002046FFF7E5FF38BD950726D5880324D5B3
:10BD40000222DA601A6822F4E0221A6094F8412094
:10BD5000122A7AD094F84120222A00F0A98094F87F
:10BD60004120022A00F0D08094F84120082AE2D134
:10BD70005A690121204622F040625A6184F841103C
:10BD8000636C3BBBFFF7B4FF38BD150725D4D5075F
:10BD900035D5C80333D50125DD601A6822F4702239
:10BDA0001A60626C42F0020262641A68520779D526
:10BDB0001A68E06B22F004021A60574B836506F0A4
:10BDC000D5F80028B7D0636C204643F004036364C1
:10BDD00084F84150FFF76EFF38BD0803D7D508221D
:10BDE000DA601A68520206D51A68012122F410227C
:10BDF0001A6084F841102046FFF784FF38BDD00652
:10BE000099D5CA0297D510222046DA60FFF77CFF49
:10BE100038BD9A6850078BD518460EE0626A1278D2
:10BE200083F82020E16A20680139626AE162013208
:10BE3000816862624D077FF57BAFE26A002AEDD12F
:10BE4000036823F48023036072E71A68510709D559
:10BE50001A68E16B22F0040209681A60CB6823F0CB
:10BE60000103CB600123204684F84130FFF746FFF1
:10BE700038BD9A6852077FF55BAF18460EE093F81D
:10BE80002010226B1170A16B20680139226BA16315
:10BE900001328168226349077FF54AAFA26B002A0D
:10BEA000EDD1CDE7204684F84150FFF703FF38BDC0
:10BEB0001A6852071DD49A6812F47C5F0FD111E002
:10BEC00093F82010226B1170A16B20680139226B4E
:10BED000A16301328168226311F47C5F02D0A26BFE
:10BEE000002AEDD10123204684F84130FFF704FFFA
:10BEF00038BD1A68E16B22F0040209681A60CB6849
:10BF000023F00103CB60EDE70123204684F84130A4
:10BF1000FFF7F0FE38BD00BFB9BC0008002800F0F4
:10BF2000DE81F8B503680446D80730D59F490A6911
:10BF3000896A02F03802102A00F00081182A00F005
:10BF4000F8806368B3F5803F00F02081002B00F09B
:10BF50005E81B3F5A02F954B1A6800F02F8222F472
:10BF600080321A601A6822F480221A60FBF7B8FD4A
:10BF70008E4E41F28837054605E0FBF7B1FD401BC8
:10BF8000B84200F2428133689A03F6D523689D07D0
:10BF900000F18580D9062FD5844A1369926A03F08F
:10BFA0003803082B00F0DA80182B00F0D280E36908
:10BFB0007E4D002B00F065812B6843F080032B60E1
:10BFC000FBF78EFD064605E0FBF78AFD801B022885
:10BFD00000F21B812B68DB05F6D5FBF799FD41F2DA
:10BFE0000303984200F20B826B68226A23F0F84345
:10BFF00043EA82636B6023681D0716D563696B4D46
:10C00000002B00F01C816B6F43F001036B67FBF7A3
:10C0100067FD064605E0FBF763FD801B022800F282
:10C02000F4806B6F9807F6D523689A0616D5A36936
:10C030005E4D002B00F014812B6843F480532B607D
:10C04000FBF74EFD064605E0FBF74AFD801B022884
:10C0500000F2DB802B689F04F6D52368590700F1B6
:10C060009B80636ACBB1514D2A6902F03802182ACD
:10C070006DD0022B2B6823F080732B6000F0398188
:10C08000FBF72EFD044605E0FBF72AFD001B022806
:10C0900000F2BB802B689B01F6D40020F8BD434A18
:10C0A0001369926A13F0380329D1404BE2681B6888
:10C0B000590701D5002A4AD03C4D2B6823F01903BB
:10C0C00013432B60FBF70CFD064605E0FBF708FD6C
:10C0D000801B022800F299802B685B07F6D5FBF7DE
:10C0E00017FD41F20303226998426B6800F2F08069
:10C0F00023F47C3343EA02336B6023684AE7182B4E
:10C1000000F0E280294DE2682B68002A00F0CB8025
:10C1100023F0190313432B60FBF7E2FC064604E00F
:10C12000FBF7DEFC801B02286FD82B685F07F7D572
:10C13000D5E701F0030102297FF403AF1B4A12681F
:10C1400091037FF524AF6268002A7FF420AF0120BD
:10C15000F8BD02F00302012A7FF429AF134B1B68DC
:10C16000DA0502D5E369802BF1D1FBF7D1FC41F26E
:10C1700003030E4A9842216A00F2B380536823F009
:10C18000F84343EA81635360236835E7074A13683D
:10C1900043F480331360E9E6054D2B6843F4807364
:10C1A0002B60FBF79DFC064609E000BF00440258E7
:10C1B00000480258FBF794FC801B642825D82B68A4
:10C1C000DA05F7D5A368012B00F02281002B00F0DF
:10C1D000FD80052B954B1A6F00F0208122F00102A3
:10C1E0001A671A6F22F004021A67FBF779FC8F4E68
:10C1F00041F28837054604E0FBF772FC401BB84269
:10C2000003D8336F9B07F7D52BE70320F8BD874D85
:10C2100041F288372B6823F480332B602B6823F49A
:10C2200080232B60FBF75CFC064604E0FBF758FC20
:10C23000801BB842E9D82B689B03F7D4A6E66B6F46
:10C2400023F001036B67FBF74BFC064604E0FBF7AA
:10C2500047FC801B0228D8D86B6F9907F7D4E3E618
:10C260002B6823F480532B60FBF73AFC064604E06E
:10C27000FBF736FC801B0228C7D82B689804F7D43C
:10C28000EBE62B6823F080032B60FBF729FC0646C6
:10C2900004E0FBF725FC801B0228B6D82B68DF05DD
:10C2A000F7D42368A8E623F001032B60FBF718FC02
:10C2B000064604E0FBF714FC801B0228A5D82B6877
:10C2C0005807F7D4236865E690077FF41BAFECE6C8
:10C2D00023F0FE4343EA02636B6023685AE60120C1
:10C2E0007047D36823F07C5343EA0163D36023682B
:10C2F00082E6FBF7F5FB064604E0FBF7F1FB801B4B
:10C30000022882D82B689901F7D4A96A484BA26AFF
:10C310000B404849454E1343E26A43EA0213AB62BD
:10C32000D4E90D32013B013A5B0212049BB202F4E4
:10C33000FE021343226B013AC2F308021343E26B7D
:10C34000013A120602F0FE4213432B63EB6A23F01C
:10C350000103EB626A6BA36C114041EAC30169639C
:10C36000EB6A226C23F00C031343EB62EB6A626C02
:10C3700023F002031343EB62EB6A43F48033EB6276
:10C38000EB6A43F40033EB62EB6A43F48023EB6225
:10C39000EB6A43F00103EB622B6843F080732B6080
:10C3A000FBF79EFB044605E0FBF79AFB001B022807
:10C3B0003FF62BAF33689A01F6D56EE642F4802241
:10C3C0001A601A6842F480321A60CFE5174D41F2C4
:10C3D00088372B6F23F001032B672B6F23F00403A7
:10C3E0002B67FBF77DFB064605E0FBF779FB801B1F
:10C3F000B8423FF60AAF2B6F9807F6D431E6EB68E8
:10C40000226A23F07C5343EA0263EB602368F3E57E
:10C41000064A136F43F001031367E6E642F0040295
:10C420001A671A6F42F001021A67DEE600440258EA
:10C430000CFCFFFF0700FFFF474A136903F03803B6
:10C44000102B04D0182B0DD01BB144487047444822
:10C450007047136899064AD513684248C3F3C1036D
:10C46000D8407047936A30B4946AD56A14F47C7FDC
:10C47000516BC4F3051038D0C1F3CC0105F00105B0
:10C4800003F0030305FB01F1012B07EE901AB8EE50
:10C49000E77A02D0022B2CD093B307EE900A9FEDDF
:10C4A000325AF8EEE77A136BC5EE276ADFED2F5AA2
:10C4B000C3F3080307EE903AB7EE006AF8EEE77AA6
:10C4C000E7EE257A77EE867A66EEA76A224B1B6B3B
:10C4D000C3F34623013307EE903AB8EEE77AC6EE8F
:10C4E000877AFCEEE77A17EE900A30BC70471D4859
:10C4F000704707EE900A9FED1E5AF8EEE77AD2E7F2
:10C5000013689B0620D5146807EE900A1549F7EECC
:10C51000005A136BC4F3C104F8EEE77A9FED135A87
:10C52000C3F30803E14006EE903A06EE101AF8EE67
:10C53000E66AB8EEC66AE7EE056A86EE277A76EE18
:10C54000A56A66EE876AC1E707EE900A9FED095A71
:10C55000F8EEE77AA7E700BF0044025800093D0063
:10C560000024F4000090D0030024744A0000003935
:10C570000024744B0024744C002800F00281874A88
:10C58000136803F00F038B422DE9F04104460D467A
:10C590000CD2136823F00F030B431360136803F0EE
:10C5A0000F038B4202D00120BDE8F08123685F07B2
:10C5B0000BD57B4920698A6902F07002904204D948
:10C5C0008A6922F0700202438A611E070BD5744902
:10C5D0006069CA6902F07002904204D9CA6922F007
:10C5E00070020243CA61D8060BD56D49A069CA69B9
:10C5F00002F4E062904204D9CA6922F4E062024384
:10C60000CA6199060BD56649E0690A6A02F07002B0
:10C61000904204D90A6A22F0700202430A629A0721
:10C6200040F1A1805E48E168826902F00F02914208
:10C6300004D9826922F00F020A438261D80730D5FB
:10C64000574AA168936923F470630B43936161684F
:10C650001368022900F09780032900F08E800129D9
:10C6600000F0978058079ED54D4E41F288383369C7
:10C6700023F007030B433361FBF732FA074605E06B
:10C68000FBF72EFAC01B404500F2818033696268D7
:10C6900003F03803B3EBC20FF2D12368990706D534
:10C6A000E1683F48826902F00F028A425FD83B4945
:10C6B0000A6802F00F02AA420AD90A6822F00F02A1
:10C6C0002A430A600A6802F00F02AA427FF46BAFA5
:10C6D0005A070BD5324920698A6902F070029042EC
:10C6E00004D28A6922F0700202438A611F070BD5C7
:10C6F0002B496069CA6902F07002904204D2CA698B
:10C7000022F070020243CA61DE060BD52449A069FB
:10C71000CA6902F4E062904204D2CA6922F4E0627B
:10C720000243CA619D060BD51D4AE169136A03F0F5
:10C730007003994204D2136A23F070030B4313620F
:10C74000FFF77AFE164A0346164892691649C2F365
:10C750000322825C0E2002F01F02D340BDE8F041AC
:10C760000B60FBF75BB9DA073FF56AAF9FE78269B9
:10C7700022F00F021143816199E79F013FF574AFE9
:10C7800011E7012070479B033FF56EAF0BE70320D5
:10C790000AE7DE053FF568AF05E700BF002000525D
:10C7A00000440258504B01087C01002408B501F0F8
:10C7B00095F9064B06499B69064A03F00F03CB5CCB
:10C7C00003F01F03D840106008BD00BF00440258AA
:10C7D000504B01088001002410B501F07FF9094990
:10C7E000094A8B69094C03F00F03D35C03F01F0364
:10C7F000D8402060CB69C3F30213D35C03F01F035E
:10C80000D84010BD00440258504B0108800100245C
:10C8100010B501F063F90949094A8B69094C03F025
:10C820000F03D35C03F01F03D8402060CB69C3F330
:10C830000223D35C03F01F03D84010BD004402580C
:10C84000504B010880010024F8B53A4CA36A03F06C
:10C850000303032B67D0236806460F4623F080634B
:10C860002360FBF73DF9054604E0FBF739F9431B6C
:10C87000022B56D823681A01F7D4A36A326823F42E
:10C880007C3343EA0233A362D6E90232013B013A28
:10C890005B0212049BB202F4FE0213437268013A77
:10C8A000C2F3080213433269013A120602F0FE4253
:10C8B0001343A363E36A726923F0C0031343E36283
:10C8C000E26AB36922F020021A431B4BE262E26A79
:10C8D00022F01002E262E16BF2690B4043EAC2030C
:10C8E000E363E36A43F01003E362E36AEFB1012F0D
:10C8F0000CBF43F4801343F40013E3620D4C236830
:10C9000043F080632360FBF7EBF8054604E0FBF798
:10C91000E7F8401B022804D823681B01F7D5002044
:10C92000F8BD0320F8BD0120F8BD43F40023E36205
:10C93000E4E700BF004402580700FFFFF8B53A4C97
:10C94000A36A03F00303032B67D0236806460F4650
:10C9500023F080532360FBF7C3F8054604E0FBF7A0
:10C96000BFF8431B022B56D823689A00F7D4A36A5A
:10C97000326823F07C7343EA0253A362D6E90232A1
:10C98000013B013A5B0212049BB202F4FE02134324
:10C990007268013AC2F3080213433269013A12067F
:10C9A00002F0FE4213432364E36A726923F4406396
:10C9B0001343E362E26AB36922F400721A431B4B29
:10C9C000E262E26A22F48072E262616CF2690B4018
:10C9D00043EAC2036364E36A43F48073E362E36A95
:10C9E000EFB1012F0CBF43F4000343F08073E36207
:10C9F0000D4C236843F080532360FBF771F8054624
:10CA000004E0FBF76DF8401B022804D823689B0064
:10CA1000F7D50020F8BD0320F8BD0120F8BD43F490
:10CA20008003E362E4E700BF004402580700FFFF11
:10CA30002DE9F8430368044613F0006622D0426EE5
:10CA4000B2F5001F00F0CE8411D8002A00F0F8845F
:10CA5000B2F5801F40F0F18402210430FFF7F4FEAC
:10CA60000646002E40F08684626E236803E0B2F52D
:10CA7000401F40F0E284A8480026016D21F44011D7
:10CA80000A430265DD050AD5626D042A06D8DFE88F
:10CA900012F0A20493049A04DF02DF020126354655
:10CAA00098051BD5A26D802A00F05B8400F2EC8013
:10CAB000002A00F08B83402A40F0ED800021201DE9
:10CAC000FFF7C2FE23680546002D40F067839249B8
:10CAD000A06D0A6D22F4E07202430A6559051FD564
:10CAE000D4F8A420B2F5800F00F0478400F2D6807D
:10CAF000002A00F07183B2F5001F40F0D7800021BA
:10CB0000201DFFF7A1FE23680546002D40F0448359
:10CB10008149D4F8A4008A6D22F4600202438A6538
:10CB20001A051FD5D4F8A820B2F1007F00F02E849A
:10CB300000F2BF80002A00F05583B2F1807F40F000
:10CB4000C0800021201DFFF77FFE23680546002DD1
:10CB500040F02A837049D4F8A8008A6D22F0E06280
:10CB600002438A659F0118D5A26C202A00F0DA835F
:10CB700000F2AA803AB1102A40F0A9806649CA6A38
:10CB800042F40032CA62002D40F059836249A06C21
:10CB9000CA6C22F030020243CA64D8041DD5E26D8B
:10CBA000B2F5005F00F0FB8300F29480002A00F0F1
:10CBB0001F83B2F5805F40F095800021201DFFF7B4
:10CBC00043FE23680546002D40F0EC825249E06D9B
:10CBD0000A6D22F4E04202430A6599041AD5226ED6
:10CBE000B2F5003F00F074837FD84AB1B2F5803FC0
:10CBF00040F083800121201DFFF726FE23680546B3
:10CC0000002D40F01E834449206E0A6D22F4E0227C
:10CC100002430A655A041BD5D4F8AC20B2F1005F78
:10CC200000F060836CD842B1B2F1805F70D1012115
:10CC3000201DFFF709FE23680546002D40F0038301
:10CC40003549D4F8AC008A6D22F0E04202438A658F
:10CC50001F040DD5E26EB2F1805F00F03183B2F1B6
:10CC6000005F00F00182002A00F0048201263546B0
:10CC7000D8015DD5626C032A00F20A84DFE812F065
:10CC8000540017034E005400C02A3FF41DAFB2F504
:10CC9000807F3FF419AF012635461FE7B2F5C00F7C
:10CCA0003FF433AFB2F5000F3FF42FAF0126354606
:10CCB00036E7B2F1407F3FF44AAFB2F1806F3FF404
:10CCC00046AF012635464DE7302A3FF45CAF0126DA
:10CCD000354662E7B2F5405F3FF475AFB2F5804F7D
:10CCE0003FF471AF0126354677E722F48031B1F584
:10CCF000802F85D0B2F5403F82D00126354689E7A6
:10CD000022F08051B1F1804F97D0B2F1405F94D0C2
:10CD1000012635469CE700BF004402580221201D31
:10CD2000FFF792FD23680546002D00F06B822E462A
:10CD3000590200F1F081DF072FD5A26F282A2AD8E7
:10CD4000DFE812F0D3012900290029002900290079
:10CD5000290029006D032900290029002900290044
:10CD600029002900CC0129002900290029002900D7
:10CD700029002900D30129002900290029002900C0
:10CD800029002900D30129002900290029002900B0
:10CD900029002900D30101263546980716D5626F70
:10CDA000052A00F27883DFE812F00D003003060058
:10CDB0000D000D000D00012104F12400FFF7BEFD60
:10CDC00023680546002D00F025822E46590717D509
:10CDD000D4F89020052A00F26183DFE812F00D00FC
:10CDE0000C0306000D000D000D00012104F12400CC
:10CDF000FFF7A4FD23680546002D00F013822E46A0
:10CE00009A061DD5D4F88C20B2F1005F00F045825F
:10CE100000F2DC804AB1B2F1805F40F0E180002195
:10CE2000201DFFF711FD23680546002D40F0058207
:10CE3000A949D4F88C004A6D22F0E04202434A65C9
:10CE40005F061DD5D4F89820B2F5006F00F054822B
:10CE500000F2C9804AB1B2F5806F40F0CE80002167
:10CE6000201DFFF7F1FC23680546002D40F0C88126
:10CE70009949D4F898008A6D22F4E05202438A65F9
:10CE800018061DD5D4F89C20B2F5804F00F03F82E3
:10CE900000F2B6804AB1B2F5005F40F0BB800021DD
:10CEA000201DFFF7D1FC23680546002D40F0A68128
:10CEB0008949D4F89C008A6D22F4604202438A6555
:10CEC00019070BD5D4F88010B1F5805F00F03E82D1
:10CED0008148426D22F440520A434265DA060BD57E
:10CEE000D4F89410B1F5807F00F025827A48826DE5
:10CEF00022F440720A4382651F030ED5D4F8A010B5
:10CF0000B1F5803F00F0D480B1F5003F00F0D7804C
:10CF1000002900F0BA810126354658030FD5D4F810
:10CF20008420B2F5001F00F0B080B2F5401F00F081
:10CF3000B380B2F5801F00F0A08101263546D903E9
:10CF400009D5E26C002A00F08681B2F5803F00F03E
:10CF50002D81012635469A0000F1D2809F035CD4D2
:10CF6000301E18BF0120DE0206D55B49256F0A6D11
:10CF700022F000422A430A65DD0007D55649D4F85D
:10CF8000B4500A6922F480422A430A61990206D504
:10CF90005149A56E0A6D22F080722A430A655A0033
:10CFA00009D54D4A116921F4004111611169D4F884
:10CFB000B85029431161002B06DA474A216DD36C22
:10CFC00023F040530B43D364BDE8F88322F0805133
:10CFD000B1F1804F3FF429AFB2F1405F3FF425AF8C
:10CFE000012635462CE722F48061B1F5805F3FF4DD
:10CFF0003CAFB2F5406F3FF438AF012635463FE70E
:10D0000022F40051B1F5004F3FF44FAFB2F5C04FDD
:10D010003FF44BAF0126354652E7E26FB2F5807F11
:10D0200000F0228106D922F48071B1F5007F03D08F
:10D03000012098E7002AFBD1002DF9D1264D301EA2
:10D04000696D18BF012021F440710A436A658AE7BF
:10D050003546002D40F0A4801F49606D0A6D22F016
:10D06000070202430A651BE50121201DFFF7ECFBC7
:10D0700023680546002D40F0DE801749E06E0A6DFA
:10D0800022F0405202430A65F2E5012104F1240036
:10D09000FFF754FC23680546002D40F0DA800E4966
:10D0A000D4F884004A6D22F4401202434A6546E7F0
:10D0B000022104F12400FFF741FC23680546002DFE
:10D0C00040F0C5800449D4F8A0008A6D22F44032B3
:10D0D00002438A6521E700BF00440258012104F1A0
:10D0E0002400FFF72BFC23680546002D40F0AD809F
:10D0F000AF49A06F4A6D22F0380202434A654CE600
:10D10000022104F12400FFF719FC236800283FF4F2
:10D1100025AF012622E7A74F3B6843F480733B60AD
:10D12000FAF7DEFC804606E0FAF7DAFCA0EB08002E
:10D13000642800F27E813B68DA05F5D5002D40F0C9
:10D14000A4819B4AD4F8B030116F594011F4407F4C
:10D150000BD0116F106F21F4407140F480301067D4
:10D16000106F20F4803010671167B3F5807F00F0F6
:10D170006E8103F44072B2F5407F00F07C818C49EF
:10D180000A6922F47C520A61894AC3F30B03116FC6
:10D190000B4313672368CEE52E46C1E42E469DE47B
:10D1A0002E467DE42E4618E52E46DBE40221201DA6
:10D1B000FFF74AFB05462368002D53D17C49E06CFC
:10D1C000CA6C22F480320243CA64C4E67849CA6A4F
:10D1D00042F40032CA6277E47549CA6A42F4003206
:10D1E000CA6292E47249CA6A42F40032CA62AEE488
:10D1F0006F49CA6A42F40032CA62E4E42E465FE62E
:10D200002E463DE66A49606CCA6C22F00302024376
:10D21000CA648DE56649606F4A6D22F007020243D9
:10D220004A65D3E56249D4F890008A6D22F007027E
:10D2300002438A65E4E52E461AE52E4600E62E46B0
:10D24000ABE42E46E6E42E4602E52E46A5E52E4644
:10D2500063E62E4673E65649CA6A42F40032CA6251
:10D26000002DABD02E4676E65148C16A41F400311C
:10D27000C162002D7FF4DCAEE0E64D49CA6A42F49B
:10D280000032CA62002DE4D109E7201DFFF7DCFA65
:10D2900005462368002DDAD114E7022104F12400A9
:10D2A000FFF74CFB05462368002DC6D1C0E5404979
:10D2B000CA6A42F40032CA62002D7FF438ADA1E799
:10D2C0003B49CA6A42F40032CA62002DB3D1D4E6A7
:10D2D000012104F12400FFF731FB05462368002DEE
:10D2E000AFD190E4012104F12400FFF727FB0546AC
:10D2F0002368002DA7D1A3E4022104F12400FFF745
:10D300001DFB05462368002D7FF47AAFB0E50221AE
:10D3100004F12400FFF712FB05462368002D7FF47B
:10D320006DAFC5E50221201DFFF78EFA0546236883
:10D33000002D84D12AE4022104F12400FFF7FEFA33
:10D34000236800283FF4D8AD0126D5E5022104F179
:10D350002400FFF7F3FA236800283FF4BFAD01264D
:10D36000BCE5002104F12400FFF7E8FA2368054634
:10D37000FFF7AABB2368FFF785BB002104F1240057
:10D38000FFF7DCFA23680546FFF7BFBB002104F175
:10D390002400FFF7D3FA23680546FFF7D8BB002126
:10D3A00004F12400FFF7CAFA236805460BE400BF26
:10D3B00000440258004802580021201DFFF744FA9B
:10D3C0002368054645E6002104F12400FFF7B6FA7C
:10D3D000236805463DE633493546CA6A42F40032C1
:10D3E000CA6236E602212430FFF7A8FA0646002E6C
:10D3F0003FF43AABBEE70121201DFFF725FA0546B1
:10D400002368002D7FF4FBAC0CE70121201DFFF702
:10D410001BFA05462368002D7FF4D7ACFAE60121FC
:10D42000201DFFF711FA05462368002D7FF40DAF8C
:10D430005EE60326236835467DE40126FFF722BB1E
:10D440001848C16A41F40031C162FFF714BBFAF712
:10D4500047FBDFF85080074641F2883904E0FAF7CD
:10D460003FFBC01B4845E4D8D8F870309B07F6D581
:10D47000D4F8B0307DE60B480B4A016902EA13127A
:10D4800021F47C510A4302617EE623682E4652E471
:10D49000012635464CE40126354697E401263546FB
:10D4A000AEE400BF00440258CFFFFF0008B5FFF70D
:10D4B0007DF9054B054A1B6AC3F30213D35C03F0E5
:10D4C0001F03D84008BD00BF00440258504B01085C
:10D4D000584B70B4996A9D6ADE6A15F47C3FC5F3B7
:10D4E0000532DC6B5CD0C4F3CC0406F0100601F00E
:10D4F000030106FB04F4012907EE904AB8EEE77A2F
:10D5000003D0022975D000294FD007EE902ADFED15
:10D510004A6AF8EEE77A9B6B86EEA76A9FED475A58
:10D52000C3F3080306EE903AF7EE005AF8EEE66A07
:10D53000E7EE056A76EEA56A66EE266A3D4AB7EE24
:10D54000006A936BC3F3462307EE103AB8EEC77A2E
:10D5500070BC37EE067AC6EE877AFCEEE77AC0ED4D
:10D56000007A936BC3F3064307EE103AB8EEC77A1E
:10D5700037EE067AC6EE877AFCEEE77AC0ED017ADE
:10D58000936BC3F3066307EE903AF8EEE77A77EE13
:10D59000867A86EEA77ABCEEC77A80ED027A70476B
:10D5A00070BCC0E90022826070471968890627D5DF
:10D5B0001C6807EE902A2249F7EE005A9B6BC4F3D1
:10D5C000C102F8EEE77A9FED1D5AC3F30803D1407C
:10D5D00006EE903A06EE101AF8EEE66AB8EEC66A63
:10D5E000E7EE056A86EE277A76EEA56A66EE876A2A
:10D5F000A4E707EE902ADFED136AF8EEE77A8AE7F0
:10D6000007EE902A9FED105A9B6BB7EE006AF8EE7A
:10D61000E77ADFED0A5AC3F30803C5EE276A07EE7F
:10D62000903AF8EEE77AE7EE257A77EE867A66EEBC
:10D63000A76A83E7004402580024744A00000039B6
:10D640000090D0030024744B0024744C584B70B4E9
:10D65000996A9D6ADE6A15F07C7FC5F305525C6CA1
:10D660005CD0C4F3CC0406F4807601F0030106FB21
:10D6700004F4012907EE904AB8EEE77A03D00229B4
:10D6800075D000294FD007EE902ADFED4A6AF8EEF8
:10D69000E77A1B6C86EEA76A9FED475AC3F308032F
:10D6A00006EE903AF7EE005AF8EEE66AE7EE056A03
:10D6B00076EEA56A66EE266A3D4AB7EE006A136CFE
:10D6C000C3F3462307EE103AB8EEC77A70BC37EEC4
:10D6D000067AC6EE877AFCEEE77AC0ED007A136C24
:10D6E000C3F3064307EE103AB8EEC77A37EE067A70
:10D6F000C6EE877AFCEEE77AC0ED017A136CC3F3CD
:10D70000066307EE903AF8EEE77A77EE867A86EED1
:10D71000A77ABCEEC77A80ED027A704770BCC0E988
:10D720000022826070471968890627D51C6807EEB9
:10D73000902A2249F7EE005A1B6CC4F3C102F8EE9E
:10D74000E77A9FED1D5AC3F30803D14006EE903AE5
:10D7500006EE101AF8EEE66AB8EEC66AE7EE056A5B
:10D7600086EE277A76EEA56A66EE876AA4E707EE6C
:10D77000902ADFED136AF8EEE77A8AE707EE902A3F
:10D780009FED105A1B6CB7EE006AF8EEE77ADFEDFA
:10D790000A5AC3F30803C5EE276A07EE903AF8EE7B
:10D7A000E77AE7EE257A77EE867A66EEA76A83E770
:10D7B000004402580024744A000000390090D0034D
:10D7C0000024744B0024744C584B70B4996A9D6AC1
:10D7D000DE6A15F47C7FC5F305125C6B5CD0C4F384
:10D7E000CC0406F0010601F0030106FB04F4012954
:10D7F00007EE904AB8EEE77A03D0022975D00029E7
:10D800004FD007EE902ADFED4A6AF8EEE77A1B6BFD
:10D8100086EEA76A9FED475AC3F3080306EE903AD7
:10D82000F7EE005AF8EEE66AE7EE056A76EEA56ACC
:10D8300066EE266A3D4AB7EE006A136BC3F34623D1
:10D8400007EE103AB8EEC77A70BC37EE067AC6EE2D
:10D85000877AFCEEE77AC0ED007A136BC3F30643D8
:10D8600007EE103AB8EEC77A37EE067AC6EE877A38
:10D87000FCEEE77AC0ED017A136BC3F3066307EEA3
:10D88000903AF8EEE77A77EE867A86EEA77ABCEEE3
:10D89000C77A80ED027A704770BCC0E900228260CE
:10D8A00070471968890627D51C6807EE902A224917
:10D8B000F7EE005A1B6BC4F3C102F8EEE77A9FED56
:10D8C0001D5AC3F30803D14006EE903A06EE101A33
:10D8D000F8EEE66AB8EEC66AE7EE056A86EE277AE3
:10D8E00076EEA56A66EE876AA4E707EE902ADFED7A
:10D8F000136AF8EEE77A8AE707EE902A9FED105A4E
:10D900001B6BB7EE006AF8EEE77ADFED0A5AC3F355
:10D910000803C5EE276A07EE903AF8EEE77AE7EEDD
:10D92000257A77EE867A66EEA76A83E70044025886
:10D930000024744A000000390090D0030024744B86
:10D940000024744CB0F5807F00B585B048D0B0F5A8
:10D95000007F11D0B0F5806F00F08280B0F5006FCD
:10D9600052D0B0F5805F2CD0B0F5002F00F096803B
:10D97000002005B05DF804FB534A136D03F4E07317
:10D98000802B59D012D9C02B26D0B3F5807FEFD190
:10D99000D36C13F040535BD0B3F1805F00F08D8007
:10D9A000B3F1005F494818BF0020E2E7002B3CD0EC
:10D9B000402BDDD101A8FFF78BFD019805B05DF884
:10D9C00004FB414A136D03F4E043B3F5005F33D029
:10D9D00029D9B3F5405F58D13D4805B05DF804FB47
:10D9E000394B1B6D03F00703042BC1D801A252F879
:10D9F00023F000BF2BDA0008B5D9000839DA000897
:10DA0000D9D9000847DA00082F4A936D03F0E06384
:10DA1000B3F1007F10D01DD9B3F1407FDCD0B3F15A
:10DA2000806FB5D0A4E7002B34D101A8FFF7CCFE5E
:10DA3000029805B05DF804FB01A8FFF707FE019806
:10DA400005B05DF804FB204BDB6C13F04053A3D111
:10DA500020488EE7002BE8D0B3F1807FAAD087E77B
:10DA6000194A936D03F46003B3F5800FE4D005D831
:10DA7000002BDAD0B3F5001F9CD079E7B3F5C00FC7
:10DA8000AAD0B3F5000F83D072E7B3F5804F3FF40F
:10DA90007FAF6DE7B3F5805F8CD069E70A4A936D7D
:10DAA00003F44033B3F5803F09D0B3F5003F3FF4B2
:10DAB0006FAF002B7FF45CAF7CE7074859E701A804
:10DAC000FFF7C4FD039854E7004402580024F40013
:10DAD0000080BB000090D00300093D0008B5FEF7B0
:10DAE000ABFC064B06499B69064AC3F30323CB5C98
:10DAF00003F01F03D840106008BD00BF0044025867
:10DB0000504B01087C010024F8B501680546AC4B78
:10DB100099421FD0203399421CD003F57873994263
:10DB200058D02033994255D003F57873994200F0CC
:10DB30001E812033994200F01A8195F89130A14E50
:10DB400003F0FF026BB9284685F89020F8F7F2F849
:10DB5000296806E09C4E95F8913003F0FF02002BF7
:10DB6000F1D09A4B9A4A1B68A2FB03230A681B0B4D
:10DB700022F480329B000A6023B30C68013B14F44A
:10DB80008034F9D1022385F89130EB68012B00F045
:10DB90001081022B15BF032023200227222715BF47
:10DBA0004FF0010C4FF0210C00222022AB68013B0A
:10DBB000042B00F24B81DFE813F0CF001000D600F9
:10DBC0000F00D200D5F89430012043F04003C5F88F
:10DBD0009430F8BD7F4EBEE73A464FF400672B6A9B
:10DBE0003260002B44D0764B994200F01E817A4877
:10DBF000081AB0FA80F04009002840F01681774BEF
:10DC0000994200F00C812033994200F00881744B56
:10DC1000994200F0FE802033994200F0FA80714B67
:10DC2000994200F00881704B994200F00A81AB697B
:10DC300000EB8000B3F5002F4FEA400300F0E280D4
:10DC4000AA6A296AB2F1806F0CBF0222012201FB8D
:10DC500002F21202B3FBF2F3644AA2FB0312D208EF
:10DC600002EB8201A3EB4103092B08BF01326A6278
:10DC70006B6833F002032B6D40F09680012B14BFCC
:10DC80004FF400740024F9F743FF696CB0F5005FAE
:10DC9000D5E9003242EA0102A96C42EA0102E96CCC
:10DCA00042EA0102E96A42EA0102696942EA0102C2
:10DCB00072D3A96918680A43A96A0A434C4901400A
:10DCC000196029690A4319680A43696A42EA0152DC
:10DCD00048493A4322431A605A68286B1140EA695E
:10DCE0000243686B5960024359680A4342495A60CB
:10DCF0009A6811406A6E9960E96D98680A43296EC6
:10DD00000A43696D01390A43A96D013942EA0122CA
:10DD100002434FF220009A60D968AA6E0140D96090
:10DD2000E96ED8680A43696F42EA0142296F0139F6
:10DD300042EA0122224902438B42DA6019D0294A81
:10DD4000934216D000230122C5F89430184685F876
:10DD5000903085F89120F8BD4FF480673FE7024688
:10DD60004FF400673BE762464FF4006737E7234E06
:10DD7000F1E6736C23F00103736495F83830012BDE
:10DD8000E0D1D5E90F23013A43EA02137364736CBF
:10DD900043F001037364D5E7A96918680A43184979
:10DDA00001401960A96A8DE7012B08BF4FF4007488
:10DDB00069E7132012274FF0110C1022F6E600BF7E
:10DDC0000458014000540058005801407C010024D0
:10DDD0001BECCB95005C014024580140045C0140E1
:10DDE000046001400454005824540058CDCCCCCCDD
:10DDF00010C005F0F01FFFFF0080F8FF0060014039
:10DE000010C005F82A6A696D01FB02F2B3FBF2F358
:10DE100022E74FF40070FFF795FD2968FFE64FF405
:10DE20000070FFF78FFD2968F1E64FF48070FFF76F
:10DE300089FD2968E3E64FF48060FFF783FD2968D8
:10DE4000F1E64FF40060FFF77DFDF0E60027C6E63F
:10DE5000022938B5044635D9C81E012830D800201B
:10DE600023676064E064E065A0664FF6FF7060675A
:10DE7000606830F002000CBF0125002504294FF432
:10DE8000003125650CBF01200D2021664FF4802153
:10DE9000A0656166032A13D8DFE802F0474E5436C6
:10DEA0002368484A934205D002F1C052A2F582325B
:10DEB000934205D16368012B02D1636C002B2FD0F4
:10DEC000012038BD002023676064E064A0666068BC
:10DED00030F0020014BF0120002020654FF4803094
:10DEE000E0654FF6FF70606713F00100E8D14D1E4A
:10DEF000012D29D860664FF400302066032ADFD850
:10DF0000DFE802F05546362CE0215B018022A16457
:10DF10006365E266F9F7FCFD94F83830012BBFD059
:10DF20002046BDE83840FFF7EFBD80211B014022AD
:10DF3000A1646365E266EDE780225B01A26463652C
:10DF4000E266E7E7C021E0E720664FF480206066E4
:10DF5000032AB5D8DFE802F02B1C0C025B08E02096
:10DF600080219A01A0645B01E166C4E91523D1E731
:10DF70005B08C022802502294FEA8310A2644FEA81
:10DF80004313E5666065A365C4D10823A366C1E7B2
:10DF90005B08802202294FEA8310A2644FEA4313F0
:10DFA000E266C4E91503B5D11023A366B2E75B08A6
:10DFB000802040215A01A0641B01E166C4E91523B9
:10DFC000A8E700BF045801402DE9F8430F46044676
:10DFD0001546F9F785FD002F61D0B5FA85F84FEAAF
:10DFE0005818002D5BD094F89130012B5FFA83F91B
:10DFF00050D194F89030012B4CD04346C4F8948013
:10E000000646D4F8800065F30F03226884F89090E8
:10E01000394665F31F43A7671C32E3672B46122579
:10E0200084F891502E4DC0F8508005642D4DC56385
:10E030002D4DC564FBF700F800283ED1636C082B1A
:10E04000636831D005216122023B012B98BF114644
:10E05000226813690B431361136843F400331360A0
:10E0600006E0F9F73DFD831BB3F57A7F2AD82268D5
:10E07000556915F4E025F4D01368DB0303D4136865
:10E0800043F4803313600023994684F89030484667
:10E09000BDE8F8834FF002094846BDE8F8834FF029
:10E0A00001094846BDE8F88323F00202012A0BBFAC
:10E0B0001521052171226122C6E7484684F8908027
:10E0C000BDE8F883D4F894304FF0030984F89050F9
:10E0D00043F040034846C4F89430BDE8F88300BFDD
:10E0E00029E20008C1E10008A9E20008F8B500290A
:10E0F0004ED0B2FA82F513466D09002A48D090F846
:10E1000091200446012AD6B23FD190F89020012AEE
:10E110003BD081670A462946222780F8906063F346
:10E120000F01C0F8945063F31F41C167D0F8840019
:10E1300084F891701E4F216807641E4F1C310565DD
:10E14000C7631D4FC764FAF777FF20BB23681A68BF
:10E15000D20303D41A6842F480321A60626C082A2F
:10E1600062681CD005216120023A012A98BF01464D
:10E170001A6900200A4306461A611A6842F40032FE
:10E180001A6084F890003046F8BD02263046F8BD8B
:10E1900001263046F8BD304684F89050F8BD22F094
:10E1A000020101290BBF1521052171206120DBE748
:10E1B00099E2000835E20008A9E20008704700BFB4
:10E1C00008B5C369806BB3F5807F1BD003684FF03F
:10E1D000000C416C1A680829A0F87EC022F40032B5
:10E1E0001A60426811D06FF0610C6FF00501023ABD
:10E1F000012A98BF61461A694FF0010C0A401A6162
:10E2000080F891C0FFF7DAFF08BD22F00201012972
:10E210000BBF6FF0710C6FF0610C6FF015016FF0B8
:10E220000501E4E7704700BF806B08B5FFF7FAFF10
:10E2300008BD00BF08B5C369806BB3F5807F1BD0F4
:10E2400003684FF0000C416C1A68082922F4003270
:10E250001A604268A0F87EC011D06FF0610C6FF0B8
:10E260000501023A012A98BF61461A694FF0010C74
:10E270000A401A6180F891C0F7F762FE08BD22F0EB
:10E28000020101290BBF6FF0710C6FF0610C6FF090
:10E2900015016FF00501E4E7806B08B5F7F714FE90
:10E2A00008BD00BF704700BF10B5846BFBF7CEFB05
:10E2B000022823D0D4F89420216842F08002134B26
:10E2C0001348C4F894201B680A68A0FB030322F4D7
:10E2D00000321B0B0A600A689B0022F480320A603D
:10E2E0006BB10A68013BD203FAD401220023204615
:10E2F00084F89120A4F87E30FFF7D4FF10BDD4F845
:10E30000943043F04003C4F89430EEE77C010024DD
:10E310001BECCB9518B338B590F82C3004460D465D
:10E3200003F0FF02B3B12146022384F82C3051F8E8
:10E33000040B01F0F9F962682946206801F032FA0D
:10E34000084A01210020136843F00043136084F859
:10E350002C1038BD80F82D20F4F760FFE3E7012092
:10E36000704700BF0040005270B590F82C30044652
:10E37000022BD8B204D000F0FB06012E01D0012000
:10E3800070BD02230D46206884F82C3001F056FA47
:10E390002B68022B03D0002084F82C6070BD05236D
:10E3A000002084F82C3070BD38B590F82C3004462D
:10E3B000022BD8B205D094F82C30012BDDB201D05D
:10E3C000012038BD0223206884F82C3001F04AFA7D
:10E3D000002084F82C5038BD03682C495A6910B4C9
:10E3E0009C6944F008049C619C6944F010049C61A1
:10E3F0001C6824F001041C601C69214019619968A3
:10E4000021F44041996090F88110042901D09106CF
:10E4100030D490F88110032901D054061FD49105FF
:10E4200009D5D0F8841041F00101C0F88410996931
:10E4300041F400719961D20509D5D0F8842042F0E9
:10E440000802C0F884209A6942F480729A6100231D
:10E450005DF8044BA0F86230A0F86A307047D0F83D
:10E46000841041F00401C0F88410996941F0400122
:10E470009961D4E7D0F8841041F08001C0F884108D
:10E48000996941F020019961C3E700BF90FCFFFF4B
:10E49000002800F0A48002680021F8B5514B044622
:10E4A00081629A4216D0A3F578439A4212D003F5BE
:10E4B0008063C0689A4200F08A800F2808D8E16B18
:10E4C00000F108034D09DB0805FB0333082B15D9C0
:10E4D0000120F8BDE068E16B00F10803414E4D09F1
:10E4E000DB0805FB0333404DAA4218BFB24203D0FC
:10E4F00005F58065AA4201D1102BE9D894F8813046
:10E5000003F0FF05002B58D0002702236568A66B97
:10E5100084F88130136823F001031360A369B3F119
:10E52000806F3ED03943676B3B43676A3B43276943
:10E530003B4367693B43276A3B43E76C3B43A76820
:10E540003B43A76C3B43A76D3B432B433343E669F7
:10E55000314308439060D360B5B9936823F4C05346
:10E5600043F400639360936823F4C06343F48063CF
:10E570009360136D23F00103136500200123C4F899
:10E58000840084F88130F8BD136D23F00103136516
:10E590006B02F2D5D368616D23F000430B43D36067
:10E5A000EBE7B5F5800FBDD1002EBBD1D2F800C08E
:10E5B0004CF4805CC2F800C0B4E7204684F8805078
:10E5C000F8F742F92268A76AE16BE0689DE7E16B22
:10E5D00000F108034D09DB0805FB03338CE701203C
:10E5E000704700BF00300140003800402DE9F8437B
:10E5F0001D4690F88030012B7FD0012304468946C8
:10E60000904680F88030F9F76BFA94F8813006462E
:10E61000012BDFB26AD1B9F1000F00F0F880B8FA2F
:10E6200088F35B09B8F1000F00F0F1800322636604
:10E63000A4F8683084F88120C4F88430A4F862809B
:10E64000A4F86A302168C4F85C90A4F86080C4E93A
:10E650001C33A368B3F5C02F03D10B6843F40063E8
:10E660000B604A68A54B134043EA08034B600B68F4
:10E6700043F001030B606368B3F5800F03D10B68AF
:10E6800043F400730B60E3680F2B75D8072BB4F8C5
:10E6900062309BB252D9002B00F01481CDB9D4E086
:10E6A000B4F862309BB2012B40F2E680E36B002BA2
:10E6B00000F0E280E26D52F8043B0B62B4F8623085
:10E6C000E265023B9BB2A4F86230B4F862309BB2C0
:10E6D00003B34B699807E3D4F9F702FA801B85422C
:10E6E00002D8691C40F081802168EEE700230227F0
:10E6F00084F880303846BDE8F88302273846BDE804
:10E70000F883F9F7EDF9801B854202D86A1C40F0C6
:10E71000E28021684B691907F3D52046FFF75CFEBC
:10E720000122002384F88120D4F8847084F880309A
:10E73000FF1A18BF01273846BDE8F883002B00F008
:10E74000C1804B699B0740F1B280B4F862309BB244
:10E75000032B7ED9E36B402B7BD9E36D53F8042B5D
:10E760000A62E365B4F86230043B9BB2A4F86230FD
:10E77000B4F862309BB2E1E7B4F862309BB2002B90
:10E7800000F0A08085B92BE0E36D53F8042B0A62FA
:10E79000B4F86220E365013A92B2A4F86220B4F8BA
:10E7A00062309BB2002BB5D04B699A07ECD4F9F7D5
:10E7B00097F9801B854201D86B1C16D12168EEE7C2
:10E7C000E26D52F8043B0B62B4F86230E265013B43
:10E7D0009BB2A4F86230B4F862309BB2002B74D0C4
:10E7E0004B699D07ECD4F9F77BF92046FFF7F4FD60
:10E7F000D4F884300021012243F48073384684F831
:10E800008010C4F8843084F88120BDE8F8830023A8
:10E81000384684F88030BDE8F883B4F862309BB2A3
:10E82000012B5FD9E36B002B5CD0E26D52F8043B07
:10E830000B62B4F86230E265023B9BB2A4F862302E
:10E84000B4F862309BB2002B3FD04B699A07CAD50F
:10E85000E3E7B4F862309BB2012B19D9E36BBBB18B
:10E86000E36D33F8022B0A84E365B4F86230023BAF
:10E870009BB2A4F862307BE7E26D32F8023B0B8476
:10E88000B4F86230E265013B9BB2A4F862301CE749
:10E89000E36D1B7881F82030E36D21680133E36577
:10E8A000B4F86230013B9BB2A4F8623060E7F9F73C
:10E8B00017F9801BA84201D3681C96D1002D94D073
:10E8C000216855E7002D7FF425AF4B691B073FF505
:10E8D00024AFF9F705F9D4F8843043F02003C4F8E5
:10E8E00084301AE7E26D32F8023B0B84B4F86230F0
:10E8F000E265013B9BB2A4F86230A1E70000FFFF94
:10E90000F8B590F88030012B00F08C8090F88130C1
:10E91000154601220446DEB2934280F880206AD177
:10E92000002963D0B5FA85F35B09002D5ED0032280
:10E930004366A0F8683080F88120C0F88430A0F8E1
:10E940006250A0F86A30C165A0F86050C0E91C337D
:10E950008368B3F5C02F04D10268136843F40063E1
:10E960001360E368A06F0F2B4BD98369B3F5804F19
:10E970003CD122683A4B3B4F2032036452F8183C9A
:10E98000C763394F23F40043C7640027076542F883
:10E99000183CB4F862309BB2FAF74EFB002844D121
:10E9A000A36F324ADB69B3F5807F2368596802EAB6
:10E9B000010218BF2A435A609A68616842F4004213
:10E9C000B1F5800F9A601A6942F448721A611A68A8
:10E9D00042F001021A6003D11A6842F400721A6010
:10E9E00000231E4684F880303046F8BD002384F8AA
:10E9F00080303046F8BD0023022680F88030304653
:10EA0000F8BD072B83691AD8B3F5005F20D0B3F5A2
:10EA1000804FAED1B4F862309BB203339B08A4F8A8
:10EA20006230A6E702263046F8BDD4F884300122D1
:10EA300043F01003C4F8843084F88120D9E7B3F59B
:10EA4000804F05D0B3F5005FD0D1B3F5804F90D1A2
:10EA5000B4F862309BB201335B08A4F8623088E7F7
:10EA6000B9EE00083DEE0008E5EE00080000FFFFEB
:10EA700070B51D4690F88030012B00F0B98001235D
:10EA8000044680F8803090F881304068DBB2B0F501
:10EA9000800F7DD0012B40F08580002D18BF002A0B
:10EAA00071D000296FD094F88130042B02D0052357
:10EAB00084F881300023E1652168C4F88430A4F82B
:10EAC0006250A4F86A50A4F860506266A4F86850D6
:10EAD000C4E91C338B6823F440438B60E3680F2B3D
:10EAE00065D9E06F8369B3F5804F4CD194F88130DC
:10EAF000042B00F08A805E4B03645E4BC3635E4E62
:10EB00003031B4F86A30C66400269BB20665FAF765
:10EB100093FA00286ED12268A16F9368203243F4E3
:10EB2000804342F8183CB4F86230C1E90F00C1E9F3
:10EB300013009BB20846E16DFAF77EFA002859D11E
:10EB4000A36FDB69B3F5807F236863D059684B4AB4
:10EB50000A402A435A609A68616842F40042B1F55B
:10EB6000800F9A601A6942F458721A611A6842F06A
:10EB700001021A6003D11A6842F400721A6000237D
:10EB800084F8803070BD0023012084F8803070BD8F
:10EB9000A06800287FF47EAF042B3FF47EAF012BEA
:10EBA0003FF47BAF0023022084F8803070BD072B38
:10EBB00035D8A36F9B69B3F5005F50D0B3F5804F94
:10EBC00006D1B4F862309BB203339B08A4F86230DC
:10EBD000E06F8369B3F5005F39D0B3F5804F85D11D
:10EBE000B4F86A309BB203339B08A4F86A307DE71F
:10EBF000022070BDD4F88430012243F01003104687
:10EC0000C4F8843084F8812070BD1D4B03641D4B13
:10EC1000C36374E75968194A0A405A609BE7E06F7A
:10EC20008369B3F5005F02D0B3F5804FABD1A66F17
:10EC3000B669B6F5804F06D1B4F86260B6B2013657
:10EC40007608A4F86260B3F5804F7FF44FAFB4F854
:10EC50006A309BB201335B08A4F86A3046E7B4F827
:10EC600062309BB201335B08A4F86230B0E700BFAA
:10EC7000D9EE00088DEE0008E5EE00080000FFFF69
:10EC8000C9EE000865EE00082DE9F04115468268DE
:10EC900004460E4622B94368B3F5800F00F0958014
:10ECA00094F88030012B00F09980012384F88030A3
:10ECB00094F88130012BDFB269D1002E61D0B5FA12
:10ECC00085F35B09002D5CD00421B2F5C02F666688
:10ECD00084F88110A4F86850C4F88430A4F8603037
:10ECE000A4F86A50A4F86230C4E91C3304D1226845
:10ECF000136823F400631360E3680F2B4ED9E06FB1
:10ED00008369B3F5804F3CD121688B6823F480433D
:10ED10008B603246454EB4F86A3030310664444E5A
:10ED20009BB2C663434EC66400260665FAF784F9B3
:10ED3000002857D1E36F404ADB69B3F5807F236831
:10ED4000596802EA010218BF2A435A609A6861684A
:10ED500042F48042B1F5800F9A601A6942F4507211
:10ED60001A611A6842F001021A6003D11A6842F46B
:10ED700000721A6000231F4684F880303846BDE8D0
:10ED8000F081002384F880303846BDE8F08100230C
:10ED9000022784F880303846BDE8F081072B2BD855
:10EDA0002168E06F8B6823F480438B608369B3F53F
:10EDB000005F32D0B3F5804FABD1B4F86A309BB26C
:10EDC00003339B08A4F86A30A3E72B4604250A46C0
:10EDD00080F88150BDE8F041FFF74ABE022738466F
:10EDE000BDE8F081D4F88430012243F01003C4F868
:10EDF000843084F88120C7E7E06F8269B2F5804FE4
:10EE000002D0B2F5005FBCD12168B2F5804F8B68AB
:10EE100023F480438B607FF47CAFB4F86A309BB2FC
:10EE200001335B08A4F86A3073E700BFC9EE00083D
:10EE300065EE0008E5EE00080000FFFF806B08B5F6
:10EE400090F88130072B09D0836FDB69B3F5807FA1
:10EE500005D00268136943F00803136108BDF7F792
:10EE60005BFE08BD806B08B590F88130072B09D098
:10EE7000C36FDB69B3F5807F05D00268136943F087
:10EE80000803136108BDF7F7A9FE08BD806B08B53C
:10EE900090F88130072B09D0836FDB69B3F5807F51
:10EEA00005D00268136943F00803136108BDF7F742
:10EEB000F7FE08BD704700BF806B08B5FFF7FAFF8B
:10EEC00008BD00BF704700BF806B08B5FFF7FAFFB1
:10EED00008BD00BF704700BF806B08B5FFF7FAFFA1
:10EEE00008BD00BF10B5846BFAF7B0FD022800D151
:10EEF00010BD236830495A69986940F0080098614C
:10EF0000986940F010009861186820F001001860BE
:10EF1000186901401961996821F44041996094F899
:10EF20008110042901D091063AD494F88110032964
:10EF300001D0500629D4910509D5D4F8841041F0A8
:10EF40000101C4F88410996941F400719961D205F6
:10EF500009D5D4F8842042F00802C4F884209A69C4
:10EF600042F480729A61002301222046A4F86230A4
:10EF7000A4F86A30D4F8843043F01003C4F8843025
:10EF800084F88120F7F7EEFE10BDD4F8841041F02C
:10EF90000401C4F88410996941F040019961CAE7FD
:10EFA000D4F8841041F08001C4F88410996941F0CC
:10EFB00020019961B9E700BF90FCFFFF0368196960
:10EFC0005A692DE9F04101EA02059F68044690F86C
:10EFD000816005F0640CBCF1040F2FD005F04500F2
:10EFE000012834D005F02600022800F0DF80280731
:10EFF00070D59A6917F4404FF6B242F008029A6150
:10F000009A6942F010029A619A6942F400629A6128
:10F010001A6922F008021A6123D0042E00F0DE8063
:10F02000A26FD269EAB1032E50D0E26FD269C2B1A9
:10F03000052E14D12046F7F733FE10E0436F9847B2
:10F04000236F2046984705F04503012B02D1236F1B
:10F050002046984705F02605022D00F0A780BDE860
:10F06000F0819A6812F4404F1FD1B4F86A2092B22E
:10F07000DAB1626E0EE01B6B42F8043B6266B4F8D4
:10F080006A30013B9BB2A4F86A30B4F86A309BB294
:10F090005BB12368E1680F29EDD8072940F292801F
:10F0A0001B8E22F8023B6266E9E72046FFF794F9DF
:10F0B000012384F88130D4F88430002B7FD1052ED1
:10F0C000B8D0042E00F08F80032EC8D12046F7F769
:10F0D00023FDC4E7100501D50A077AD415F4587F3B
:10F0E000BDD06E0609D5D4F8842042F00402C4F8DD
:10F0F00084209A6942F040029A61A80509D5D4F8A3
:10F10000842042F00102C4F884209A6942F400721B
:10F110009A61E90509D5D4F8842042F00802C4F8C0
:10F1200084209A6942F480729A61AA0609D5D4F8BB
:10F13000842042F08002C4F884209A6942F02002C0
:10F140009A61D4F88420002A89D0196807F44047CE
:10F15000274A21F00101B7F5404F1960196902EA09
:10F1600001021A6127D19A68E06F22F440429A6046
:10F1700050B1204B0365FAF77FF828B1D4F88430FA
:10F1800043F04003C4F88430A06F00283FF467AF19
:10F19000184B0365FAF770F800283FF460AFD4F815
:10F1A000843043F04003C4F8843058E7636F20464E
:10F1B000BDE8F04118470123204684F88130F7F775
:10F1C000D1FD4CE793F830301370626E0132626605
:10F1D00055E79A6942F400629A6140E7E26FD269AA
:10F1E000002A3FF43EAF2046F7F7F8FC37E700BFB0
:10F1F00094FCFFFFF9F1000808B5806B00230122A1
:10F20000A0F86A30A0F8623080F88120F7F7AAFDF4
:10F2100008BD00BF90F88100704700BF002800F0D3
:10F220008F8038B590F83D30044603F0FF02002B84
:10F2300060D0226802234349B2F1804F84F83D3008
:10F24000A2EB01011368B1FA81F14FEA511127D005
:10F2500031BB3D483D4D824251D000F58060824235
:10F260004DD0551B00F58060B5FA85F582424FEA16
:10F2700055154DD0002D4BD1354836498A4218BF1F
:10F2800082424FD001F580618A424BD0A06923F0C1
:10F290008003E168034313606368D162936223E0F3
:10F2A0002A4D23F07003A068551B0343B5FA85F57A
:10F2B0006D09206923F440730343A06923F08003A0
:10F2C00003431360E368D3626368936251B94DB935
:10F2D0001F49204B9A4218BF8A4203D003F580632E
:10F2E0009A4201D16369136301230020536184F8BA
:10F2F0003D3038BD80F83C2001F002FD99E7551BF8
:10F3000023F07003A068B5FA85F503436D09D0E7D3
:10F31000A06823F0700303430F488242C9D0002D38
:10F32000C7D1A9E7206923F44073A1690343E068CA
:10F3300023F080030B4361681360D0629162C7E7DA
:10F34000012070470000014000040040000401401B
:10F350000040014000440140000C00404FF0020C0E
:10F3600001680A4A034680F83DC088680240062AC0
:10F3700006D0B2F5803F03D00A6842F001020A606D
:10F380000122002083F83D20704700BF07000100E4
:10F390000368094AD96841F00101D96099680A40B7
:10F3A000062A06D0B2F5803F03D01A6842F0010267
:10F3B0001A600020704700BF0700010090F83C3041
:10F3C000012B7DD002460223006830B4012482F86C
:10F3D0003D3082F83C40544C83681C400B68602BE5
:10F3E00084606FD01DD9B3F5005F59D042D94F4921
:10F3F0008B4206D038D94E498B4202D010318B4215
:10F4000006D184684B4921400B4343F007038360D6
:10F4100000230121184682F83D1082F83C3030BCB0
:10F420007047402B67D019D9502BF1D1036A4C6833
:10F43000CD6823F00A03016A1C433E4B21F0010111
:10F440000162816921F0F00141EA051181610462E4
:10F4500081680B4043F057038360D9E7202BD0D05D
:10F460001AD9302BD4D1CCE723F01001B1F5801F8D
:10F47000CED1C6E7702BCBD18468D1E901532B43A1
:10F48000CD6824F47F4143EA05230B4383608368FE
:10F4900043F077038360BBE733F01001B8D1B0E7E6
:10F4A000D1E9015384682B43CD6824F47F4143EABA
:10F4B00005230B438360836843F480438360A7E79D
:10F4C00002207047046A4D6824F01004C968046281
:10F4D000836923F4704343EA0133016A21F0A001F8
:10F4E0008361144B41EA0511016281680B4043F0CE
:10F4F000670383608CE7036A4C68CD6823F00A03D6
:10F50000016A1C430B4B21F001010162816921F06A
:10F51000F00141EA05118161046281680B4043F00A
:10F520004703836074E700BF8800CEFF200010000F
:10F53000300010008FFFCFFF704700BF704700BF43
:10F54000704700BF704700BF03681A69910710B584
:10F55000044602D5DA68920768D41A69520702D5C0
:10F56000DA6850074FD41A69110702D5DA68120712
:10F5700037D41A69D00602D5DA68D1061ED41A69C2
:10F58000D20702D5DA68D00769D41A69110602D504
:10F59000DA6812066BD41A69D00502D5DA6811064A
:10F5A0006DD41A69520602D5DA6850066FD41A690A
:10F5B000910602D5DA68920649D410BD6FF01001A9
:10F5C0000822204619612277DB6913F4407F6FD14E
:10F5D000FFF7B2FF2046FFF7B3FF00222368227730
:10F5E000CDE76FF008010422204619612277DB691C
:10F5F0009B075AD1FFF7A0FF2046FFF7A1FF00228B
:10F6000023682277B5E76FF00401022220461961D2
:10F6100022779B6913F4407F44D1FFF78DFF20468A
:10F62000FFF78EFF0022236822779CE76FF002012C
:10F630000122196102779B69990730D1FFF77CFF9E
:10F640002046FFF77DFF00222368227785E76FF0D1
:10F65000200220461A61BDE8104000F05FB86FF04C
:10F66000010220461A6101F03BFC23688DE76FF030
:10F67000800220461A6100F053F823688BE76FF48C
:10F68000807220461A6100F04DF8236889E76FF018
:10F69000400220461A61FFF755FF236887E7FFF70E
:10F6A0004DFFD0E7FFF74AFFBCE7FFF747FFA6E7AC
:10F6B000FFF744FF91E700BF90F83C20012A28D0D3
:10F6C00003460068022230B4134D83F83D20A8425F
:10F6D0004268846818D005F58065A84214D024F0EB
:10F6E000800C22F070020C688968224300244CEAE6
:10F6F00001014FF0010C42608160204683F83DC05B
:10F7000083F83C4030BC704722F470024D682A43B5
:10F71000E5E70220704700BF00000140704700BFCE
:10F72000704700BF704700BF0B6810B4D3B90468BE
:10F73000A3F500434A6823401343D1E9024223431F
:10F740001343D1E9044223431343D1E9064223433F
:10F750001343D1E9084223435DF8044B134303608C
:10F76000002070470268D1E9074322F4F84222439F
:10F770004C6A1A430A4B2243026042681340D1E9A3
:10F78000014223431343D1E9034223431343D1E905
:10F79000054223435DF8044B134343600020704748
:10F7A0000080FFFF30B40ABB8368D1E9002403F076
:10F7B0007043013C013A43EA04131343D1E90224A4
:10F7C000013A013C43EA022343EA0432D1E904341A
:10F7D0008969013B013C013942EA034343EA04538E
:10F7E00043EA016330BC8360002070478268CC68C4
:10F7F000114B013C13404A6943EA0433541E43EA67
:10F800000454D1E900258460C3686C1E013A03F0FA
:10F81000704343EA04130C691A438B68013C8969FD
:10F82000013B013942EA032343EA044343EA01630B
:10F8300030BCC36000207047FF0F0FFF0246D1E9C4
:10F84000003010B403431469D1E9021023435DF87A
:10F85000044B013943EA4023002043EA411313617A
:10F86000704700BF0246054B002010B45469234086
:10F870005DF8044B43EA41015161704701C0FFFF4D
:10F88000022A82B0844613D009230193DCF80C309D
:10F89000002023F47053CCF80C30019BDCF80C20D2
:10F8A0009B0203F470531343CCF80C3002B0704742
:10F8B000224B234A0B44934207D9224B224A0B4442
:10F8C000934205D80E230193E0E70F230193DDE770
:10F8D0001E4B1F4A0B44934207D91E4B1E4A0B4432
:10F8E000934205D20C230193D0E70D230193CDE77A
:10F8F0001A4B1B4A0B44934202D80B230193C5E7D2
:10F90000184B194A0B44934202D20A230193BDE7D4
:10F91000164B174A0B449342B6D3164B164A0B4468
:10F92000934202D208230193B0E7144B144A0B44CC
:10F93000934234BF072306230193A7E7405327FFD1
:10F94000FF340C00401E1BFF3F420F0000DC0BFF8A
:10F950007F4F1200808CF9FE20D6130060B6E5FEC2
:10F960005FE3160000D3CEFE40771B00C05BB3FE02
:10F97000C091210000CA91FE20753800E05459FE64
:10F98000E09C4100890182B000230A4A41F0200135
:10F990000193016103E0036913F0200307D0019B89
:10F9A000013393420193F6D9032002B07047184601
:10F9B00002B07047400D0300D0F8083882B003F061
:10F9C00006030193019838B10198022804D0019BE5
:10F9D000062B0CBF02200F2002B0704730B44B78CA
:10F9E0000A78012B20D002F00F0C4FF48033D0F8AE
:10F9F0001C4800EB421203FA0CF32343C0F81C38F6
:10FA0000D2F8003B1B040CD48B68D2F8004BC3F334
:10FA10000A03C8781449234343EA80431943C2F8D0
:10FA2000001B002030BC704700F5006402F00F0599
:10FA300000EB4210AB40E5692B43E361D0F800399D
:10FA40001C04EED48B68D0F80059C3F30A03CC78B9
:10FA500005492B4343EA844343EA8252114330BCB5
:10FA6000C0F8001900207047008000102DE9F04117
:10FA70004B7891F800C0012B51D000EB4C1C844C0A
:10FA8000DCF8105B0CF530632C401C61814C1D6967
:10FA90002C401C614C6984B38D68012A7E4E2C4435
:10FAA00004F1FF34B4FBF5F406EAC44EA4B205FB3E
:10FAB00004F41D694EEA0505C4F312041D611D69B5
:10FAC00044EA05041C6125D0CB78012B0CD1D0F879
:10FAD000083813F4807FDCF8003B0CBF43F0005380
:10FAE00043F08053CCF8003BDCF8003B43F0044388
:10FAF000CCF8003B0020BDE8F0818C68012A1D692C
:10FB0000C4F3120444EA05041C611C6944F4002493
:10FB10001C61D9D1CA68002AD6D05A61D4E74D6990
:10FB2000002D3DD000EB4C14594ED1F808E0D4F82C
:10FB30001089584F08EA0606C4F8106905EB0E064E
:10FB4000013EB6FBFEFED4F810693740524EC4F8B1
:10FB5000107906EACE46D4F810793E43C4F810690D
:10FB6000C5F31206D4F810793E43C4F8106904F5C1
:10FB7000106691F803E0BEF1010F57D0012A72D050
:10FB8000D4F800290CF00F0C42F0044203FA0CF3F5
:10FB9000C4F80029D0F834281343C0F83438A9E752
:10FBA00000EB4C133B4E3A4C012AD3F8107906EA8D
:10FBB0000706C3F81069D3F8106946F40026C3F8A5
:10FBC0001069D3F8106904EA060403F51066C3F857
:10FBD000104991F803E03AD0D3F80049BEF1010F83
:10FBE00044F00444C3F8004984D1D0F8083813F431
:10FBF000807F33680CBF43F0005343F08053336081
:10FC0000002A7FF477AFADB20335AD083FF472AF91
:10FC1000CB6800EB0C3C03EB85010CF5805C53F8E2
:10FC2000042B8B42CCF80020F9D163E73369012A19
:10FC300023F0C0433361336943F00053336117D07D
:10FC4000D4F8003943F00443C4F80039CDE70B6918
:10FC500063B9BEF1010F0ED03368002043F00443B6
:10FC60003360BDE8F0810B69002BF5D07361F0E7DC
:10FC70000B69002BFAD1D0F8083813F4807F336871
:10FC80000CBF43F0005343F080533360E4E700BF00
:10FC90000000F8FFFFFF07E00000F81FF0B54C7808
:10FCA0000B78012C26D000EB4310574CD0F8105B9A
:10FCB00000F530632C401C61544C1D692C401C61C4
:10FCC0004C69A4B98C681D69C4F31204012A45F477
:10FCD00000251D611D6944EA05041C6149D0D0F866
:10FCE000003B43F00443C0F8003B0020F0BD8C68AB
:10FCF0004C61E8E74C69002C40D000EB4315424FC3
:10FD0000D1F808E0D5F810C9404E74450CEA070751
:10FD100005F5106CC5F81079D5F8107906EA0706D4
:10FD2000C5F8106958D9DCF81040012AC1F814E070
:10FD300044F40024CCF81040CEF31204DCF8106038
:10FD400044EA0604CCF810403AD0D5F8002942F035
:10FD50000442C5F80029BEF1000FC6D003F00F0120
:10FD60000123D0F834288B401343C0F834380020E6
:10FD7000F0BDCA68002AB2D05A61B0E700EB431068
:10FD8000224B012AD0F8104900F5106C03EA040355
:10FD9000CCF81030DCF8103043F40023CCF81030ED
:10FDA000194BDCF8104003EA0403CCF8103007D0FC
:10FDB000D0F8003943F00443C0F800390020F0BD0A
:10FDC0000B690BB1CCF81430DCF80030002043F0A4
:10FDD0000443CCF80030F0BDDCF81060C4F312042A
:10FDE000012A46F40026CCF81060DCF8106044EAE2
:10FDF0000604CCF81040E3D0D5F8002942F00442C4
:10FE0000C5F80029AAE700BF0000F8FFFFFF07E0E0
:10FE100010B49DF8044064B903339B0809D0013243
:10FE200001EB830300EB023051F8042B8B4202609C
:10FE3000FAD100205DF8044B704700BF03329208EE
:10FE40000AD000F5805C01EB8200DCF8003041F85C
:10FE5000043B8842F9D17047084670474A780B78CE
:10FE6000012A00EB43100CD0D0F8002B0BB1002A74
:10FE700014DAD0F8003B43F40013C0F8003B002034
:10FE80007047D0F80029002A00DB73B9D0F8003998
:10FE900043F40013C0F8003900207047D0F8003B4D
:10FEA00023F08043C0F8003BE3E7D0F8003923F0AB
:10FEB0008043C0F80039D0F8003943F40013C0F88B
:10FEC0000039E9E74A780B78012A00EB431013D098
:10FED000D0F8003B23F40013C0F8003BCB78023B82
:10FEE000012B01D900207047D0F8003B43F080532C
:10FEF000C0F8003B00207047D0F8003923F400130D
:10FF0000C0F80039CB78023B012BEBD8D0F8003990
:10FF100043F08053C0F800390020704703460901C0
:10FF20000020D3F8002801F4FE6122F4FE62C3F839
:10FF30000028D3F800281143C3F80018704700BF09
:10FF400082B0436901938269019B13400193019838
:10FF500002B0704782B0D0F818380193D0F81C284E
:10FF6000019B134001930198000C02B0704700BF41
:10FF700082B0D0F818380193D0F81C28019B1340A8
:10FF80000193019880B202B0704700BF00EB4111AD
:10FF900082B0D1F8083B0193D0F81428019B13409C
:10FFA0000193019802B0704784B0D0F8103801F086
:10FFB0000F0C00EB41110293D0F834380393039BEC
:10FFC000029A23FA0CF3DB01DBB213430293D1F85C
:10FFD0000839029A13400193019804B0704700BF9A
:10FFE000406900F001007047D0F8001900F5006387
:10FFF0000A4A0A40C0F800299A6802F00602042A58
:020000040801F1
:1000000005D1D0F8002942F00302C0F800295A684F
:10001000002042F480725A60704700BF00F8FFFF72
:10002000144B10B4046C9C421AD800F530600023C5
:1000300001290361036943F400230361036943F069
:1000400018030361036943F0C043036104D14261B3
:10005000036843F08023036000205DF8044B704781
:10006000D0F8003B00F53060002BE0DA00205DF8AE
:10007000044B70470A30544FD0F8002401F00303BA
:10008000012900F5806C22F00302C0F80024D0F8AA
:10009000002443EA0203C0F8003409D0022901D049
:1000A0000020704741F270730020CCF80430704794
:1000B0004BF680330020CCF804307047D0F814049D
:1000C00080B2704700EB4111002382B001F5A062BD
:1000D0000193D1F8003513F4802FD1F8003543F0A7
:1000E0008043C1F8003522D1C36A13F47F0FD1F8E1
:1000F000003523D123F00043C1F80035D1F8003595
:1001000043F00043C1F80035D1F8003523F4004333
:10011000C1F8003502E01368002B13DA019B0133AC
:10012000B3F57A7F0193F6D9002002B07047D0F87A
:10013000103413F47F0FD1F8003506D043F000439C
:10014000C1F80035002002B0704723F00043C1F829
:100150000035D1F8003543F00043C1F80035D1F83F
:10016000003523F40043C1F8003502E01368002B8A
:10017000E8DA019B0133B3F57A7F0193F6D90020C9
:1001800002B0704730B4002484B04FF48465AA4AAA
:1001900000940146836823F00103836003940561A2
:1001A00002E00B69980604D5039B01339342039345
:1001B000F7D900201023A04A02900B6102E00B69DE
:1001C000DB0604D5029B013393420293F7D9D1F8A1
:1001D000003501F5A06201F5E0600193019B43F059
:1001E00080430193019B23F000430193019B23F47F
:1001F00000430193019BC1F80035D1F820350193EC
:10020000019B43F080430193019B23F00043019342
:10021000019B23F400430193019BC1F82035D1F8E1
:1002200040350193019B43F080430193019B23F0F0
:1002300000430193019B23F400430193019BC1F808
:100240004035D1F860350193019B43F08043019321
:10025000019B23F000430193019B23F4004301938E
:10026000019BC1F86035D1F880350193019B43F0C3
:1002700080430193019B23F000430193019B23F4EE
:1002800000430193019BC1F88035D1F8A03501935B
:10029000019B43F080430193019B23F000430193B2
:1002A000019B23F400430193019BC1F8A035D1F8D1
:1002B000C0350193019B43F080430193019B23F0E0
:1002C00000430193019B23F400430193019BC1F878
:1002D000C035D1F8E0350193019B43F08043019391
:1002E000019B23F000430193019B23F400430193FE
:1002F000019BC1F8E035D1F800360193019B43F032
:1003000080430193019B23F000430193019B23F45D
:1003100000430193019BC1F80036D1F820360193C8
:10032000019B43F080430193019B23F00043019321
:10033000019B23F400430193019BC1F82036D1F8BF
:1003400040360193019B43F080430193019B23F0CE
:1003500000430193019B23F400430193019BC1F8E7
:100360004036D1F860360193019B43F080430193FE
:10037000019B23F000430193019B23F4004301936D
:10038000019BC1F86036D1F880360193019B43F0A0
:1003900080430193019B23F000430193019B23F4CD
:1003A00000430193019BC1F88036D1F8A036019338
:1003B000019B43F080430193019B23F00043019391
:1003C000019B23F400430193019BC1F8A036D1F8AF
:1003D000C0360193019B43F080430193019B23F0BE
:1003E00000430193019B23F400430193019BC1F857
:1003F000C036D1F8E0360193019B43F0804301936E
:10040000019B23F000430193019B23F400430193DC
:10041000019BC1F8E03613680193019B43F08043D0
:100420000193019B43F000430193019B23F400439C
:100430000193019B136004E0400D03001368002B3F
:1004400005DA009B0133B3F57A7F0093F6D92032A9
:100450008242E0D14FF0FF330020C1F814344B61E9
:100460008B6843F001038B6004B030BC704700BF61
:1004700008B5D0F88C321BB11B68984700B908BD8D
:10048000022008BD08B5D0F88C325B689847002080
:1004900008BD00BF38B500F520750446284600F0B9
:1004A0007DFB0122B4F8863294F88012C4E99B23C4
:1004B00001F01F03934209D0022B13D063B101F066
:1004C00080012046F7F772F9002038BD2946204602
:1004D00000F092FA002038BD2946204600F00AF9C3
:1004E000002038BD2946204600F0BAFA002038BD69
:1004F00038B5054669B91346D0F86C22032A15D0E1
:10050000052A0C460ED1C5F86C12F7F74FF92046B4
:1005100038BDD0F88C329B6933B190F87422032A2D
:1005200002D19847002038BD022038BDD0E95312CF
:1005300091420CD9891A8A42C0F84C1188BF8AB2FC
:10054000194698BF92B200F055FB002038BDD0F894
:100550008C321B691BB190F87422032A04D0284600
:1005600000F052FB002038BD9847F8E770B504460C
:1005700061B9D0F86C32022B15D033F0040337D0B8
:1005800094F87832012B2ED0002070BDD0F88C3238
:100590005B6933B190F87422032A02D19847002096
:1005A00070BD022070BDD0E908630D469E4223D87D
:1005B000C669B6FBF3F203FB12620AB9B34228D94B
:1005C000D4F88C32DB681BB194F87422032A30D043
:1005D00080212046F7F7EAF8204600F021FB94F846
:1005E0007832012BD0D10023184684F8783270BDC0
:1005F0008021F7F7DBF8C3E7F31A114603629AB2DA
:1006000000F0EEFA2B462A4629462046F7F71AF95B
:10061000B6E7D0F870329E42D2D20A4600F0E0FA35
:100620002B462A4629462046C4F87052F7F70AF9A5
:10063000A6E720469847CBE770B50022402604463F
:10064000012511463346F7F79FF8334680210022F3
:100650002046C4F84451C4F85061F7F795F80021DA
:10066000D4F89032A561666284F87452C4F86C12B2
:100670006160C4F87C1223B1D4F88C3220465B68E8
:100680009847002070BD00BF0346002019747047D2
:1006900003460421002093F8742283F8741283F82F
:1006A000752270470346002093F8752283F8742260
:1006B000704700BF90F87422032A01D000207047D1
:1006C00008B5D0F88C32DB6903B19847002008BD2B
:1006D000002070470020704700207047D0F88C221F
:1006E000012108B580F874120179536898470020F9
:1006F00008BD00BF30B50B7883B00D46044603F04B
:100700006003202B0DD0402B0BD09BB180212046C5
:10071000F7F74CF800212046F7F748F8002003B01F
:1007200030BDD4F88C32294620469B68984700207B
:1007300003B030BD4B78092BE8D801A252F823F062
:100740009B070108C70701080D070108E507010815
:100750000D070108ED070108250801080D0701082C
:1007600055080108690701088978A24D01292970F7
:10077000CCD890F87432022B00F01281032B00F0D9
:1007800000818021F7F712F800212046F7F70EF8D4
:1007900029782046FFF776FEC0E790F87432013BD7
:1007A000022BB3D8CB88022BB0D10122D0F87C32F7
:1007B000C2600BB10323C360022204F10C01204686
:1007C00000F000FAAAE790F87432013B022B9DD8A2
:1007D0004B88012BA2D100232046C4F87C3200F0C4
:1007E00013FA9BE74B88012B98D1F5E78B88002BF8
:1007F0008CD1CB88002B89D14D887F2D86D890F85D
:100800007432032B82D0E9B280F87612F6F7FEFF3D
:10081000204600F0F9F9002D00F0E080022384F872
:1008200074327BE74A88130A013B062B3FF66EAF12
:1008300001A151F823F000BFE9080108D10801081F
:10084000BF0801080D0701080D070108A9080108E4
:100850007B080108CA88012A7FF458AF90F87432E7
:10086000022B00F28780002B3FF450AF014600239B
:1008700041F8083F00F0A6F950E7037C002B7FF415
:1008800045AFD0F88C320DF106001B6B984707235B
:100890004370BDF80620002A67D0EB88002B5BD19F
:1008A000204600F0B1F939E7037C002B7FF42EAF2E
:1008B000D0F88C320DF106005B6B9847E9E7D1B2B6
:1008C000052900F28F80DFE801F0271F17372F3F3F
:1008D000037C002B72D1D0F88C320DF106009B6A9C
:1008E000984702234370D4E7D0F888320DF106010F
:1008F000007C1B689847CCE7D0F888320DF10601E0
:10090000007CDB689847C4E7D0F888320DF1060117
:10091000007C9B689847BCE7D0F888320DF106014F
:10092000007C5B689847B4E7D0F888320DF1060187
:10093000007C5B699847ACE7D0F888320DF106017E
:10094000007C1B699847A4E7D0F888320DF10601B6
:10095000007C9B6998479CE79A420146204628BF45
:100960001A46ADF8062000F02DF9EB88002B7FF435
:10097000D5AE95E7032B7FF4C9AE011D00F022F937
:10098000CCE621B3416801298AD0C9B2FFF77AFDCC
:10099000297820466160FFF76BFD022880D1B5E61B
:1009A00000293FF47DAF01210323416080F87432B8
:1009B000FFF75EFD02287FF473AFA7E6D0F88C3214
:1009C0000DF10600DB6A98470223437061E70223BA
:1009D000416080F87432FFF755FD61E7012384F828
:1009E00074329BE6D0F88C320DF106029B6B98476F
:1009F0004FE700BF5027002438B50B780D4604465A
:100A000003F06002402A0AD05B0608D58021F6F781
:100A1000CDFE00212046F6F7C9FE002038BD94F82F
:100A20007432013B022B11D82B79012B0ED8D4F84C
:100A30008C32294620469B689847EB88002BECD1E6
:100A40000028EAD1204600F0DFF8E6E780212046C2
:100A5000F6F7ACFE00212046F6F7A8FE002038BDD0
:100A600038B50B78044603F06003202B0CD0402BE4
:100A70000AD083B180212046F6F798FE0021204657
:100A8000F6F794FE002038BDD4F88C3220469B68DF
:100A90009847002038BD4B788A88012B5FFA82FC8A
:100AA00037D0032B23D0002BE4D190F87432022BE3
:100AB0004AD0032BDED10CF00F03120603EB8303A5
:100AC00000EB830351D4D3F84431002BD2D00CF087
:100AD0007F03142505FB030505F5A075002B4FD1F9
:100AE0002B6002222946204600F06CF8CAE790F8F5
:100AF0007432022B1DD0032BBCD14B882BB91CF0B8
:100B00007F0F02D0CB88002B43D0204600F07CF82A
:100B1000B8E790F87432022B0BD0032BAAD14B8884
:100B2000002BAFD11CF07F0FEFD06146F6F74CFEE3
:100B3000EBE71CF07F0F9DD06146F6F737FE802172
:100B40002046F6F733FE9DE71CF07F0F92D1110689
:100B50004FF000034FF002024CBF00F1140100F50A
:100B6000A0710B6000F02EF88CE79B69002B81D000
:100B70000CF07F035D1C05EB850500EB8505ADE7FB
:100B800061462046F6F72EFE08B10123A8E728604B
:100B9000A7E76146F6F70AFEB7E700BF0B780370D8
:100BA0004B784370CA788B7803EB022343804A79F1
:100BB0000B7903EB02238380CA798B7903EB022341
:100BC000C380704710B5134602240A460021C0F8BE
:100BD0006C42C0E90733F6F727FE002010BD00BFC6
:100BE0008C46002108B513466246F6F71DFE00202C
:100BF00008BD00BF8C46002108B513466246F6F7D3
:100C000021FE002008BD00BF08B504210023C0F864
:100C10006C121A461946F6F707FE002008BD00BF01
:100C200008B505210023C0F86C121A461946F6F7DC
:100C300009FE002008BD00BFD0F8C4230132C0F86F
:100C4000C42302780B2A00D07047D0F87C33002BE5
:100C5000FAD09B69184700BF012380F823337047FF
:100C6000002380F8233370470346002201211046F9
:100C700083F8201383F8212383F82223704700BFD1
:100C800038B501230025044680F8213380F823532A
:100C900080F82053F6F7FAFD2179204600F006F897
:100CA0006179204600F002F8284638BD0A2907D8A5
:100CB00000EB8100D0F88433C3F30E03C0F8843313
:100CC000002070470C4A82B00C4BD2F8DC1041F087
:100CD0004001C2F8DC10D2F8DC2002F040020192A0
:100CE000019A1A6822F020021A601A6842F004027F
:100CF0001A6002B0704700BF004402580018024852
:100D0000714A036811698B4200B587B04BD0916E70
:100D10008B4200F0B680D2F8C0108B4200F0B38056
:100D2000D2F818118B4200F0B080B3F1804F1ED082
:100D3000664A93420DD0664A934200F0A880654A05
:100D4000934200F0B280644A93421ED007B05DF82F
:100D500004FB624BD3F8E82042F00202C3F8E8201B
:100D6000D3F8E83003F002030293029BEEE75B4BFB
:100D7000D3F8E82042F00102C3F8E820D3F8E830C5
:100D800003F001030193019BE0E7544BD3F8E82003
:100D900042F01002C3F8E820D3F8E83003F0100363
:100DA0000593059BD2E700205821B3F1804F01FB4A
:100DB0000022127B1ED045498B4235D044498B42DC
:100DC00048D044498B42BED1444BD3F8E81041F09F
:100DD0000801C3F8E810D3F8E83003F008030493DF
:100DE000049B002AB2D0322000220F21F7F788FCA2
:100DF000322014E0394BD3F8E81041F00101C3F878
:100E0000E810D3F8E83003F001030193019B002AB6
:100E10009CD01C2000220F21F7F772FC1C2007B089
:100E20005DF804EBF7F7AABC2C4BD3F8E81041F0BF
:100E30000201C3F8E810D3F8E83003F0020302938C
:100E4000029B002A82D01D2000220F21F7F758FCB8
:100E50001D20E4E7214BD3F8E81041F00401C3F86A
:100E6000E810D3F8E83003F004030393039B002A4F
:100E70003FF46CAF1E2000220F21F7F741FC1E202B
:100E8000CDE7012090E702208EE703208CE7134B8B
:100E9000D3F8E82042F00402C3F8E820D3F8E830A1
:100EA00003F004030393039B50E70C4BD3F8E820B3
:100EB00042F00802C3F8E820D3F8E83003F0080352
:100EC0000493049B42E700BF542700240004004021
:100ED00000080040000C0040001000400044025890
:100EE0000F4B026819698A420BD0996E8A4211D061
:100EF000D3F8C0108A420FD0D3F818118A420DD00F
:100F000070470021582202FB01331A6D002AF7D0E6
:100F1000586D10470121F5E70221F3E70321F1E7BE
:100F2000542700240148FEF70FBB00BF64270024AC
:100F30000148FEF709BB00BFBC2700240148FEF7AB
:100F400003BB00BF142800240148FEF7FDBA00BF10
:100F50006C280024F0B54FF0580C0F682E4D8DB062
:100F60000CFB07FC032F05EB0C06066047DC0B4669
:100F70000868344649689A6807C41B7B237004AC30
:100F80007268264B002A4FF00002726118BF1022CF
:100F9000B2610FCB84E80F000CAB03EB870353F86F
:100FA000203CB3F1804F336124D01D4A934221D0BD
:100FB00030890CF1100458230021802203FB0753D1
:100FC0002C44C3E907019A622046FEF727F903463D
:100FD00000B1FEE74FF4805208A92046099301931F
:100FE0000892CDE90A33CDE90233FEF7E7F903466B
:100FF00040B1FEE7582303FB07539868D9E7012067
:101000000DB0F0BD01A9204601930393FEF754FBF8
:101010000028F5D0FEE700BF5427002454490108FA
:10102000000C0040006808B5037B10302BB1FEF7C0
:10103000AFF9003818BF012008BDFEF78FF900385E
:1010400018BF012008BD00BF0C4B00224FF0FF313C
:101050001A739960196683F86420C3F8B81083F88E
:10106000BC20C3F8101183F81421C3E90022C3E99E
:101070001622C3E92C22C3E94222704754270024D8
:101080001F4BC1680268F0B5D3F88C5083B0036978
:10109000ADB24D1BA2B1AB4212D00446866811D24C
:1010A000F018E91ACDE9001000F04AFF0023DDE94D
:1010B0000010D4E90062B047E3682561AB421BD061
:1010C00003B0F0BDF018C91ACDE9000100F038FFF7
:1010D0000023DDE90001D4E90072B8473046294613
:1010E00000F02EFF00233046626829462668B0478C
:1010F000E3682561AB42E3D10023236103B0F0BD77
:10110000000002402DE9F84F04460F4690461E4667
:1011100000F13405284601F055F92028FAD14FF4A2
:1011200080630020C4F8D030C4F848314FF4403315
:10113000C4F8CC00C4F8E030C4F858314E4BC4F8C1
:10114000DC00C4F8C03003F57A73C4F8E400C4F8D6
:1011500038314023C4F8C800C4F84031E369C4F80A
:101160004401C4F85401C4F85C01C4E93500C4E981
:101170005300072B0BD8DFE803F061535A373E4585
:101180004C045123C4F8C4305223C4F83C3104F554
:101190009C794846F7F792FD08B1FFBEFEE7C4F818
:1011A000A890C4F87051EFF3108972B6DFF8D0B090
:1011B00094F91C30DFF8CCA08BF800300A9B2F4C40
:1011C000CAF800300B9B23600EB11846B0471FFAD7
:1011D00088F23946284600F0DFFEB0BBB9F1000FB7
:1011E00000D162B6BDE8F88F3F23C4F8C430402375
:1011F000C4F83C31CBE74123C4F8C4304223C4F8DF
:101200003C31C4E74723C4F8C4304823C4F83C3118
:10121000BDE74F23C4F8C4305023C4F83C31B6E7CF
:101220002B23C4F8C4302C23C4F83C31AFE72D2362
:10123000C4F8C4302E23C4F83C31A8E72923C4F8ED
:10124000C4302A23C4F83C31A1E7FF238BF80030D7
:101250000023CAF8003023600A9B3BB10B980121A0
:1012600098470120B9F1000FBCD1BAE70120B9F1CC
:10127000000FB7D1B5E700BF88000240EC3700246B
:10128000E8370024E43700242DE9F84F04460F46E0
:1012900090461E4600F13405284601F093F82028B8
:1012A000FAD14FF480630020C4F8D030C4F848313C
:1012B0004FF44033C4F8CC00C4F8E030C4F85831DF
:1012C0004E4BC4F8DC00C4F8C03003F57A73C4F8A0
:1012D000E400C4F838314023C4F8C800C4F84031F1
:1012E000E369C4F84401C4F85401C4F85C01C4E9DA
:1012F0003500C4E95300072B0BD8DFE803F0615336
:101300005A373E454C045123C4F8C4305223C4F824
:101310003C3104F1C0094846F7F7D0FC08B1FFBEE4
:10132000FEE7C4F8AC90C4F8F850EFF3108972B639
:10133000DFF8D0B094F91C30DFF8CCA08BF8003087
:101340000A9B2F4CCAF800300B9B23600EB1184645
:10135000B0471FFA88F23946284600F06FFEB0BB4E
:10136000B9F1000F00D162B6BDE8F88F3F23C4F891
:10137000C4304023C4F83C31CBE74123C4F8C43027
:101380004223C4F83C31C4E74723C4F8C43048239F
:10139000C4F83C31BDE74F23C4F8C4305023C4F82F
:1013A0003C31B6E72B23C4F8C4302C23C4F83C31BD
:1013B000AFE72D23C4F8C4302E23C4F83C31A8E78E
:1013C0002923C4F8C4302A23C4F83C31A1E7FF2301
:1013D0008BF800300023CAF8003023600A9B3BB131
:1013E0000B98012198470120B9F1000FBCD1BAE751
:1013F0000120B9F1000FB7D1B5E700BF8800024066
:10140000EC370024E8370024E43700242DE9F041CC
:101410000D4682B0EFF3108772B6002948D1FF2342
:10142000254A264C237013682BB1002029461060F2
:10143000234A1068984723781B0625D5DFF8888053
:101440000025204E444605E001351C3406F5D876CB
:10145000092D19D0A369012B1BD0002BF4D12168D1
:1014600030460029F0D06369019323690093E36853
:101470002289FFF709FF0028E6D1C5EBC50508EB77
:10148000850348F82500586007B962B602B0BDE888
:10149000F08161680029D7D06369304601932369E0
:1014A0000093E3682289FFF72DFE0028CCD1E4E702
:1014B00002F084FAB3E700BFE4370024E8370024E1
:1014C000EC370024B428002494010024F0B5002354
:1014D00087B0022204460493CDE90223027EC36949
:1014E0000B2A4FEA430523D1A27E0B2A02D100200A
:1014F00007B0F0BD48496B1C484851F82330457887
:1015000001781878E67E884269D0824277D0D87810
:1015100003F1030C81426ED0824278D0987903F1B6
:10152000060C88426FD0824233D0012007B0F0BD54
:10153000394B3A4853F8253001784678187894F8B2
:1015400019C081423DD0824241D0D87803F1030EC8
:10155000814240D082424AD0987903F1060E8842F7
:1015600041D08242E1D1DB796345DED1734604F19B
:1015700018069B7830460593F6F796F903463046F1
:101580001E46F6F799F901A901903046F8F760FA7E
:10159000AAE7DB79B342C8D163461A349B78204668
:1015A0000593F6F781F9034620461C46F6F784F9C1
:1015B000034601A920460193F8F74AFA002007B034
:1015C000F0BD93F801E0B645BFD08242BDD1587856
:1015D0006045BAD1CBE71F79B742BBD1BCE75F7892
:1015E000AF4292D193E7D979B142BAD19DE7187948
:1015F0006045B1D1BAE71F79AF428DD18EE75878F7
:10160000B04284D1C9E7D979A9428CD18DE7187944
:10161000B04283D1C0E700BFAC020024A80200247E
:101620007E4A03689342F0B58FB000F0E380A2F5E4
:101630004C42934200F0E08002F58062934200F059
:10164000DD8002F58062934200F0DA8002F580626C
:10165000934200F0D98002F54442934200F0D280D8
:10166000A2F51C42934200F0D18002F580629342C1
:1016700000F0CE806A4A934240F0CC800826694D43
:101680004FF4D87404FB0654A07EF6F71DF9207EB3
:10169000F6F71AF9E369082B13D8DFE803F03B49A2
:1016A000576573818F9D05005F4BD3F8F42042F09E
:1016B0000802C3F8F420D3F8F43003F008030893C9
:1016C000089B2046FFF702FF012801D1FFBEFEE77D
:1016D0004FF4D8740EAA554F0DF1240C04FB065498
:1016E000E36902EB43050FCFACE80F003B68002233
:1016F000ACF80030114635F9140CF7F701F8E3693E
:101700000EAA02EB430333F9140C0FB0BDE8F0400E
:10171000F7F734B8444BD3F8F02042F01002C3F886
:10172000F020D3F8F03003F010030093009BC8E7DB
:101730003D4BD3F8E82042F40032C3F8E820D3F858
:10174000E83003F400330193019BBAE7364BD3F83A
:10175000E82042F48022C3F8E820D3F8E83003F40C
:1017600080230293029BACE72F4BD3F8E82042F48E
:101770000022C3F8E820D3F8E83003F400230393F1
:10178000039B9EE7284BD3F8E82042F48012C3F86D
:10179000E820D3F8E83003F480130493049B90E727
:1017A000214BD3F8F02042F02002C3F8F020D3F808
:1017B000F03003F020030593059B82E71A4BD3F822
:1017C000E82042F08042C3F8E820D3F8E83003F084
:1017D00080430693069B74E7134BD3F8E82042F04E
:1017E0000042C3F8E820D3F8E83003F00043079341
:1017F000079B66E7002642E7012640E702263EE710
:1018000003263CE705263AE7042638E7062636E7AE
:10181000072634E700239B7EFFDE00BF0010014057
:10182000000C0058B4280024004402586449010800
:101830002DE9F04F91B0002301223F490DF1240A18
:1018400009938B4601F11C09CAF8143001F13808DC
:10185000CDF800A001F15407CDF804A001F1700605
:10186000CDF808A001F18C05CDF80CA001F1A80479
:10187000CDF810A001F1C40ECDF814A001F1E00CD8
:10188000CAE90133CAE903330F92FF222B4BCDE99A
:1018900006AA1A70BAE80F00ABE80F009AE8070032
:1018A000009B8BE807009B46BBE80F00A9E80F00F0
:1018B0009AE80700019B89E807009946B9E80F00FC
:1018C000A8E80F009AE80700029B88E807009846FE
:1018D000B8E80F000FC79AE80700039B87E80700E6
:1018E0001F460FCF0FC69AE80700049B86E8070043
:1018F0001E460FCE0FC59AE80700059B85E8070036
:101900001D460FCD0FC49AE80700069B84E8070028
:101910001C460FCCAEE80F00079B9AE807001C4658
:101920008EE807000FCCACE80F009AE807008CE8BF
:10193000070011B0BDE8F08F94010024E8370024BF
:1019400010B5094C04F1340000F04AFC237D1BB1B2
:10195000636BDB69DB0600D410BD2046FFF790FB0C
:10196000636B10221A6210BDB428002410B50B4C12
:1019700004F5F27000F034FC94F8C43123B1D4F8CB
:10198000E431DB69DB0600D410BD04F5D870FFF745
:1019900077FBD4F8E43110221A6210BDB428002479
:1019A00010B50B4C04F5657000F01AFC94F8743314
:1019B00023B1D4F89433DB69DB0600D410BD04F501
:1019C0005870FFF75DFBD4F8943310221A6210BDF3
:1019D000B428002410B50B4C04F2445000F000FC75
:1019E00094F8243523B1D4F84435DB69DB0600D400
:1019F00010BD04F5A260FFF743FBD4F84435102274
:101A00001A6210BDB428002410B50B4C04F2F46027
:101A100000F0E6FB94F8D43623B1D4F8F436DB6951
:101A2000DB0600D410BD04F5D860FFF729FBD4F81D
:101A3000F43610221A6210BDB428002410B50B4CE5
:101A400004F6A40000F0CCFB94F8843823B1D4F859
:101A5000A438DB69DB0600D410BD04F50760FFF78E
:101A60000FFBD4F8A43810221A6210BDB428002449
:101A700010B50B4C04F6542000F0B2FB94F8343A45
:101A800023B1D4F8543ADB69DB0600D410BD04F569
:101A90002260FFF7F5FAD4F8543A10221A6210BD0A
:101AA000B428002410B50B4C04F6044000F098FB59
:101AB00094F8E43B23B1D4F8043CDB69DB0600D4A2
:101AC00010BD04F53D60FFF7DBFAD4F8043C1022AA
:101AD0001A6210BDB428002410B50B4C04F6B450A3
:101AE00000F07EFB94F8943D23B1D4F8B43DDB695B
:101AF000DB0600D410BD04F55860FFF7C1FAD4F836
:101B0000B43D10221A6210BDB428002410B5EFF3C2
:101B1000108472B6084B1A78120602D504B962B660
:101B200010BD1B784FF4D87204485BB202FB03006F
:101B3000C030F7F73BFCF1E7E8370024B428002475
:101B400010B5EFF3108472B6094B1A78120602D55D
:101B500004B962B610BD1B784FF4D87205485BB269
:101B600002FB030000F59C70F7F720FCF0E700BFD4
:101B7000E8370024B42800240021FFF747BC00BF49
:101B8000214A036893422BD0A2F54C42934229D0BC
:101B900002F58062934227D002F58062934225D0FD
:101BA00002F58062934223D002F54442934221D051
:101BB000A2F51C4293421FD002F5806293421DD0D1
:101BC000124A93421CD108224FF4D871104B01FBEA
:101BD0000233197D11B11846FFF752BAFFF716BC50
:101BE0000022F1E70122EFE70222EDE70322EBE713
:101BF0000422E9E70522E7E70622E5E70722E3E713
:101C000000231B7DFFDE00BF00100140000C0058C8
:101C1000B4280024204A0368934229D0A2F54C42FC
:101C2000934227D002F58062934225D002F580626C
:101C3000934223D002F58062934221D002F54442C0
:101C400093421FD0A2F51C4293421DD002F5806240
:101C500093421BD0114A93421AD1082310484FF4E3
:101C6000D87202FB0300037D03B97047FFF708BA7F
:101C70000023F3E70123F1E70223EFE70323EDE776
:101C80000423EBE70523E9E70623E7E70723E5E776
:101C900000231B7DFFDE00BF00100140000C005838
:101CA000B42800240121FFF7B1BB00BF534B012230
:101CB000002047F6122130B4C3E97420C3E977212C
:101CC000C3E9E020C3E9E3211A62DA6258621963CA
:101CD000C3F83025C3F83405C3F83C25C3F84015D4
:101CE000C3F8E026C3F8E406C3F8EC26C3F8F01600
:101CF000C3F89028C3F89408C3F89C28C3F8A01828
:101D0000C3F8402AC3F8440AC3F84C2AC3F8501A4F
:101D1000C3F8F02BC3F8F40BC3F8FC2BC3F8001C7A
:101D2000C3F8A40D3648C3F8A02DC3F8AC2DC3F8F2
:101D3000B01D0288837833490068334CCA804FEA6B
:101D4000104C0B723149E2802372A1F80320A4F8F1
:101D5000032063714B712E4CCA800B722D492E4D9E
:101D6000E2802372A1F80320A4F8032063714B7171
:101D70002A4CCA800B722A49EA8008802B7281F8AB
:101D800002C0E2802372A1F803204B71CA800B725B
:101D90002449A1F803204B71CA800B722249A1F893
:101DA00003204B71CA800B722049088081F802C061
:101DB000A1F803204B71CA800B721D49088081F87D
:101DC00002C0A1F803204B71CA800B721949088028
:101DD00081F802C01848A1F803204B71CA800B7229
:101DE0001649A0F803204371C2800372A1F80320B2
:101DF0004B71CA800B7230BC704700BFB4280024FE
:101E0000A8020024300300245403002448030024C3
:101E10006C030024600300243C0300241803002406
:101E2000143800247803002424030024F03700240D
:101E300008380024FC3700249C020024900200246F
:101E40003E4B00220B20114610B5D3F8D84082B08B
:101E500044F00104C3F8D840D3F8D84004F001049A
:101E60000094009CD3F8D84044F00204C3F8D84052
:101E7000D3F8D83003F002030193019BF6F740FC3E
:101E80000B20F6F77BFC00220C201146F6F738FCFD
:101E90000C20F6F773FC00220D201146F6F730FCFB
:101EA0000D20F6F76BFC00220E201146F6F728FCF9
:101EB0000E20F6F763FC00220F201146F6F720FCF7
:101EC0000F20F6F75BFC002210201146F6F718FCF5
:101ED0001020F6F753FC00223C201146F6F710FCC8
:101EE0003C20F6F74BFC002211201146F6F708FCC7
:101EF0001120F6F743FC002238201146F6F700FCCB
:101F00003820F6F73BFC002239201146F6F7F8FBA3
:101F10003920F6F733FC00223A201146F6F7F0FBA1
:101F20003A20F6F72BFC00223B201146F6F7E8FB9F
:101F30003B2002B0BDE81040F6F720BC0044025838
:101F400020F01F002031BFF34F8F002907DD064A24
:101F50000144C2F85C0220300B1A002BF9DCBFF3FD
:101F60004F8FBFF36F8F704700ED00E0034688B1DD
:101F700090F83D20022A03D0802201209A66704703
:101F800002680421002083F83D10D36823F0010388
:101F9000D360704701207047F8B5D0F88070202FCB
:101FA00044D1002940D0B2FA82F67609002A3BD00B
:101FB000044690F87C00012838D001252123606F69
:101FC000A4F856202165C4F88860A4F8542084F849
:101FD0007C50C4F88030D8B1DFF854C01346226872
:101FE000C0F83CC0DFF84CC028320665C0F840C0DD
:101FF000DFF844C0C0F84CC0F7F71EF840B110231A
:10200000284684F87C60C4F88830C4F88070F8BD35
:102010002368002240211046196284F87C209A68C7
:1020200042F080029A60F8BD0120F8BD0220F8BDA0
:10203000E92001081921010869210108F8B5D0F843
:102040008470202F48D1002944D0B2FA82F6760954
:10205000002A3FD090F87C300446012B3CD001256B
:102060002223C0F888608165A0F85C2080F87C504D
:10207000C0F88430806FE0B1DFF860C013460A46D4
:102080002168C0F83CC0DFF858C024310665C0F8AC
:1020900040C0DFF850C0C0F84CC0F6F7CDFF40B1EB
:1020A0001023284684F87C60C4F88830C4F8807017
:1020B000F8BD2368002084F87C001A6842F480721E
:1020C0001A609A6842F001029A609A6842F04002EF
:1020D0009A60F8BD0120F8BD0220F8BD2521010855
:1020E0005D2101086921010808B5C369806BB3F55A
:1020F000807F0CD003680022A0F856209A6822F056
:1021000080029A601A6842F040021A6008BDFFF728
:1021100033FD08BD704700BF806B08B5FFF7FAFFBD
:1021200008BD00BF08B5C369806BB3F5807F12D0CE
:10213000036800222021A0F85E201A6822F4807231
:102140001A609A6822F001029A609A6822F04002AE
:102150009A60C0F88410FFF713FD08BD806B08B5C6
:10216000FFF758FD08BD00BF806B38B50368D0F895
:102170008040D0F884109A68150601D5212C1DD016
:102180009A68520601D5222908D0D0F8883043F049
:102190001003C0F88830FFF785FD38BD00240F4AD2
:1021A0002025A0F85E40196821F4907119609968A3
:1021B0000A409A60C0F88450C466E6E700222024F2
:1021C000A0F856201A6822F0C0021A609A6822F419
:1021D00000029A60C0F88040D2E700BFFEFFFFEF28
:1021E0000268D36970B51E0715680446916800F04F
:1021F00084806C4805F4907C08405CEA00061DD1A0
:10220000D80202D54E0200F19D80180606D501F4D1
:10221000000105F08000014340F08C805E0602D58D
:10222000680600F19B80190202D56A0000F1A380C4
:10223000DB0102D5002DC0F2AA8070BDDE0709D5F2
:10224000EE0507D501261662D4F8886046F001062F
:10225000C4F888609E0760D5CE0709D502261662AD
:10226000D4F8886046F00406C4F888605E0758D445
:102270001E070CD505F0200C5CEA000007D00820F2
:102280001062D4F8880040F00800C4F88800D4F840
:1022900088000028D1D09E0606D505F0200501F063
:1022A000805155EA01036BD1D4F88850936805F04A
:1022B000080503F040031D436ED0116820203A4BFF
:1022C00021F49071116091680B4000219360C4F873
:1022D00084009368E1665D063CD59368A06F23F0A7
:1022E00040039360002835D0304B0365F6F7C4FFF8
:1022F0000028A2D0A06F036D0CE09E0680D505F0EB
:10230000200C01F0805E5CEA0E063FF479AFC36EEC
:10231000002B92D0BDE8704018475E07A8D5CE07C5
:10232000A6D504261662D4F8886046F00206C4F8E2
:1023300088609DE7236F002B3FF47FAF2046BDE808
:10234000704018474FF4801320461362BDE8704078
:1023500001F068BB2046FFF7A5FC70BD1368202084
:10236000002123F040031360C4F880002046216759
:10237000FFF702FC70BD2046BDE8704001F056BB7F
:10238000E36E002B90D02046984722688CE72046C9
:10239000BDE8704001F048BB2046FFF783FCC4F85D
:1023A000885070BD01000010FEFFFFEFB12301084F
:1023B00008B5806B0023A0F85E30A0F85630FFF718
:1023C00071FC08BDD0F88020D0F88400104370471D
:1023D000F0B58268044687B02368D0E904101D6810
:1023E0000A43616E0243E06902430A43A849294057
:1023F000A84D0A43E168AB421A605A6822F4405281
:1024000042EA0102A1695A6000F09D80226A9D683B
:102410001143A14A666A2A4011439960DA6A22F0A0
:102420000F023243DA629D4A934224D09C4A93427F
:1024300055D09C4A934200F02F829B4A934200F071
:102440009B829A4A934200F0E980994A934200F0B5
:102450009D82984A934200F0D885974A934200F0B3
:10246000D682012500234FF0011228462367C4E9D4
:102470001A2307B0F0BD914B5B6D03F03803282B96
:10248000EFD88F4AD55CB0F5004F33D0202D00F245
:10249000D981202D00F2B680DFE815F0A8017B017C
:1024A000B400B4007201B400B400B4004901B40037
:1024B000B400B400B400B400B400B4001C01B40013
:1024C000B400B400B400B400B400B400B400B4006C
:1024D000B400B400B400B400B400B400CA00774B38
:1024E0005B6D03F00703052BBBD8764AB0F5004FB0
:1024F000D55CCBD1202D00F21482202D00F2008279
:10250000DFE815F08A035804FE01FE012804FE01ED
:10251000FE01FE018604FE01FE01FE01FE01FE0138
:10252000FE01FE01F203FE01FE01FE01FE01FE01BD
:10253000FE01FE01FE01FE01FE01FE01FE01FE01A3
:10254000FE01FE01B7039868534A02405B480A4304
:102550009A60DA6A616A22F00F020A43DA62836DD6
:1025600003F00703052B3FF67CAF574AD65C202EBD
:1025700000F29C81012E7FF674AFB31E1E2B3FF636
:1025800070AF01A252F823F03F2B01086324010829
:10259000E92A01086324010863240108632401086F
:1025A000B32B010863240108632401086324010894
:1025B00063240108632401086324010863240108DB
:1025C000532B0108632401086324010863240108D4
:1025D00063240108632401086324010863240108BB
:1025E00063240108632401086324010863240108AB
:1025F000632401086324010863240108632401089B
:10260000C92B010801250023A3F110014FF6EF7239
:1026100091423FF626AF2268D36023E7274B5B6DDC
:1026200003F00703052B3FF61CAF284AD55C2AE7C9
:10263000002E00F0B581012E00F09E85022E00F0E4
:10264000B185032E00F0D885042E00F0F485052E08
:1026500000F08486062E00F0BE86072E00F0FD8670
:10266000082E00F05087092E00F07B870A2E00F01C
:10267000DC8743F60953164A0B2E18BF13466268CF
:10268000002503EB5203B3FBF2F39BB2BCE700BFA0
:10269000F369FFCF000C0058FFF4FF110010014058
:1026A0000044004000480040004C00400050004002
:1026B0000014014000780040007C004000440258B3
:1026C0002C5301085853010860530108585301085E
:1026D00000093D00B34B1A68920640F16F811A68F9
:1026E000B14BC2F3C102D340002EC8D0012E00F07E
:1026F000EF81022E00F0C584032E00F0BF84042E6B
:1027000000F02B85052E00F09D86062E00F0DC865D
:10271000072E00F01C86082E00F04E86092E00F0D1
:102720008E860A2E00F0E3860B2EA8D126E003A8A1
:10273000FAF78CFF626A049B002AA0D0012A00F0FD
:10274000C781022A00F09D84032A00F09784042A9E
:1027500000F00385052A00F0FD84062A00F07E853E
:10276000072A00F0F485082A00F02686092A00F0DE
:1027700066860A2A00F0BB860B2A80D11B0A7EE7F8
:102780006846FAF7A5FE626A019B002A3FF477AF1C
:10279000D4E7FAF73DF8636A03B3012B00F0F38442
:1027A000022B00F0CE84032B00F0C884042B00F031
:1027B0001785052B00F01185062B00F00686072BE8
:1027C00000F04886082B00F09B86092B00F0E1867C
:1027D0000A2B00F03B870B2B08BF000A626800251C
:1027E00000EB5203B3FBF2F39BB20DE7F9F7F4FFF2
:1027F000636A03B3012B00F0C984022B00F0A784A5
:10280000032B00F0A184042B00F0E484052B00F0DE
:10281000DE84062B00F0E685072B00F03686082BB9
:1028200000F08786092B00F0B1860A2B00F0FA86AB
:102830000B2B08BF000A626800EB5203B3FBF2F3F4
:102840009BB2E1E6402D7FF40CAE002E00F0DC8060
:10285000012E00F09484022E00F0A784032E00F0D5
:10286000C784042E00F0EC84052E00F07A85062E35
:1028700000F0B485072E00F0FE85082E00F0498692
:10288000092E00F08B860A2E00F029870B2E0CBF34
:1028900080234FF40043F2E6424B5B6D03F00703E5
:1028A000052B3FF6DEAD414AD55CECE5402E7FF4CA
:1028B000D8AD002900F0B580012900F06E8402290E
:1028C00000F08284032900F0AF84042900F03B85E6
:1028D000052900F06985062900F0AD85072900F07B
:1028E000EF85082900F03686092900F05B860A2961
:1028F00000F0F9860B290CBF80254FF4004592E0CB
:1029000001250023A3F110014FF6EF7291423FF62B
:10291000A8AD23F00F02C3F3420313432268D36030
:10292000A0E5402D7FF49DAD002E00F0D380012E58
:1029300000F0D280022E00F06D84032E00F0F484AB
:10294000042E00F02585052E00F06885062E00F087
:10295000C285072E00F01086082E00F04886092E4A
:1029600000F059860A2E00F0EC860B2E0CBF4FF4B7
:1029700080704FF48030AFE00A4B5B6D03F00703CB
:10298000052B3FF66EAD0A4AD55C7CE5054B5B6DC9
:1029900003F03803282B3FF664AD064AD55C72E598
:1029A000054B6CE6004402580090D00358530108D0
:1029B000585301082C53010800093D00002E00F077
:1029C000BA83012E00F0FD83022E00F02A84032E2C
:1029D00000F0B684042E00F0E484052E00F0288573
:1029E000062E00F08785072EDAD0082E00F0C4836B
:1029F000092E00F0D7830A2E00F01D84B44BB54A8F
:102A00000B2E18BF13463AE64FF4004337E6B24B9D
:102A10005B6D03F00703052B3FF623ADAF4AD55C92
:102A200031E54FF40045676807EB4703AB423FF6DB
:102A300018ADB5EB073F3FF614AD202E00F2F08243
:102A4000012E7FF60EAD023E1E2E3FF60AAD01A30B
:102A500053F826F0912F010863240108672F01081D
:102A6000632401086324010863240108052F010879
:102A70006324010863240108632401086324010816
:102A8000632401086324010863240108992E0108C6
:102A900063240108632401086324010863240108F6
:102AA00063240108632401086324010863240108E6
:102AB00063240108632401086324010863240108D6
:102AC000632401086324010863240108212E0108FE
:102AD0005B08D4E54FF480306268002500EB5203B8
:102AE000B3FBF2F39BB20DE76846FAF7F1FC636AB9
:102AF000019D03B3012B00F0CF82022B00F0C782AF
:102B0000032B00F0C182042B00F02F83052B00F073
:102B10002983062B00F09883072B00F02684082BCE
:102B200000F04D84092B00F09B840A2B00F0FB84FD
:102B30000B2B00F06582002D3FF494AC73E7FAF79D
:102B4000B5FC636A0546002BD4D1002D3FF48AAC56
:102B500069E7614B1A68950640F1A5821B685D4DD7
:102B6000C3F3C103DD4000293FF45DAF012900F04C
:102B70004D83022900F04683032900F04083042995
:102B800000F04584052900F08384062900F0D484F0
:102B9000072900F02085082900F04F85092900F059
:102BA000F9850A2900F0FD850B297FF43CAF2D0A39
:102BB00039E703A8FAF74AFD636A049D002B99D10F
:102BC000002D3FF44FAC2EE7002900F06A82012966
:102BD00000F0DF82022900F0F282032900F028834E
:102BE000042900F0AA83052900F0D883062900F003
:102BF0002E84072900F06184082900F0AF84092998
:102C000000F0EF840A2900F0148543F60955344B8F
:102C10000B2918BF1D4606E7F9F7DEFD636A03B30B
:102C2000012B00F0CA82022B00F0F782032B00F088
:102C30007F83042B00F0B083052B00F0EB83062B81
:102C400000F05084072B00F09E84082B00F0B9841C
:102C5000092B00F0E4840A2B00F070850B2B08BFD1
:102C6000000A61684A0802EB4003B3FBF1F39BB230
:102C700048E6002E00F03A82012E00F09A82022EE1
:102C800000F0C682032E00F04D83042E00F07E83F8
:102C9000052E00F0BA83062E00F02184072E00F0E6
:102CA0006F84082E00F08284092E00F0CC840A2E56
:102CB00000F06C8547F612230A4A0B2E18BF134604
:102CC0006268002503EB5203B3FBF2F39BB219E6F3
:102CD00090D003000090D0030044025858530108DC
:102CE00000093D0000127A00A44B1A68910640F1D9
:102CF000FF811A68A24BC2F3C10223FA02F206B3A3
:102D0000012E00F0B182022E00F03783032E00F076
:102D10006F83042E00F0C683052E00F00084062E7B
:102D200000F06F84072E00F07184082E00F00385F8
:102D3000092E00F03C850A2E00F036850B2E08BFC8
:102D4000120A616800254B0803EB4203B3FBF1F361
:102D50009BB2D7E56846FAF7BBFB626A019902B3FA
:102D6000012A00F00782022A00F01A82032A00F0EA
:102D70003A82042A00F06282052A00F0EB82062AD9
:102D800000F01683072A00F07483082A00F0A1835C
:102D9000092A00F001840A2A00F05B840B2A08BF8C
:102DA000090A62680025530803EB4103B3FBF2F301
:102DB0009BB2A7E5F9F72CFD636A03B3012B00F082
:102DC000FA81022B00F02B82032B00F08382042B6C
:102DD00000F0DA82052B00F02583062B00F06983D2
:102DE000072B00F0C283082B00F0EE83092B00F0C4
:102DF0007E840A2B00F08D840B2B08BF000A6168CB
:102E000000254A0802EB4003B3FBF1F39BB279E5DE
:102E100003A8FAF71BFC626A0499002AC1D09FE755
:102E2000616A002900F05482012900F01F83022901
:102E300000F08B83032900F0BF83042900F0008495
:102E4000052900F0AA84062900F08E84072900F0E5
:102E50008784082900F0E584092900F0DE840A2926
:102E600000F0A8844748484B0B2918BF184600219A
:102E70007B083A4618184FF0000341F10001EDF7C6
:102E80003BFCA0F54073414A93423FF6EAAA23680F
:102E90000025D860FFF7E6BA384A116811F0200122
:102EA00000F0E781136800213548C3F3C103D8401F
:102EB000636A0BB3012B00F04B83022B00F07F837E
:102EC000032B00F00584042B00F05D84052B00F03B
:102ED0002C84062B00F0A984072B00F0B484082B67
:102EE00000F0AD84092B00F094840A2B00F08D844F
:102EF0000B2B01D1000A00210902030241EA1061F3
:102F00007808B6E703A8FAF7A1FB0498636A0021E2
:102F100002460BB3012B00F03582022B00F08682B3
:102F2000032B00F0C182042B00F02183052B00F05D
:102F30004D83062B00F09083072B00F02184082B93
:102F400000F00B84092B00F004840A2B00F052845B
:102F50000B2B01D1100A002162680902030241EA29
:102F60001061500886E76846FAF7B2FA0198636A7A
:102F700000210246002BEFD0CCE700BF00440258EE
:102F80000090D00300093D000000093DFFFC0F0048
:102F9000FAF78CFA626A002103460AB3012A00F0AC
:102FA0006E82022A00F0B982032A00F02483042AE8
:102FB00000F09383052A00F0A683062A00F0DA8346
:102FC000072A00F0D583082A00F01C84092A00F0A3
:102FD00015840A2A00F02F840B2A01D1030A00214C
:102FE00062680902180241EA13615308C0184FF0E1
:102FF000000341F10001EDF77FFBA0F5407342E7CC
:103000002D0A002D3FF42EAA0DE5B54B5B6D03F0A4
:103010000703052B3FF625AAB24AD55CFFF733BA62
:10302000402E7FF41EAA616A002900F04E8101291A
:1030300000F02782022900F08482032900F0CE826A
:10304000042900F05783052900F05983062900F070
:103050006883072900F06083082900F0B7830929F5
:1030600000F0AF830A2900F0C0830B294FF0000164
:103070000CBF4FF400404FF40000F9E69A4AA2FB5F
:1030800003239B08FFF7FBBA974BA3FB0535AD085D
:10309000002D3FF4E7A9C6E46D08002D3FF4E2A936
:1030A000C1E4924DBFE400295AD0012900F0AC8060
:1030B000022900F0DB80032900F06181042900F07F
:1030C000A181052900F0EB81062900F0168207296D
:1030D000E7D008295DD0092971D00A2900F02D8197
:1030E000834D844B0B2918BF1D469CE4824BE7E5BA
:1030F000002E50D0012E00F0AF80022E00F03B8158
:10310000032E00F07A81042E00F0C781052E00F016
:10311000FD81062E00F04D82072EE7D0082E48D004
:10312000092E75D00A2E00F03181744B744A0B2E93
:1031300018BF1346C4E56F4BFFF7A1BA6A4BA3FB58
:1031400000308008FFF74ABB674BA3FB00308008C4
:10315000FFF771BB6B4AA2FB0323DB08FFF78FBAB3
:10316000644D60E4674BA3FB0535ED08002D3FF48B
:1031700079A958E4490814E6634BFFF780BA4FF485
:103180008043FFF77CBA4008FFF728BB4008FFF7F1
:1031900052BB5D4D47E45A4B92E54FF4804542E403
:1031A0008908FEE5594BFFF76ABA4FF40053FFF761
:1031B00066BA4E4B84E5400821E6400851E5534D80
:1031C00031E4534BFFF75BBA4FF400552BE44D4B02
:1031D000A3FB0030C008FFF72EBB4A4BA3FB003017
:1031E000C008FFF7FBBA404BA3FB01239908D8E5C1
:1031F00041F25553FFF743BA464BFFF740BA3A4BFB
:10320000A3FB0535AD080EE4414D0CE46D080AE45E
:103210003D4B55E54FF480405EE4800821E5800891
:10322000EDE53D4BFFF72BBA41F25555FFF7FBBBE0
:10323000384DFFF7F8BB314BFFF721BAC908B0E5AD
:103240004FF48053FFF71BBA0C23B5FBF3F5002DA9
:103250003FF408A9FFF7E7BB264B31E5224AA2FB62
:103260000323DB08FFF70BBA52086AE52A4DFFF784
:10327000DABB626A002A00F0C280012A00F079817C
:10328000022A00F0B281032A00F0C381042A00F070
:103290005E82052A00F05982062A00F09E82072AE3
:1032A00000F09982082A00F09D82092A00F0978296
:1032B0000A2A00F083820B2A184A0E4B0EBF002107
:1032C0000321134678083A4690E64FF40000CFE514
:1032D0001348CDE5044BA3FB002398088FE500BFFE
:1032E0000044025858530108ABAAAAAA00093D009D
:1032F00090D003000090D00300127A0020A10700B4
:103300000020A107CDCCCCCC80841E0040420F0011
:103310000048E8012A2C0A000024F400000090D0A4
:103320000000093DCF4BCBE442F6AA20FFF7D4BB07
:10333000CD4BA3FB0023980893E4CC4DFFF773BB60
:10334000CB4BFFF79CB94FF48055FFF76CBB1B09C3
:10335000FFF795B90A23B1FBF3F122E5C54BFFF75F
:103360008EB940F6CC43FFF78AB92D09002D3FF402
:1033700079A8FFF758BBC04BA2E49208E1E4BC4D2A
:10338000FFF751BB4008E7E5C00838E5BB4B97E4C1
:103390004FF40050FFF7A0BBC00862E4B54DFFF743
:1033A00042BBB74BFFF76BB940F6CC45FFF73BBBD1
:1033B0000C23B1FBF3F1F4E45B09FFF760B96D098D
:1033C000002D3FF44FA8FFF72EBBA74BA3FB003007
:1033D000C008FFF703BAAB4BFFF751B940F6AA2379
:1033E000FFF74DB9A04BA3FB0030C008FFF723BA8D
:1033F0009D4BA3FB02239A08A3E4A34B60E4A34BD9
:1034000003215FE79E4DFFF70EBBA14B58E4ED088B
:10341000FFF709BB0A23B0FBF3F022E441F6981052
:10342000FFF75ABB0A23B0FBF3F0E8E4800893E50A
:10343000984BFFF724B940F6AA25FFF7F4BA9B0989
:10344000FFF71DB90A22B3FBF2F3FFF718B98D4D50
:10345000FFF7E9BA0009FFF7C1B98F4BFFF70FB9C2
:10346000AD09002D3EF4FEAFFFF7DDBA8B48002119
:10347000FEE4090995E44FF40063FFF700B943083F
:10348000AEE54FF480000021F2E40009FFF7D3B964
:103490000A23B5FBF3F5FFF7C6BA814B10E47D4D67
:1034A000FFF7C1BAD2084CE406220023EDF724F955
:1034B00052E50C23B0FBF3F0A1E4774DFFF7B3BA6C
:1034C0004FF40065FFF7AFBA0C22B3FBF2F3FFF73E
:1034D000D6B8490965E441F25450FFF7FDBA714B83
:1034E000FFF7EEBB0C23B0FBF3F0FFF7BABBDB0931
:1034F000FFF7C5B86C4BFFF7C2B86B4DFFF793BA37
:103500004009FFF76BB9694BFFF7B9B8684BFFF794
:10351000D7BB4FF48063FFF7B2B8830860E50A2396
:10352000B2FBF3F20DE4ED09002D3EF49BAFFFF783
:103530007ABA4009FFF77FB90C23B5FBF3F5FFF723
:1035400072BA4FF40010002192E45A4800218FE42F
:103550004008D1E44FF48065FFF765BA534DFFF79B
:1035600062BA4FF22443FFF78AB8000947E4C00863
:10357000F2E4514B1146A5E64FF48050FFF7ACBA88
:103580003A4BFFF79DBB0009FFF76BBB8009FFF7C4
:1035900052B98009FFF722B9890902E44FF4007398
:1035A000FFF76DB84FF40075FFF73DBA3A4BFFF7E0
:1035B00087BB2F4BFFF784BB4048002158E48008AD
:1035C0009AE44009FFF74DBB400918E40A220023A2
:1035D000EDF792F8C0E42D09FFF725BA384800212D
:1035E00046E44FF22445FFF71EBA364B6AE64FF425
:1035F0000060FFF771BA00230622EDF77DF803465D
:10360000EEE40C23B2FBF3F2FFF79BBB1209FFF7CA
:1036100098BB2D4B56E64FF48060FFF75DBA8009EA
:10362000FFF71FBBC009FFF706B947F61223FFF7E4
:1036300026B847F61225FFF7F6B96D09FFF7F3B97B
:103640002248002114E4194BFFF73ABBC009FFF7E9
:10365000C5B8C909FFF7A5BB0C220023EDF74CF84C
:103660007AE400BF54581400ABAAAAAA20A107000C
:10367000AAC2A200801A06000048E80140420F00DA
:1036800000127A001516050054854501000090D0FF
:1036900000350C0000A8610090D003000080841E5B
:1036A0000024F4002A2C0A005561510048E801006A
:1036B0000050C3000040420F000048E8002A2C0AD6
:1036C00000551500000024F400AAC2A20020A107A2
:1036D00006220023EDF710F80EE4C30880E44FF44F
:1036E0008073FEF7CCBF4FF48075FFF79CB980095B
:1036F000FFF785BB4FF480100021FFF7B9BB53489B
:103700000021FFF7B5BB00230A22ECF7F5FF0346C3
:1037100066E4C009FFF773BB4FF400200021FFF7F8
:10372000A7BB4B480021FFF7A3BB0A220023ECF7FD
:10373000E3FFFFF7E1BB5209FFF703BBC009FFF747
:1037400090BA4FF40070FFF7C7B9424BBAE5424B4D
:10375000B8E590090021FFF7FFBB4009FFF7FCBB6C
:103760003E480021FFF784BB3D480021FFF780BBA6
:10377000030935E400230C22ECF7BEFF03462FE4D7
:103780000009FFF7E9BBC008FFF7B6BB4FF22443BF
:10379000FFF796BAAD09FFF746B932480021FFF7A7
:1037A00067BBED09FFF73FB9D209FFF7CABA920923
:1037B000FFF7C7BA2C480021FFF75ABB2B4B00215B
:1037C00080E54FF400300021FFF752BB4FF480201A
:1037D0000021FFF74DBB264B74E5264B72E5264BC7
:1037E00000216FE5254B00216CE54FF4803000216E
:1037F000FFF73EBBD0090021FFF7AEBB83090021D4
:10380000FFF7EEBB4309FFF7EBBBC0090021FFF751
:1038100073BB80090021FFF76FBB19480021FFF738
:1038200027BB18480021FFF723BB0C220023ECF72D
:1038300063FFFFF761BBC3090021FFF7D1BB40095C
:103840000021FFF759BB0009FFF756BB00CC0C0065
:1038500000AA0A000000A8610000127A0090D003BC
:103860000015160500801A0600127A000020A10734
:103870000000093D005561510040420F0080841E48
:103880000024F4000048E801836ADA0710B406D582
:103890000168C46A4A6822F4003222434A609C07E5
:1038A00006D50168046B4A6822F4803222434A60DC
:1038B000590706D50168446B4A6822F480222243E6
:1038C0004A601A0706D50168846B4A6822F40042F0
:1038D00022434A60DC0606D50168C46B8A6822F47C
:1038E000805222438A60990606D50168046C8A6872
:1038F00022F4005222438A605A060AD50168446CB9
:103900004A68B4F5801F22F4801242EA04024A6039
:103910000BD01B0606D50268C16C536823F4002344
:103920000B4353605DF8044B70474A68846C22F483
:10393000C00222434A60ECE7002370B50446C0F899
:103940008830F4F7CDF8054623681A6811070CD4BF
:103950001A68520725D420220023C4F88020184674
:10396000C4F8842084F87C3070BDDE6916F400163B
:10397000EED1F4F7B5F8431BB3F1007F2368F4D31D
:103980001A682021032022F4D0721A609A6822F06B
:1039900001029A60C4F8801084F87C60C4F8841036
:1039A00070BDDE6916F48006D5D1F4F799F8431B93
:1039B000B3F1007F2368F4D3E2E700BF80B3D0F80F
:1039C000803010B5044633B3226824232046C4F85F
:1039D0008030136823F001031360FEF7F9FC01281F
:1039E00017D0A36A8BB9236820465A6822F4904204
:1039F0005A609A6822F02A029A601A6842F001021C
:103A0000BDE810401A60FFF797BF2046FFF73CFF64
:103A1000E9E7012010BD80F87C30FDF701FED3E717
:103A200001207047704700BF704700BF704700BF5C
:103A300038B503790C4615462DED048B032B55D86C
:103A4000DFE803F04F2E150290ED000AF7EE007A42
:103A5000D5ED006A20EE000A91ED007A77EEC07A8B
:103A600020EE260AA7EE270ABDEC048B38BDDFED59
:103A7000217A90ED007A9FED200AA7EE270A00F048
:103A800067F9F7EE007AD5ED006A77EEC07A94ED2B
:103A9000007A20EE260ABDEC048BA7EE270A38BD7B
:103AA00090ED009ADFED158A29EE280A00F0C4F99E
:103AB000F7EE007AB0EE408A37EEC90A20EE280A07
:103AC00000F0BAF9F0EE407A95ED000A94ED007A34
:103AD00028EE008AB0EE480ABDEC048BA7EE270A58
:103AE00038BDF7EE007A90ED000ACCE79FED040AAE
:103AF000BAE700BF550C5D41550C5DC1DB0FC93FF6
:103B0000000000000B460146184600F09BBA00F08A
:103B100000B800F0CFBA000038B510EE104AC4F378
:103B20000A53B3F57D7FB7EEC07A1ED227EE077B2E
:103B3000B3F5667F6FD327EE071B634B93ED142B12
:103B400093ED125B93ED0E3BA7EE025B93ED0C0B36
:103B500093ED104BA7EE030B27EE017BA1EE040BB8
:103B6000A5EE070BB7EEC00B38BD40F22E429342D4
:103B700054D8554991ED086B27EE066BFDEEC66BE8
:103B800091ED0A5B16EE903A03F500031B1613F055
:103B9000020F06EE903A01F1700208BF0A46D807FC
:103BA000B8EEE66BA6EE457B27EE076B1AD503F061
:103BB000030301EBC30393ED002B92ED1A4B92ED3F
:103BC000185B92ED163BA6EE045B27EE027B27EE18
:103BD000064B26EE046BA4EE037BA5EE067BB7EE48
:103BE000C70B38BD92ED142B92ED127B92ED0E3B7C
:103BF00092ED0C0B92ED104B26EE065BA6EE027BCF
:103C0000A6EE030B26EE056BA5EE040BA7EE060B46
:103C1000B7EEC00B38BDB7EE000A38BDB3F5FF6F85
:103C20003DD22A4BC4F3836203EB820153F8222076
:103C30000D69C4F31603C4F3C25043F40003834078
:103C4000086A03FB02F2A3FB0010E3FB050202F18A
:103C500000518D0F01F04041511AECF71FFD1C4B34
:103C60009FED177B05EBD47441EC160B14F0020F9B
:103C7000A3F1700208BF1346E90726EE077B27EE83
:103C8000076B10D504F0030402EBC40494ED002B81
:103C900093ED1A4B93ED185B93ED163B93E7BDE85C
:103CA000384000F045B893ED142B93ED127B93ED63
:103CB0000E3B93ED0C0B93ED104B9DE7AFF30080A3
:103CC000182D4454FB21193C10550108B05401082B
:103CD0008055010810B582B08DED010A044600F050
:103CE000BFF99DED010A046002B010BD30B1F1EEE4
:103CF000407A27EE800A2220FFF7ECBFF0EE407AF0
:103D000027EE800A2220FFF7E5BF00BF9FED010AE2
:103D1000FFF7ECBF000000109FED010AFFF7E6BFC0
:103D20000000201A9FED010AFFF7E0BF00000070BD
:103D300070EE407AB4EE400A87EEA77AF1EE10FA00
:103D4000B0EE470A02D62120FFF7C4BF704700BF7C
:103D500010EE103A40F22A41C3F30A528A42B7EEFB
:103D6000C03A32D8B7EE000B2D4B93ED4A2B93EDB2
:103D7000481BB0EE417BA2EE037B17EE100A37EE34
:103D8000417B00F01F0203EBC20130B492EE037BD3
:103D900093ED4C4B53F832404D6893ED4E6B93EDE1
:103DA000505BA4EE076B27EE074B00210A1905EBC9
:103DB000C033A5EE070B43EC172BA6EE040B30BC6B
:103DC00020EE070BB7EEC00B704713F5000F20D0A5
:103DD000B2F5FF6F1AD2DFED137AB4EEE70AF1EE17
:103DE00010FA10DCDFED107AB4EEE70AF1EE10FA0B
:103DF00012D4DFED0E7AB4EEE70AF1EE10FAB1D587
:103E00000020FFF789BF0020FFF78CBF30EE000ACB
:103E100070479FED070A70470020FFF777BF00BF8C
:103E2000685301081772B142B4F1CFC2CF8ECEC22F
:103E3000000000000000000030B510EE104AC4F38E
:103E40000A53B3F57D7FB7EEC06A83B01BD226EE6E
:103E5000065BB3F5667F70D326EE052B25EE021BBD
:103E6000754B93ED1A3B93ED187B93ED164BA5EE36
:103E7000037BA2EE046BB0EE460BA7EE010BB7EE90
:103E8000C00B03B030BD40F22E42934260D86A4965
:103E900091ED087B26EE077BFDEEC77B91ED0A5B7B
:103EA00017EE903A03F500031B1613F0020F07EE0E
:103EB000903A01F1700208BF0A46D807B8EEE77BD6
:103EC000A7EE456BB0EE460B26EE067B1BD403F047
:103ED000030301EBC30392ED1A5B93ED003B92EDFC
:103EE000186B20EE030B92ED164BA7EE056B20EE40
:103EF000075B27EE057BA5EE040BA6EE070BB7EEDE
:103F0000C00B03B030BD92ED142B27EE075B92ED92
:103F1000126B92ED0E3BA7EE026B92ED0C0B92ED45
:103F2000104BA7EE030B27EE057BA5EE040BA6EEC8
:103F3000070BB7EEC00B03B030BD220D12F4FF6FBC
:103F4000DFD1B7EEC55B00EE104A8DED015AD8E720
:103F5000B3F5FF6F4BD2394BC4F3836203EB82019D
:103F600053F822200D69C4F31603C4F3C25043F47E
:103F700000038340086A03FB02F2A3FB0010E3FB8B
:103F8000050202F100518D0F01F04041511AECF78A
:103F900085FB2B4B9FED267B05EBD47441EC160B78
:103FA00014F0020FA3F1700208BF1346E90726EED2
:103FB000077B27EE076B1FD404F0030402EBC40455
:103FC00093ED1A4B94ED002B93ED185B27EE027BDB
:103FD00093ED163BA6EE045B27EE064B26EE046B34
:103FE000A4EE037BA5EE067BB7EEC70B89E703B013
:103FF000BDE83040FFF79CBE93ED142B26EE065B28
:1040000093ED127B93ED0E3BA6EE027B93ED0C0B32
:1040100093ED104BA6EE030B26EE056BA5EE040BFD
:10402000A7EE060BB7EEC00B6BE700BFAFF3008047
:10403000182D4454FB21193C10550108B0540108B7
:104040008055010810B5054C13462CB10A460146AF
:104050000220AFF3008010BD2046FCE70000000006
:10406000014B1868704700BF8403002470B50D4DE4
:104070000D4C641BA4100026A64209D10B4D0C4C1C
:1040800001F000FB641BA4100026A64205D170BD00
:1040900055F8043B98470136EEE755F8043B98473E
:1040A0000136F2E7A4560108A4560108A4560108F7
:1040B000C8560108024B0146186800F019B800BF45
:1040C000840300240A44914200F1FF3300D1704779
:1040D00010B511F8014B03F8014F9142F9D110BD11
:1040E00002440346934200D1704703F8011BF9E7ED
:1040F00037B5002944D051F8043C0190002BA1F1C0
:104100000404B8BFE41800F0CBF81E4A0198136805
:1041100033B96360146003B0BDE8304000F0C6B846
:10412000A34208D9256861198B4201BF19685B68F1
:1041300049192160EDE71A465B680BB1A342FAD931
:1041400011685518A5420BD1246821445418A34284
:104150001160E0D11C685B68536021441160DAE7AC
:1041600002D90C230360D6E7256861198B4204BF8E
:1041700019685B68636004BF491921605460CAE72D
:1041800003B030BD20380024F8B5CD1C25F0030560
:1041900008350C2D38BF0C25002D064601DBA94241
:1041A00003D90C2333600020F8BD00F079F82149D1
:1041B0000A6814469CB9204F3B6823B92146304613
:1041C00000F03CF838602946304600F037F8431CD0
:1041D00023D10C233360304600F068F8E3E723680E
:1041E0005B1B17D40B2B03D923601C44256004E010
:1041F0006368A2420CBF0B605360304600F056F873
:1042000004F10B00231D20F00700C21ACCD01B1AAA
:10421000A350C9E722466468CCE7C41C24F0030419
:10422000A042E3D0211A304600F008F80130DDD179
:10423000CFE700BF203800242438002438B5064DCD
:104240000023044608462B6000F06EFB431C02D19D
:104250002B6803B1236038BD2C3800240EB400B5A0
:104260009CB01DAB029006906FF000410948079189
:104270000491094953F8042B05910068019302A9A0
:1042800000F076F8029B00221A701CB05DF804EB77
:1042900003B07047840300240802FFFF7047704793
:1042A0000148FFF7FBBF00BF283800240148FFF793
:1042B000F6BF00BF283800242DE9F0478E689E42E3
:1042C00082460C4690461F4638D88A8912F4906F71
:1042D00032D025680969A5EB0109656905EB45053B
:1042E00005EBD57501334B446D109D4238BF1D461B
:1042F000530531D52946FFF747FF064650B90C2331
:10430000CAF80030A38943F04003A3814FF0FF3087
:10431000BDE8F08721694A46FFF7D4FEA38923F45C
:10432000906343F08003A381266165614E44A5EB51
:1043300009052660A5603E46BE4200D93E4620687B
:104340003246414600F0A8FAA3689B1BA36023688D
:10435000334423600020DBE72A4600F0B7FA064624
:104360000028E1D121695046FFF7C2FEC7E70000EF
:104370002DE9F04F98468B891B069DB007460D46E8
:1043800014460ED50B6963B94021FFF7FDFE286086
:10439000286120B90C233B604FF0FF30D1E040236F
:1043A0006B610023099320238DF82930CDF80C8010
:1043B0003023DFF8A8818DF82A304FF00109234619
:1043C0009A4613F8012B0AB1252AF9D1BAEB040B4E
:1043D0000BD05B46224629463846FFF76DFF013079
:1043E00000F0AA80099A5A4409929AF80030002BEA
:1043F00000F0A28000234FF0FF32CDE905230AF13F
:10440000010A049307938DF853301A9354460522FA
:1044100014F8011B5148EBF763FF049AD8B9D00692
:1044200044BF20238DF85330110744BF2B238DF850
:1044300053309AF800302A2B15D0079A54460020A2
:104440004FF00A0C214611F8013B303B092B4ED9A5
:10445000B0B1079214E0A0EB080309FA03F3134389
:104460000493A246D2E7039B191D1B680391002BFE
:10447000BBBF5B4242F0020207930793B8BF0492AE
:1044800023782E2B0CD163782A2B35D1039B1A1D50
:104490001B680392002BB8BF4FF0FF330234059323
:1044A000DFF8C8A0217803225046EBF719FF40B18E
:1044B0004023A0EB0A0003FA00F0049B03430134FD
:1044C000049314F8011B26488DF828100622EBF7F8
:1044D00007FF002838D0234B1BBB039B073323F077
:1044E000070308330393099B3344099367E70CFBE5
:1044F00002320C460120A5E700230134059319463A
:104500004FF00A0C204610F8012B303A092A03D943
:10451000002BC5D00591C3E70CFB01210446012304
:10452000F0E703AB00932A460F4B04A93846AFF3DC
:104530000080421C0646D6D1AB895B063FF52CAF06
:1045400009981DB0BDE8F08F03AB00932A46064BD7
:1045500004A9384600F07AF8EBE700BF505601088E
:104560005A56010800000000B942010856560108D9
:104570002DE9F047164699468A680B69DDF82080D8
:104580009342B8BF1346336091F8432007460C4668
:104590000AB1013333602368990642BF336802339E
:1045A0003360256815F0060506D104F1190AE368A1
:1045B00032689B1AAB4226DC94F84320131E226813
:1045C00018BF012392062BD404F143024946384612
:1045D000C04701301ED02368E568326803F0060347
:1045E000042B08BFAD1AA36822690CBF25EAE57544
:1045F00000259342C4BF9B1AED1800261A34B54219
:104600001AD1002008E00123524649463846C047E7
:10461000013003D14FF0FF30BDE8F0870135C6E728
:10462000E1185A1C302081F84300224494F84510C8
:1046300082F843100233C7E7012322464946384631
:10464000C0470130E6D00136D9E700002DE9FF4729
:104650000F7E0C9D782F914680460C469A4601F1BC
:10466000430207D8622F0AD8002F00F0D880582FB5
:1046700000F0A38004F1420584F842703AE0A7F10B
:104680006303152BF6D801A151F823F0E546010884
:10469000F946010875460108754601087546010886
:1046A00075460108F9460108754601087546010876
:1046B00075460108754601080548010829470108A3
:1046C000E7470108754601087546010827480108B3
:1046D0007546010829470108754601087546010815
:1046E000EF4701082B681A1D1B682A6004F1420578
:1046F00084F842300123A3E020682968060601F10E
:1047000004030AD50E682B60002E03DA2D237642AF
:1047100084F843305E480A2319E00E682B6010F0DD
:10472000400F18BF36B2EFE72B682068191D2960CB
:10473000010601D51E6802E04606FBD51E885448D6
:104740006F2F0CBF08230A23002184F843106568EB
:10475000A560002DA2BF216821F0040121600EB9DF
:10476000002D4DD01546B6FBF3F103FB1167C75D75
:1047700005F8017D3746BB420E46F4D9082B0BD114
:104780002368DE0708D5236961689942DEBF3023BC
:1047900005F8013C05F1FF35521B2261CDF800A060
:1047A0004B4603AA21464046FFF7E2FE01304CD1BA
:1047B0004FF0FF3004B0BDE8F087354881F8457010
:1047C0002968236851F8046B29601D0614D5DF079A
:1047D00044BF43F0200323601EB9236823F0200365
:1047E00023601023B0E7236843F02003236078237D
:1047F000284884F84530E3E7590648BFB6B2E6E7F3
:104800001546BBE72B6826686169181D28603506C8
:104810001B6801D5196002E07006FBD519800023E2
:1048200023611546BAE72B681A1D2A601D68626865
:1048300000212846EBF754FD08B1401B6060636817
:104840002361002384F84330A8E723692A464946B8
:104850004046D0470130ABD023689B0713D4E068B3
:10486000039B9842B8BF1846A4E701233246494645
:104870004046D04701309BD00135E36803995B1A6D
:10488000AB42F2DCEBE7002504F11906F5E700BFC7
:104890006156010872560108884210B501EB020406
:1048A00002D98442234607D8431EA14208D011F8FA
:1048B000012B03F8012FF8E7024401468A4200D198
:1048C00010BD13F8014D02F8014DF7E7F8B50746A2
:1048D00014460E4621B9BDE8F8401146FFF754BC16
:1048E00022B9FFF705FC25462846F8BD00F014F86C
:1048F000A0420FD221463846FFF746FC0546002865
:10490000F2D031462246FFF7DDFB31463846FFF74D
:10491000EFFBE9E73546E7E751F8043C181F002BA9
:10492000BCBF0B58C0187047044A05491368002BD8
:1049300008BF0B46184410601846704730380024F2
:10494000343800240054004000580040005C00400F
:10495000001C005800000040000400400008004017
:10496000000C0040250026002700340035004700D9
:10497000520053008E00000053796E633A204F6E50
:104980000000000053796E633A204F666600000015
:104990004C696E6B3A204F6E000000004C696E6BE4
:1049A0003A204F666600000052616E67653A2058F3
:1049B000204661737400000052616E67653A2046BC
:1049C0006173740052616E67653A204D6564000042
:1049D00052616E67653A20536C6F770000000000EB
:1049E000000000006D0A00087D0A0008710A000836
:1049F000750A00085D0A0008450F0008890F0008C5
:104A0000851F000889100008A50D00080115000881
:104A1000891B0008190D0008030B0000060900009F
:104A2000010C020B020A020902080302020C060A28
:104A3000060B010401050108010901060107020036
:104A40000003010100070006020102040005000442
:104A500000010000030B06090002010E010F020213
:104A600002030000060000000C000000120000001D
:104A70001800000000010000060100000C01000009
:104A800012010000180100000002000006020000F0
:104A90000C020000120200001802000000030000D7
:104AA00006030000000203000000000001000000F7
:104AB000000000000000FA4500007A460000FA46B7
:104AC00000803B470080BB47003001400038004079
:104AD000003C0040003401400050014000140058E8
:104AE0000000000400000000000000200B00FF0098
:104AF000940000247C000024880000244C00002442
:104B0000B8000024A0000024AC00002458000024B9
:104B1000DC000024C4000024D00000246400002431
:104B20003C20002424200024302000240C200024D9
:104B30006020002448200024542000241820002451
:104B400000010024E8000024F40000247000002488
:104B50000000000001020304010203040607080923
:104B6000000201020002010201000200040008002C
:104B70001000200040008000000100020004000836
:104B8000001000200040008000000258000402587D
:104B900000080258000C0258001002580014025875
:104BA00000180258001C0258002002580024025825
:104BB0000028025800000000000000000000000073
:104BC00000000000000000000000000000100010C5
:104BD0000010001000100010000000100000000085
:104BE000002800280028000000000000000000004D
:104BF0000000000000240024007C00240048007C09
:104C00000048004800000000003800540050003800
:104C1000001400540054003800100000002000541C
:104C20000058003000280054001400080000000064
:104C3000001000280028001000340048004800340C
:104C40000000000000100010001000000000000034
:104C500000000000000000000008001000200020FC
:104C6000002000200020002000100008002000107C
:104C700000080008000800080008000800100020D4
:104C800000100038001000280000000000000000A4
:104C9000000000000000000000100010007C001068
:104CA00000100000000000000000000000000000F4
:104CB00000000000000000100010001000000000C4
:104CC00000000000000000380000000000000000AC
:104CD00000000000000000000000000000000010C4
:104CE0000000000000080008001000100010001074
:104CF0000020002000000000003800440044005460
:104D0000004400440044003800000000001000305F
:104D100000500010001000100010001000000000F3
:104D20000038004400440004000800100020007C0B
:104D300000000000003800440004001800040004D3
:104D40000044003800000000000800180028002877
:104D50000048007C0008000800000000007C0040C3
:104D60000040007800040004004400380000000007
:104D700000380044004000780044004400440038FB
:104D800000000000007C000400080010001000205B
:104D900000200020000000000038004400440038DB
:104DA0000044004400440038000000000038004483
:104DB00000440044003C00040044003800000000AF
:104DC00000000000001000000000000000000010C3
:104DD00000000000000000000000001000000000C3
:104DE000000000100010001000000000000C003057
:104DF00000400030000C0000000000000000000037
:104E00000000007C0000007C0000000000000000AA
:104E1000000000000060001800040018006000009E
:104E200000000000003800440004000800100010DA
:104E3000000000100000000000380044004C005446
:104E4000005C004000400038000000000010002816
:104E5000002800280028007C0044004400000000D6
:104E60000078004400440078004400440044007886
:104E700000000000003800440040004000400040B6
:104E80000044003800000000007000480044004466
:104E9000004400440048007000000000007C004016
:104EA0000040007C004000400040007C000000000A
:104EB000007C00400040007800400040004000407E
:104EC000000000000038004400400040005C004446
:104ED0000044003800000000004400440044007C0E
:104EE000004400440044004400000000003800106A
:104EF000001000100010001000100038000000002A
:104F0000000400040004000400040004004400380D
:104F100000000000004400480050006000500048BD
:104F200000480044000000000040004000400040F5
:104F3000004000400040007C000000000044006C85
:104F4000006C005400440044004400440000000091
:104F500000440064006400540054004C004C0044C1
:104F600000000000003800440044004400440044B5
:104F70000044003800000000007800440044004471
:104F8000007800400040004000000000003800446D
:104F90000044004400440044005400380004000071
:104FA0000078004400440044007800480048004471
:104FB00000000000003800440040003000080004F9
:104FC0000044003800000000007C001000100010B9
:104FD0000010001000100010000000000044004409
:104FE0000044004400440044004400380000000035
:104FF000004400440044002800280028001000104D
:105000000000000000440044005400540054006CB0
:10501000002800280000000000440028002800109C
:105020000010002800280044000000000044004454
:1050300000280028001000100010001000000000E0
:10504000007C000400080010001000200040007CDC
:1050500000000000001800100010001000100010E8
:105060000010001000100018002000200010001098
:1050700000100010000800080000000000300010C0
:105080000010001000100010001000100010003080
:10509000001000280028004400000000000000006C
:1050A0000000000000000000000000000000000000
:1050B00000000000000000FE0020001000000000C2
:1050C00000000000000000000000000000000000E0
:1050D00000380044003C0044004C00340000000054
:1050E0000040004000580064004400440064005840
:1050F00000000000000000000038004400400040B4
:105100000044003800000000000400040034004C9B
:1051100000440044004C0034000000000000000087
:1051200000380044007C00400044003800000000CB
:10513000000C0010007C0010001000100010001087
:1051400000000000000000000034004C0044004457
:10515000004C003400040078004000400058006417
:10516000004400440044004400000000001000001F
:10517000007000100010001000100010000000006F
:10518000001000000070001000100010001000104F
:10519000001000E000400040004800500060005057
:1051A00000480044000000000070001000100010D3
:1051B00000100010001000100000000000000000AF
:1051C00000780054005400540054005400000000C3
:1051D0000000000000580064004400440044004403
:1051E00000000000000000000038004400440044BB
:1051F0000044003800000000000000000058006477
:1052000000440044006400580040004000000000DA
:105210000034004C00440044004C003400040004FE
:1052200000000000005800640040004000400040C2
:1052300000000000000000000038004400300008BA
:10524000004400380000000000200020007800200A
:1052500000200020002000180000000000000000D6
:105260000044004400440044004C003400000000AE
:10527000000000000044004400280028002800101E
:105280000000000000000000005400540054006CB6
:105290000028002800000000000000000044002852
:1052A0000010001000280044000000000000000072
:1052B0000044004400280028001000100010006086
:1052C00000000000007C0008001000200040007C6E
:1052D0000000000000180010001000100020002046
:1052E0000010001000100018001000100010001036
:1052F000001000100010001000100010003000100E
:10530000001000100008000800100010001000300D
:105310000000000000000074004C000000000000CD
:1053200000000000000610160006101601808080A4
:105330008080808004808080808080800880808061
:10534000808080801080808080808080208080802D
:105350008080808040000000000408102040000091
:105360000204081020400000000000000000F03F90
:10537000748515D3B0D9EF3F0F89F96C58B5EF3F5D
:10538000515B12D00193EF3F7B517D3CB872EF3FF0
:10539000AAB968318754EF3F3862756E7A38EF3FAB
:1053A000E1DE1FF59D1EEF3F15B7310AFE06EF3F08
:1053B000CBA93A37A7F1EE3F2234124CA6DEEE3FDE
:1053C0002D89616008CEEE3F272A36D5DABFEE3F41
:1053D000824F9D562BB4EE3F295448DD07ABEE3F7C
:1053E00085553AB07EA4EE3FCD3B7F669EA0EE3F52
:1053F000745FECE8759FEE3F8701EB7314A1EE3FFD
:1054000013CE4C9989A5EE3FDBA02A42E5ACEE3FD6
:10541000E5C5CDB037B7EE3F90F0A38291C4EE3F23
:105420005D253EB203D5EE3FADD35A999FE8EE3FDE
:10543000475EFBF276FFEE3F9C5285DD9B19EF3F06
:105440006990EFDC2037EF3F87A4FBDC1858EF3F73
:105450005F9B7B33977CEF3FDA90A4A2AFA4EF3F32
:1054600040456E5B76D0EF3F000000000000E84250
:105470009423914BF86AAC3FF3C4FA50CEBFCE3FB1
:10548000D6520CFF422EE63F0000000000003843D9
:10549000FE822B65471547409423914BF86ABC3E2A
:1054A000F3C4FA50CEBF2E3FD6520CFF422E963F89
:1054B000A2000000F9A2000083F9A2006E83F9A205
:1054C0004E6E83F9444E6E8315444E6E2915444E3C
:1054D000FC29154427FC29155727FC29D15727FCFF
:1054E000F5D1572734F5D157DD34F5D1C0DD34F58A
:1054F000DBC0DD3462DBC0DD9562DBC0999562DB29
:105500003C999562433C999590433C994190433C2A
:10551000000000000000F03F000000000000F0BFAD
:10552000000000000000F0BF000000000000F03F9D
:1055300083C8C96D305F6441182D4454FB21F93F85
:10554000000000000000F03F1C620CFDFFFFDFBF09
:10555000198F06E15355A53F9D359AE887C056BF80
:10556000C3F87B024393F93E03A695595455C5BF32
:10557000C40B23057610813F24CF7437EB9429BFE9
:10558000000000000000F03F000000000000F0BF3D
:10559000000000000000F0BF000000000000F03F2D
:1055A00083C8C96D305F6441182D4454FB21F93F15
:1055B000000000000000F0BF1C620CFDFFFFDF3F99
:1055C000198F06E15355A5BF9D359AE887C0563F10
:1055D000C3F87B024393F9BE03A695595455C5BF42
:1055E000C40B23057610813F24CF7437EB9429BF79
:1055F00000000000000000000000000000000000AB
:10560000000000000000000000000000000000009A
:10561000000000000000000000000000000000008A
:10562000000000000000000000000000000000007A
:10563000000000000000000000000000000000006A
:10564000000000000000000000000000000000005A
:10565000232D302B2000686C4C006566674546475B
:1056600000303132333435363738394142434445DE
:10567000460030313233343536373839616263644D
:1056800065660000F8B500BFF8BC08BC9E467047D0
:0C569000F8B500BFF8BC08BC9E4670478F
:08569C008CB0FE7F010000004C
:1056A400C5020008852A0008D14000089D5500085D
:1056B400C55B0008516F00081976000849100108FD
:0456C400AD1C010810
:0456C800A102000833
:1056CC0000000000100000000000000000000000BE
:1056DC0000000000000000000000000010000000AE
:1056EC0000000000000000000000000000000000AE
:1056FC00000000001000000000000000000000008E
:10570C00000000000000000000000000060A050078
:10571C000405000000000000010C0501040701094C
:10572C00050000000004060000000000000000005E
:10573C000004080000000000000000000104050047
:10574C000605060905000000010505000705000017
:10575C0000000000060B050005050000000000001D
:10576C00010E050202050000000000000201050107
:10577C000F050203050000000303050000000000F4
:10578C0000000000020B06010406000000000000EF
:10579C00020C06010507000000000000020A0600CA
:1057AC0000000000000000000104080006080000D2
:1057BC0000000000010508000708000000000000C0
:1057CC0000050800000000000000000000000000C0
:1057DC0000000000000000000000000000000000BD
:1057EC0000000000010000000000000000000000AC
:1057FC00000000000000000000000000000000009D
:10580C00010000000000000000000000000000008B
:10581C00000000000000000000000000010000007B
:10582C00000000000000000000000000000000006C
:10583C000000000000000000010000000090D003F8
:10584C000090D003070A0000B84B010801000000CB
:10585C00100000000000000000000000000000002C
:10586C00000000000000000000000000010000002B
:10587C00000000000000000000000000000000001C
:10588C00000000000000000001000000000000000B
:10589C0000000000000000000000000000000000FC
:1058AC0000000000010000000000000000000000EB
:1058BC0000000000000000000000000000000000DC
:1058CC0001000000000000000000000000000000CB
:1058DC0000000000000000000000000001000000BB
:1058EC0000000000000000000000000000000000AC
:1058FC00000000000000000001000000000000009B
:10590C00000000000000000000000000000000008B
:10591C00000000000100000000000000000000007A
:10592C00000000000000000000000000000000006B
:10593C00010000000000000000000000000000005A
:10594C00000000000000000000000000010000004A
:10595C00010708000000000000000000010608001C
:10596C0000000000000000000B00FF003C030024BE
:10597C003003002454030024480300246C03002447
:10598C006003002400030024F40200241803002404
:10599C000C0300241438002478030024240300246E
:1059AC00F037002408380024FC3700249C02002423
:1059BC0090020024010808020B08000108000000F6
:1059CC00010908020A08000008000000010C0E037F
:1059DC00020801050E000000020C0801060E000072
:1059EC000000000001040B0000000000000000009B
:1059FC00010707010F040000000000000106070169
:105A0C000E0400000000000000030700000000006E
:105A1C000000000000020700000000000000000071
:105A2C00020B07000000000000000000020A070043
:105A3C000000000000000000060907000000000044
:105A4C00000000008803002400000000105601082C
:105A5C0030560108F055010800000000000000005D
:105A6C00000000000000000000000000000000002A
:105A7C00000000000000000000000000000000001A
:105A8C00000000000000000000000000000000000A
:105A9C0000000000000000000000000000000000FA
:085AAC000000000000000000F2
:0400000508000A01E4
:00000001FF
