ARM GAS  C:\Users\kgpol\AppData\Local\Temp\ccIP7kIm.s 			page 1


   1              		.cpu cortex-m7
   2              		.eabi_attribute 28, 1
   3              		.eabi_attribute 20, 1
   4              		.eabi_attribute 21, 1
   5              		.eabi_attribute 23, 3
   6              		.eabi_attribute 24, 1
   7              		.eabi_attribute 25, 1
   8              		.eabi_attribute 26, 1
   9              		.eabi_attribute 30, 2
  10              		.eabi_attribute 34, 1
  11              		.eabi_attribute 18, 4
  12              		.file	"delay-module.cpp"
  13              		.text
  14              	.Ltext0:
  15              		.cfi_sections	.debug_frame
  16              		.section	.text._ZN5daisy7EncoderD2Ev,"axG",%progbits,_ZN5daisy7EncoderD5Ev,comdat
  17              		.align	1
  18              		.p2align 2,,3
  19              		.weak	_ZN5daisy7EncoderD2Ev
  20              		.arch armv7e-m
  21              		.syntax unified
  22              		.thumb
  23              		.thumb_func
  24              		.fpu fpv5-d16
  26              	_ZN5daisy7EncoderD2Ev:
  27              	.LVL0:
  28              	.LFB1652:
  29              		.file 1 "../../libDaisy//src/hid/encoder.h"
   1:../../libDaisy//src/hid/encoder.h **** #pragma once
   2:../../libDaisy//src/hid/encoder.h **** #ifndef DSY_ENCODER_H
   3:../../libDaisy//src/hid/encoder.h **** #define DSY_ENCODER_H
   4:../../libDaisy//src/hid/encoder.h **** #include "daisy_core.h"
   5:../../libDaisy//src/hid/encoder.h **** #include "per/gpio.h"
   6:../../libDaisy//src/hid/encoder.h **** #include "hid/switch.h"
   7:../../libDaisy//src/hid/encoder.h **** 
   8:../../libDaisy//src/hid/encoder.h **** namespace daisy
   9:../../libDaisy//src/hid/encoder.h **** {
  10:../../libDaisy//src/hid/encoder.h **** /** 
  11:../../libDaisy//src/hid/encoder.h ****     @brief Generic Class for handling Quadrature Encoders \n 
  12:../../libDaisy//src/hid/encoder.h ****     Inspired/influenced by Mutable Instruments (pichenettes) Encoder classes
  13:../../libDaisy//src/hid/encoder.h ****     @author Stephen Hensley
  14:../../libDaisy//src/hid/encoder.h ****     @date December 2019
  15:../../libDaisy//src/hid/encoder.h ****     @ingroup controls
  16:../../libDaisy//src/hid/encoder.h **** */
  17:../../libDaisy//src/hid/encoder.h **** class Encoder
  18:../../libDaisy//src/hid/encoder.h **** {
  19:../../libDaisy//src/hid/encoder.h ****   public:
  20:../../libDaisy//src/hid/encoder.h ****     Encoder() {}
  21:../../libDaisy//src/hid/encoder.h ****     ~Encoder() {}
  30              		.loc 1 21 5 view -0
  31              		.cfi_startproc
  32              		@ args = 0, pretend = 0, frame = 0
  33              		@ frame_needed = 0, uses_anonymous_args = 0
  34              		@ link register save eliminated.
  35              	.LBB514:
  36              	.LBI514:
  37              		.file 2 "../../libDaisy//src/hid/switch.h"
ARM GAS  C:\Users\kgpol\AppData\Local\Temp\ccIP7kIm.s 			page 2


   1:../../libDaisy//src/hid/switch.h **** #pragma once
   2:../../libDaisy//src/hid/switch.h **** #ifndef DSY_SWITCH_H
   3:../../libDaisy//src/hid/switch.h **** #define DSY_SWITCH_H
   4:../../libDaisy//src/hid/switch.h **** #include "daisy_core.h"
   5:../../libDaisy//src/hid/switch.h **** #include "per/gpio.h"
   6:../../libDaisy//src/hid/switch.h **** #include "sys/system.h"
   7:../../libDaisy//src/hid/switch.h **** 
   8:../../libDaisy//src/hid/switch.h **** namespace daisy
   9:../../libDaisy//src/hid/switch.h **** {
  10:../../libDaisy//src/hid/switch.h **** /** 
  11:../../libDaisy//src/hid/switch.h ****     Generic Class for handling momentary/latching switches \n 
  12:../../libDaisy//src/hid/switch.h ****     Inspired/influenced by Mutable Instruments (pichenettes) Switch classes
  13:../../libDaisy//src/hid/switch.h ****     @author Stephen Hensley
  14:../../libDaisy//src/hid/switch.h ****     @date December 2019
  15:../../libDaisy//src/hid/switch.h ****     @ingroup controls
  16:../../libDaisy//src/hid/switch.h **** */
  17:../../libDaisy//src/hid/switch.h **** class Switch
  18:../../libDaisy//src/hid/switch.h **** {
  19:../../libDaisy//src/hid/switch.h ****   public:
  20:../../libDaisy//src/hid/switch.h ****     /** Specifies the expected behavior of the switch */
  21:../../libDaisy//src/hid/switch.h ****     enum Type
  22:../../libDaisy//src/hid/switch.h ****     {
  23:../../libDaisy//src/hid/switch.h ****         TYPE_TOGGLE,    /**< & */
  24:../../libDaisy//src/hid/switch.h ****         TYPE_MOMENTARY, /**< & */
  25:../../libDaisy//src/hid/switch.h ****     };
  26:../../libDaisy//src/hid/switch.h ****     /** Specifies whether the pressed is HIGH or LOW. */
  27:../../libDaisy//src/hid/switch.h ****     enum Polarity
  28:../../libDaisy//src/hid/switch.h ****     {
  29:../../libDaisy//src/hid/switch.h ****         POLARITY_NORMAL,   /**< & */
  30:../../libDaisy//src/hid/switch.h ****         POLARITY_INVERTED, /**< & */
  31:../../libDaisy//src/hid/switch.h ****     };
  32:../../libDaisy//src/hid/switch.h **** 
  33:../../libDaisy//src/hid/switch.h ****     /** Specifies whether to use built-in Pull Up/Down resistors to hold button at a given state wh
  34:../../libDaisy//src/hid/switch.h ****     enum Pull
  35:../../libDaisy//src/hid/switch.h ****     {
  36:../../libDaisy//src/hid/switch.h ****         PULL_UP,   /**< & */
  37:../../libDaisy//src/hid/switch.h ****         PULL_DOWN, /**< & */
  38:../../libDaisy//src/hid/switch.h ****         PULL_NONE, /**< & */
  39:../../libDaisy//src/hid/switch.h ****     };
  40:../../libDaisy//src/hid/switch.h **** 
  41:../../libDaisy//src/hid/switch.h ****     Switch() {}
  42:../../libDaisy//src/hid/switch.h ****     ~Switch() {}
  38              		.loc 2 42 5 view .LVU1
  39              		.loc 2 42 5 is_stmt 0 view .LVU2
  40              	.LBE514:
  41              		.loc 1 21 17 view .LVU3
  42 0000 7047     		bx	lr
  43              		.cfi_endproc
  44              	.LFE1652:
  46              		.weak	_ZN5daisy7EncoderD1Ev
  47              		.thumb_set _ZN5daisy7EncoderD1Ev,_ZN5daisy7EncoderD2Ev
  48 0002 00BF     		.section	.text._ZN5daisy13AnalogControlD2Ev,"axG",%progbits,_ZN5daisy13AnalogControlD5Ev,comdat
  49              		.align	1
  50              		.p2align 2,,3
  51              		.weak	_ZN5daisy13AnalogControlD2Ev
  52              		.syntax unified
  53              		.thumb
ARM GAS  C:\Users\kgpol\AppData\Local\Temp\ccIP7kIm.s 			page 3


  54              		.thumb_func
  55              		.fpu fpv5-d16
  57              	_ZN5daisy13AnalogControlD2Ev:
  58              	.LVL1:
  59              	.LFB1672:
  60              		.file 3 "../../libDaisy//src/hid/ctrl.h"
   1:../../libDaisy//src/hid/ctrl.h **** #pragma once
   2:../../libDaisy//src/hid/ctrl.h **** #ifndef DSY_KNOB_H
   3:../../libDaisy//src/hid/ctrl.h **** #define DSY_KNOB_H /**< & */
   4:../../libDaisy//src/hid/ctrl.h **** #include <stdint.h>
   5:../../libDaisy//src/hid/ctrl.h **** 
   6:../../libDaisy//src/hid/ctrl.h **** #ifdef __cplusplus
   7:../../libDaisy//src/hid/ctrl.h **** namespace daisy
   8:../../libDaisy//src/hid/ctrl.h **** {
   9:../../libDaisy//src/hid/ctrl.h **** /**
  10:../../libDaisy//src/hid/ctrl.h ****     @brief Hardware Interface for control inputs \n 
  11:../../libDaisy//src/hid/ctrl.h ****     Primarily designed for ADC input controls such as \n 
  12:../../libDaisy//src/hid/ctrl.h ****     potentiometers, and control voltage. \n 
  13:../../libDaisy//src/hid/ctrl.h ****     @author Stephen Hensley
  14:../../libDaisy//src/hid/ctrl.h ****     @date November 2019
  15:../../libDaisy//src/hid/ctrl.h ****     @ingroup controls
  16:../../libDaisy//src/hid/ctrl.h **** */
  17:../../libDaisy//src/hid/ctrl.h **** class AnalogControl
  18:../../libDaisy//src/hid/ctrl.h **** {
  19:../../libDaisy//src/hid/ctrl.h ****   public:
  20:../../libDaisy//src/hid/ctrl.h ****     /** Constructor */
  21:../../libDaisy//src/hid/ctrl.h ****     AnalogControl() {}
  22:../../libDaisy//src/hid/ctrl.h ****     /** destructor */
  23:../../libDaisy//src/hid/ctrl.h ****     ~AnalogControl() {}
  61              		.loc 3 23 5 is_stmt 1 view -0
  62              		.cfi_startproc
  63              		@ args = 0, pretend = 0, frame = 0
  64              		@ frame_needed = 0, uses_anonymous_args = 0
  65              		@ link register save eliminated.
  66              		.loc 3 23 23 is_stmt 0 view .LVU5
  67 0000 7047     		bx	lr
  68              		.cfi_endproc
  69              	.LFE1672:
  71              		.weak	_ZN5daisy13AnalogControlD1Ev
  72              		.thumb_set _ZN5daisy13AnalogControlD1Ev,_ZN5daisy13AnalogControlD2Ev
  73              		.section	.text._ZN5daisy6GateInD2Ev,"axG",%progbits,_ZN5daisy6GateInD5Ev,comdat
  74              		.align	1
  75              		.p2align 2,,3
  76              		.weak	_ZN5daisy6GateInD2Ev
  77              		.syntax unified
  78              		.thumb
  79              		.thumb_func
  80              		.fpu fpv5-d16
  82              	_ZN5daisy6GateInD2Ev:
  83              	.LVL2:
  84              	.LFB1682:
  85              		.file 4 "../../libDaisy//src/hid/gatein.h"
   1:../../libDaisy//src/hid/gatein.h **** #pragma once
   2:../../libDaisy//src/hid/gatein.h **** #ifndef DSY_GATEIN_H
   3:../../libDaisy//src/hid/gatein.h **** #define DSY_GATEIN_H
   4:../../libDaisy//src/hid/gatein.h **** #include "per/gpio.h"
   5:../../libDaisy//src/hid/gatein.h **** 
ARM GAS  C:\Users\kgpol\AppData\Local\Temp\ccIP7kIm.s 			page 4


   6:../../libDaisy//src/hid/gatein.h **** namespace daisy
   7:../../libDaisy//src/hid/gatein.h **** {
   8:../../libDaisy//src/hid/gatein.h **** /**
   9:../../libDaisy//src/hid/gatein.h ****    @brief Generic Class for handling gate inputs through GPIO.
  10:../../libDaisy//src/hid/gatein.h ****    @author Stephen Hensley
  11:../../libDaisy//src/hid/gatein.h ****    @date    March 2020
  12:../../libDaisy//src/hid/gatein.h ****    @ingroup controls
  13:../../libDaisy//src/hid/gatein.h **** */
  14:../../libDaisy//src/hid/gatein.h **** class GateIn
  15:../../libDaisy//src/hid/gatein.h **** {
  16:../../libDaisy//src/hid/gatein.h ****   public:
  17:../../libDaisy//src/hid/gatein.h ****     /** GateIn Constructor */
  18:../../libDaisy//src/hid/gatein.h ****     GateIn() {}
  19:../../libDaisy//src/hid/gatein.h **** 
  20:../../libDaisy//src/hid/gatein.h ****     /** GateIn Destructor */
  21:../../libDaisy//src/hid/gatein.h ****     ~GateIn() {}
  86              		.loc 4 21 5 is_stmt 1 view -0
  87              		.cfi_startproc
  88              		@ args = 0, pretend = 0, frame = 0
  89              		@ frame_needed = 0, uses_anonymous_args = 0
  90              		@ link register save eliminated.
  91              		.loc 4 21 16 is_stmt 0 view .LVU7
  92 0000 7047     		bx	lr
  93              		.cfi_endproc
  94              	.LFE1682:
  96              		.weak	_ZN5daisy6GateInD1Ev
  97              		.thumb_set _ZN5daisy6GateInD1Ev,_ZN5daisy6GateInD2Ev
  98              		.section	.text._ZN5daisy3LedD2Ev,"axG",%progbits,_ZN5daisy3LedD5Ev,comdat
  99              		.align	1
 100              		.p2align 2,,3
 101              		.weak	_ZN5daisy3LedD2Ev
 102              		.syntax unified
 103              		.thumb
 104              		.thumb_func
 105              		.fpu fpv5-d16
 107              	_ZN5daisy3LedD2Ev:
 108              	.LVL3:
 109              	.LFB1844:
 110              		.file 5 "../../libDaisy//src/hid/led.h"
   1:../../libDaisy//src/hid/led.h **** 
   2:../../libDaisy//src/hid/led.h **** #pragma once
   3:../../libDaisy//src/hid/led.h **** #ifndef DSY_LED_H
   4:../../libDaisy//src/hid/led.h **** #define DSY_LED_H
   5:../../libDaisy//src/hid/led.h **** #include "daisy_core.h"
   6:../../libDaisy//src/hid/led.h **** #include "per/gpio.h"
   7:../../libDaisy//src/hid/led.h **** 
   8:../../libDaisy//src/hid/led.h **** /* TODO - Get this set up to work with the dev_leddriver stuff as well
   9:../../libDaisy//src/hid/led.h **** - Setup Hardware PWM for pins that have it
  10:../../libDaisy//src/hid/led.h **** */
  11:../../libDaisy//src/hid/led.h **** 
  12:../../libDaisy//src/hid/led.h **** namespace daisy
  13:../../libDaisy//src/hid/led.h **** {
  14:../../libDaisy//src/hid/led.h **** /**
  15:../../libDaisy//src/hid/led.h ****     @brief LED Class providing simple Software PWM ability, etc \n 
  16:../../libDaisy//src/hid/led.h ****     Eventually this will work with hardware PWM, and external LED Driver devices as well.
  17:../../libDaisy//src/hid/led.h ****     @author shensley
  18:../../libDaisy//src/hid/led.h ****     @date March 2020
ARM GAS  C:\Users\kgpol\AppData\Local\Temp\ccIP7kIm.s 			page 5


  19:../../libDaisy//src/hid/led.h ****     @ingroup feedback
  20:../../libDaisy//src/hid/led.h **** */
  21:../../libDaisy//src/hid/led.h **** class Led
  22:../../libDaisy//src/hid/led.h **** {
  23:../../libDaisy//src/hid/led.h ****   public:
  24:../../libDaisy//src/hid/led.h ****     Led() {}
  25:../../libDaisy//src/hid/led.h ****     ~Led() {}
 111              		.loc 5 25 5 is_stmt 1 view -0
 112              		.cfi_startproc
 113              		@ args = 0, pretend = 0, frame = 0
 114              		@ frame_needed = 0, uses_anonymous_args = 0
 115              		@ link register save eliminated.
 116              		.loc 5 25 13 is_stmt 0 view .LVU9
 117 0000 7047     		bx	lr
 118              		.cfi_endproc
 119              	.LFE1844:
 121              		.weak	_ZN5daisy3LedD1Ev
 122              		.thumb_set _ZN5daisy3LedD1Ev,_ZN5daisy3LedD2Ev
 123              		.section	.text._ZN5daisy9DaisySeedD2Ev,"axG",%progbits,_ZN5daisy9DaisySeedD5Ev,comdat
 124              		.align	1
 125              		.p2align 2,,3
 126              		.weak	_ZN5daisy9DaisySeedD2Ev
 127              		.syntax unified
 128              		.thumb
 129              		.thumb_func
 130              		.fpu fpv5-d16
 132              	_ZN5daisy9DaisySeedD2Ev:
 133              	.LVL4:
 134              	.LFB2555:
 135              		.file 6 "../../libDaisy//src/daisy_seed.h"
   1:../../libDaisy//src/daisy_seed.h **** #pragma once
   2:../../libDaisy//src/daisy_seed.h **** #ifndef DSY_SEED_H
   3:../../libDaisy//src/daisy_seed.h **** #define DSY_SEED_H
   4:../../libDaisy//src/daisy_seed.h **** 
   5:../../libDaisy//src/daisy_seed.h **** #include "daisy.h"
   6:../../libDaisy//src/daisy_seed.h **** 
   7:../../libDaisy//src/daisy_seed.h **** //Uncomment this out if you're still using the rev2 hardware
   8:../../libDaisy//src/daisy_seed.h **** //#define SEED_REV2
   9:../../libDaisy//src/daisy_seed.h **** 
  10:../../libDaisy//src/daisy_seed.h **** namespace daisy
  11:../../libDaisy//src/daisy_seed.h **** {
  12:../../libDaisy//src/daisy_seed.h **** /**
  13:../../libDaisy//src/daisy_seed.h ****    @brief This is the higher-level interface for the Daisy board. \n 
  14:../../libDaisy//src/daisy_seed.h ****     All basic peripheral configuration/initialization is setup here. \n
  15:../../libDaisy//src/daisy_seed.h **** 
  16:../../libDaisy//src/daisy_seed.h ****    @ingroup boards
  17:../../libDaisy//src/daisy_seed.h **** */
  18:../../libDaisy//src/daisy_seed.h **** class DaisySeed
  19:../../libDaisy//src/daisy_seed.h **** {
  20:../../libDaisy//src/daisy_seed.h ****   public:
  21:../../libDaisy//src/daisy_seed.h ****     DaisySeed() {}
  22:../../libDaisy//src/daisy_seed.h ****     ~DaisySeed() {}
 136              		.loc 6 22 5 is_stmt 1 view -0
 137              		.cfi_startproc
 138              		@ args = 0, pretend = 0, frame = 0
 139              		@ frame_needed = 0, uses_anonymous_args = 0
 140              		@ link register save eliminated.
ARM GAS  C:\Users\kgpol\AppData\Local\Temp\ccIP7kIm.s 			page 6


 141              	.LBB515:
 142              	.LBI515:
 143              		.file 7 "../../libDaisy//src/sys/system.h"
   1:../../libDaisy//src/sys/system.h **** #ifndef DSY_SYSTEM_H
   2:../../libDaisy//src/sys/system.h **** #define DSY_SYSTEM_H
   3:../../libDaisy//src/sys/system.h **** 
   4:../../libDaisy//src/sys/system.h **** #ifndef UNIT_TEST // for unit tests, a dummy implementation is provided below
   5:../../libDaisy//src/sys/system.h **** 
   6:../../libDaisy//src/sys/system.h **** #include <cstdint>
   7:../../libDaisy//src/sys/system.h **** #include "per/tim.h"
   8:../../libDaisy//src/sys/system.h **** 
   9:../../libDaisy//src/sys/system.h **** namespace daisy
  10:../../libDaisy//src/sys/system.h **** {
  11:../../libDaisy//src/sys/system.h **** /** A handle for interacting with the Core System.
  12:../../libDaisy//src/sys/system.h ****  ** This includes the Clock tree, MPU, global DMA initialization,
  13:../../libDaisy//src/sys/system.h ****  ** cache handling, and any other necessary global initiailzation
  14:../../libDaisy//src/sys/system.h ****  **
  15:../../libDaisy//src/sys/system.h ****  ** @author shensley
  16:../../libDaisy//src/sys/system.h ****  ** @ingroup system
  17:../../libDaisy//src/sys/system.h ****  */
  18:../../libDaisy//src/sys/system.h **** class System
  19:../../libDaisy//src/sys/system.h **** {
  20:../../libDaisy//src/sys/system.h ****   public:
  21:../../libDaisy//src/sys/system.h ****     /** Contains settings for initializing the System */
  22:../../libDaisy//src/sys/system.h ****     struct Config
  23:../../libDaisy//src/sys/system.h ****     {
  24:../../libDaisy//src/sys/system.h ****         /** Specifies the system clock frequency that feeds APB/AHB clocks, etc. */
  25:../../libDaisy//src/sys/system.h ****         enum class SysClkFreq
  26:../../libDaisy//src/sys/system.h ****         {
  27:../../libDaisy//src/sys/system.h ****             FREQ_400MHZ,
  28:../../libDaisy//src/sys/system.h ****             FREQ_480MHZ,
  29:../../libDaisy//src/sys/system.h ****         };
  30:../../libDaisy//src/sys/system.h **** 
  31:../../libDaisy//src/sys/system.h ****         /** Method to call on the struct to set to defaults
  32:../../libDaisy//src/sys/system.h ****          ** CPU Freq set to 400MHz
  33:../../libDaisy//src/sys/system.h ****          ** Cache Enabled
  34:../../libDaisy//src/sys/system.h ****          ** */
  35:../../libDaisy//src/sys/system.h ****         void Defaults()
  36:../../libDaisy//src/sys/system.h ****         {
  37:../../libDaisy//src/sys/system.h ****             cpu_freq    = SysClkFreq::FREQ_400MHZ;
  38:../../libDaisy//src/sys/system.h ****             use_dcache  = true;
  39:../../libDaisy//src/sys/system.h ****             use_icache  = true;
  40:../../libDaisy//src/sys/system.h ****             skip_clocks = false;
  41:../../libDaisy//src/sys/system.h ****         }
  42:../../libDaisy//src/sys/system.h **** 
  43:../../libDaisy//src/sys/system.h ****         /** Method to call on the struct to set to boost mode:
  44:../../libDaisy//src/sys/system.h ****          ** CPU Freq set to 480MHz
  45:../../libDaisy//src/sys/system.h ****          ** Cache Enabled
  46:../../libDaisy//src/sys/system.h ****          ** */
  47:../../libDaisy//src/sys/system.h ****         void Boost()
  48:../../libDaisy//src/sys/system.h ****         {
  49:../../libDaisy//src/sys/system.h ****             cpu_freq    = SysClkFreq::FREQ_480MHZ;
  50:../../libDaisy//src/sys/system.h ****             use_dcache  = true;
  51:../../libDaisy//src/sys/system.h ****             use_icache  = true;
  52:../../libDaisy//src/sys/system.h ****             skip_clocks = false;
  53:../../libDaisy//src/sys/system.h ****         }
  54:../../libDaisy//src/sys/system.h **** 
ARM GAS  C:\Users\kgpol\AppData\Local\Temp\ccIP7kIm.s 			page 7


  55:../../libDaisy//src/sys/system.h ****         SysClkFreq cpu_freq;
  56:../../libDaisy//src/sys/system.h ****         bool       use_dcache;
  57:../../libDaisy//src/sys/system.h ****         bool       use_icache;
  58:../../libDaisy//src/sys/system.h ****         bool       skip_clocks;
  59:../../libDaisy//src/sys/system.h ****     };
  60:../../libDaisy//src/sys/system.h **** 
  61:../../libDaisy//src/sys/system.h ****     /** Describes the different regions of memory available to the Daisy */
  62:../../libDaisy//src/sys/system.h ****     enum MemoryRegion
  63:../../libDaisy//src/sys/system.h ****     {
  64:../../libDaisy//src/sys/system.h ****         INTERNAL_FLASH = 0,
  65:../../libDaisy//src/sys/system.h ****         ITCMRAM,
  66:../../libDaisy//src/sys/system.h ****         DTCMRAM,
  67:../../libDaisy//src/sys/system.h ****         SRAM_D1,
  68:../../libDaisy//src/sys/system.h ****         SRAM_D2,
  69:../../libDaisy//src/sys/system.h ****         SRAM_D3,
  70:../../libDaisy//src/sys/system.h ****         SDRAM,
  71:../../libDaisy//src/sys/system.h ****         QSPI,
  72:../../libDaisy//src/sys/system.h ****         INVALID_ADDRESS,
  73:../../libDaisy//src/sys/system.h ****     };
  74:../../libDaisy//src/sys/system.h **** 
  75:../../libDaisy//src/sys/system.h ****     /** Bootloader struct for controlling bootloading parameters */
  76:../../libDaisy//src/sys/system.h ****     struct BootInfo
  77:../../libDaisy//src/sys/system.h ****     {
  78:../../libDaisy//src/sys/system.h ****         enum class Type : uint32_t
  79:../../libDaisy//src/sys/system.h ****         {
  80:../../libDaisy//src/sys/system.h ****             INVALID      = 0x00000000,
  81:../../libDaisy//src/sys/system.h ****             JUMP         = 0xDEADBEEF,
  82:../../libDaisy//src/sys/system.h ****             SKIP_TIMEOUT = 0x5AFEB007,
  83:../../libDaisy//src/sys/system.h ****             INF_TIMEOUT  = 0xB0074EFA,
  84:../../libDaisy//src/sys/system.h ****         } status;
  85:../../libDaisy//src/sys/system.h ****         uint32_t data;
  86:../../libDaisy//src/sys/system.h ****         enum class Version : uint32_t
  87:../../libDaisy//src/sys/system.h ****         {
  88:../../libDaisy//src/sys/system.h ****             LT_v6_0 = 0, // Less than v6.0
  89:../../libDaisy//src/sys/system.h ****             NONE,        // No bootloader present
  90:../../libDaisy//src/sys/system.h ****             v6_0,        // v6.0
  91:../../libDaisy//src/sys/system.h ****             v6_1,        // v6.1 or greater
  92:../../libDaisy//src/sys/system.h ****             LAST
  93:../../libDaisy//src/sys/system.h ****         } version;
  94:../../libDaisy//src/sys/system.h ****     };
  95:../../libDaisy//src/sys/system.h **** 
  96:../../libDaisy//src/sys/system.h ****     System() {}
  97:../../libDaisy//src/sys/system.h ****     ~System() {}
 144              		.loc 7 97 5 view .LVU11
 145              		.loc 7 97 5 is_stmt 0 view .LVU12
 146              	.LBE515:
 147              	.LBB516:
 148              	.LBI516:
 149              		.file 8 "../../libDaisy//src/hid/usb.h"
   1:../../libDaisy//src/hid/usb.h **** #pragma once
   2:../../libDaisy//src/hid/usb.h **** #ifndef DSY_HID_USB_H
   3:../../libDaisy//src/hid/usb.h **** #define DSY_HID_USB_H
   4:../../libDaisy//src/hid/usb.h **** #include <stdint.h>
   5:../../libDaisy//src/hid/usb.h **** #include <stdlib.h>
   6:../../libDaisy//src/hid/usb.h **** 
   7:../../libDaisy//src/hid/usb.h **** namespace daisy
   8:../../libDaisy//src/hid/usb.h **** /** @addtogroup human_interface
ARM GAS  C:\Users\kgpol\AppData\Local\Temp\ccIP7kIm.s 			page 8


   9:../../libDaisy//src/hid/usb.h ****     @{
  10:../../libDaisy//src/hid/usb.h **** */
  11:../../libDaisy//src/hid/usb.h **** 
  12:../../libDaisy//src/hid/usb.h **** {
  13:../../libDaisy//src/hid/usb.h **** /** 
  14:../../libDaisy//src/hid/usb.h ****     @brief Interface for initializing and using the USB Peripherals on the daisy
  15:../../libDaisy//src/hid/usb.h ****     @author Stephen Hensley
  16:../../libDaisy//src/hid/usb.h ****     @date December 2019
  17:../../libDaisy//src/hid/usb.h **** */
  18:../../libDaisy//src/hid/usb.h **** class UsbHandle
  19:../../libDaisy//src/hid/usb.h **** {
  20:../../libDaisy//src/hid/usb.h ****   public:
  21:../../libDaisy//src/hid/usb.h ****     /** Return values for USBHandle Functions */
  22:../../libDaisy//src/hid/usb.h ****     enum class Result
  23:../../libDaisy//src/hid/usb.h ****     {
  24:../../libDaisy//src/hid/usb.h ****         OK,
  25:../../libDaisy//src/hid/usb.h ****         ERR,
  26:../../libDaisy//src/hid/usb.h ****     };
  27:../../libDaisy//src/hid/usb.h **** 
  28:../../libDaisy//src/hid/usb.h ****     /** Specified which of the two USB Peripherals to initialize. */
  29:../../libDaisy//src/hid/usb.h ****     enum UsbPeriph
  30:../../libDaisy//src/hid/usb.h ****     {
  31:../../libDaisy//src/hid/usb.h ****         FS_INTERNAL, /**< Internal pin */
  32:../../libDaisy//src/hid/usb.h ****         FS_EXTERNAL, /**< FS External D+ pin is Pin 38 (GPIO32). FS External D- pin is Pin 37 (GPIO
  33:../../libDaisy//src/hid/usb.h ****         FS_BOTH,     /**< Both */
  34:../../libDaisy//src/hid/usb.h ****     };
  35:../../libDaisy//src/hid/usb.h **** 
  36:../../libDaisy//src/hid/usb.h **** 
  37:../../libDaisy//src/hid/usb.h ****     /** Function called upon reception of a buffer */
  38:../../libDaisy//src/hid/usb.h ****     typedef void (*ReceiveCallback)(uint8_t* buff, uint32_t* len);
  39:../../libDaisy//src/hid/usb.h **** 
  40:../../libDaisy//src/hid/usb.h ****     UsbHandle() {}
  41:../../libDaisy//src/hid/usb.h **** 
  42:../../libDaisy//src/hid/usb.h ****     ~UsbHandle() {}
 150              		.loc 8 42 5 is_stmt 1 view .LVU13
 151              		.loc 8 42 5 is_stmt 0 view .LVU14
 152              	.LBE516:
 153              	.LBB517:
 154              	.LBI517:
 155              		.file 9 "../../libDaisy//src/per/adc.h"
   1:../../libDaisy//src/per/adc.h **** #pragma once
   2:../../libDaisy//src/per/adc.h **** #ifndef DSY_ADC_H
   3:../../libDaisy//src/per/adc.h **** #define DSY_ADC_H /**< Macro */
   4:../../libDaisy//src/per/adc.h **** #include <stdint.h>
   5:../../libDaisy//src/per/adc.h **** #include <stdlib.h>
   6:../../libDaisy//src/per/adc.h **** #include "daisy_core.h"
   7:../../libDaisy//src/per/adc.h **** #include "per/gpio.h"
   8:../../libDaisy//src/per/adc.h **** 
   9:../../libDaisy//src/per/adc.h **** #define DSY_ADC_MAX_CHANNELS 16 /**< Maximum number of ADC channels */
  10:../../libDaisy//src/per/adc.h **** 
  11:../../libDaisy//src/per/adc.h **** namespace daisy
  12:../../libDaisy//src/per/adc.h **** {
  13:../../libDaisy//src/per/adc.h **** /** @addtogroup per_analog
  14:../../libDaisy//src/per/adc.h ****     @{
  15:../../libDaisy//src/per/adc.h **** */
  16:../../libDaisy//src/per/adc.h **** 
  17:../../libDaisy//src/per/adc.h **** /* While there may not be many configuration options here,
ARM GAS  C:\Users\kgpol\AppData\Local\Temp\ccIP7kIm.s 			page 9


  18:../../libDaisy//src/per/adc.h **** using a struct like this allows us to add more configuration
  19:../../libDaisy//src/per/adc.h **** later without breaking existing functionality.
  20:../../libDaisy//src/per/adc.h **** */
  21:../../libDaisy//src/per/adc.h **** 
  22:../../libDaisy//src/per/adc.h **** /** @brief   Configuration Structure for an ADC Channel 
  23:../../libDaisy//src/per/adc.h ****  *  @details This can be used to configure a a single input, 
  24:../../libDaisy//src/per/adc.h ****  *           or a multiplexed input, allowing up to 8 inputs on 
  25:../../libDaisy//src/per/adc.h ****  *           one channel.
  26:../../libDaisy//src/per/adc.h ****  *  @note    Sharing data lines to multiple muxes _is_ possible, but
  27:../../libDaisy//src/per/adc.h ****  *           each channel sharing data lines must be set to the maximum
  28:../../libDaisy//src/per/adc.h ****  *           number of channels, even if some multiplexers have fewer
  29:../../libDaisy//src/per/adc.h ****  *           inputs connected.
  30:../../libDaisy//src/per/adc.h **** */
  31:../../libDaisy//src/per/adc.h **** struct AdcChannelConfig
  32:../../libDaisy//src/per/adc.h **** {
  33:../../libDaisy//src/per/adc.h ****     /** Which pin to use for multiplexing */
  34:../../libDaisy//src/per/adc.h ****     enum MuxPin
  35:../../libDaisy//src/per/adc.h ****     {
  36:../../libDaisy//src/per/adc.h ****         MUX_SEL_0,    /**< & */
  37:../../libDaisy//src/per/adc.h ****         MUX_SEL_1,    /**< & */
  38:../../libDaisy//src/per/adc.h ****         MUX_SEL_2,    /**< & */
  39:../../libDaisy//src/per/adc.h ****         MUX_SEL_LAST, /**< & */
  40:../../libDaisy//src/per/adc.h ****     };
  41:../../libDaisy//src/per/adc.h **** 
  42:../../libDaisy//src/per/adc.h ****     /** \brief per channel conversion speed added to fixed time based on bitdepth, etc. */
  43:../../libDaisy//src/per/adc.h ****     enum ConversionSpeed
  44:../../libDaisy//src/per/adc.h ****     {
  45:../../libDaisy//src/per/adc.h ****         SPEED_1CYCLES_5,
  46:../../libDaisy//src/per/adc.h ****         SPEED_2CYCLES_5,
  47:../../libDaisy//src/per/adc.h ****         SPEED_8CYCLES_5,
  48:../../libDaisy//src/per/adc.h ****         SPEED_16CYCLES_5,
  49:../../libDaisy//src/per/adc.h ****         SPEED_32CYCLES_5,
  50:../../libDaisy//src/per/adc.h ****         SPEED_64CYCLES_5,
  51:../../libDaisy//src/per/adc.h ****         SPEED_387CYCLES_5,
  52:../../libDaisy//src/per/adc.h ****         SPEED_810CYCLES_5,
  53:../../libDaisy//src/per/adc.h ****     };
  54:../../libDaisy//src/per/adc.h **** 
  55:../../libDaisy//src/per/adc.h ****     /** Initializes a single ADC pin as an ADC. 
  56:../../libDaisy//src/per/adc.h ****     \param pin Pin to init.
  57:../../libDaisy//src/per/adc.h ****     \param speed conversion speed for this pin defaults to 8.5 cycles
  58:../../libDaisy//src/per/adc.h ****      */
  59:../../libDaisy//src/per/adc.h ****     void InitSingle(dsy_gpio_pin pin, ConversionSpeed speed = SPEED_8CYCLES_5);
  60:../../libDaisy//src/per/adc.h **** 
  61:../../libDaisy//src/per/adc.h ****     /** 
  62:../../libDaisy//src/per/adc.h ****     Initializes a single ADC pin as a Multiplexed ADC.
  63:../../libDaisy//src/per/adc.h ****     Requires a CD405X Multiplexer connected to the pin.
  64:../../libDaisy//src/per/adc.h ****     You only need to supply the mux pins that are required,
  65:../../libDaisy//src/per/adc.h ****     e.g. a 4052 mux would only require mux_0 and mux_1.
  66:../../libDaisy//src/per/adc.h ****     Internal Callbacks handle the pin addressing.
  67:../../libDaisy//src/per/adc.h ****     \param adc_pin &
  68:../../libDaisy//src/per/adc.h ****     \param mux_channels must be 1-8
  69:../../libDaisy//src/per/adc.h ****     \param mux_0 First mux pin
  70:../../libDaisy//src/per/adc.h ****     \param mux_1 Second mux pin
  71:../../libDaisy//src/per/adc.h ****     \param mux_2 Third mux pin
  72:../../libDaisy//src/per/adc.h ****     \param speed conversion speed for this pin defaults to 8.5 cycles
  73:../../libDaisy//src/per/adc.h ****     */
  74:../../libDaisy//src/per/adc.h ****     void InitMux(dsy_gpio_pin    adc_pin,
ARM GAS  C:\Users\kgpol\AppData\Local\Temp\ccIP7kIm.s 			page 10


  75:../../libDaisy//src/per/adc.h ****                  size_t          mux_channels,
  76:../../libDaisy//src/per/adc.h ****                  dsy_gpio_pin    mux_0,
  77:../../libDaisy//src/per/adc.h ****                  dsy_gpio_pin    mux_1 = {DSY_GPIOX, 0},
  78:../../libDaisy//src/per/adc.h ****                  dsy_gpio_pin    mux_2 = {DSY_GPIOX, 0},
  79:../../libDaisy//src/per/adc.h ****                  ConversionSpeed speed = SPEED_8CYCLES_5);
  80:../../libDaisy//src/per/adc.h **** 
  81:../../libDaisy//src/per/adc.h ****     dsy_gpio        pin_;                   /**< & */
  82:../../libDaisy//src/per/adc.h ****     dsy_gpio        mux_pin_[MUX_SEL_LAST]; /**< & */
  83:../../libDaisy//src/per/adc.h ****     uint8_t         mux_channels_;          /**< & */
  84:../../libDaisy//src/per/adc.h ****     ConversionSpeed speed_;
  85:../../libDaisy//src/per/adc.h **** };
  86:../../libDaisy//src/per/adc.h **** 
  87:../../libDaisy//src/per/adc.h **** /**
  88:../../libDaisy//src/per/adc.h ****    @brief Handler for analog to digital conversion
  89:../../libDaisy//src/per/adc.h **** */
  90:../../libDaisy//src/per/adc.h **** class AdcHandle
  91:../../libDaisy//src/per/adc.h **** {
  92:../../libDaisy//src/per/adc.h ****   public:
  93:../../libDaisy//src/per/adc.h ****     /** Supported oversampling amounts */
  94:../../libDaisy//src/per/adc.h ****     enum OverSampling
  95:../../libDaisy//src/per/adc.h ****     {
  96:../../libDaisy//src/per/adc.h ****         OVS_NONE, /**< & */
  97:../../libDaisy//src/per/adc.h ****         OVS_4,    /**< & */
  98:../../libDaisy//src/per/adc.h ****         OVS_8,    /**< & */
  99:../../libDaisy//src/per/adc.h ****         OVS_16,   /**< & */
 100:../../libDaisy//src/per/adc.h ****         OVS_32,   /**< & */
 101:../../libDaisy//src/per/adc.h ****         OVS_64,   /**< & */
 102:../../libDaisy//src/per/adc.h ****         OVS_128,  /**< & */
 103:../../libDaisy//src/per/adc.h ****         OVS_256,  /**< & */
 104:../../libDaisy//src/per/adc.h ****         OVS_512,  /**< & */
 105:../../libDaisy//src/per/adc.h ****         OVS_1024, /**< & */
 106:../../libDaisy//src/per/adc.h ****         OVS_LAST, /**< & */
 107:../../libDaisy//src/per/adc.h ****     };
 108:../../libDaisy//src/per/adc.h **** 
 109:../../libDaisy//src/per/adc.h ****     AdcHandle() {}
 110:../../libDaisy//src/per/adc.h ****     ~AdcHandle() {}
 156              		.loc 9 110 5 is_stmt 1 view .LVU15
 157              		.loc 9 110 5 is_stmt 0 view .LVU16
 158              	.LBE517:
 159              	.LBB518:
 160              	.LBI518:
 161              		.file 10 "../../libDaisy//src/hid/audio.h"
   1:../../libDaisy//src/hid/audio.h **** #ifndef DSY_AUDIO_H
   2:../../libDaisy//src/hid/audio.h **** #define DSY_AUDIO_H /**< & */
   3:../../libDaisy//src/hid/audio.h **** 
   4:../../libDaisy//src/hid/audio.h **** #include "per/sai.h"
   5:../../libDaisy//src/hid/audio.h **** 
   6:../../libDaisy//src/hid/audio.h **** namespace daisy
   7:../../libDaisy//src/hid/audio.h **** {
   8:../../libDaisy//src/hid/audio.h **** /** @brief Audio Engine Handle
   9:../../libDaisy//src/hid/audio.h ****  *  @ingroup audio 
  10:../../libDaisy//src/hid/audio.h ****  *  @details This class allows for higher level access to an audio engine.
  11:../../libDaisy//src/hid/audio.h ****  *           If you're using a SOM like the DaisySeed or DaisyPatchSM (or any 
  12:../../libDaisy//src/hid/audio.h ****  *            board that includes one of those objects) then the intialization
  13:../../libDaisy//src/hid/audio.h ****  *            is already taken  care of.
  14:../../libDaisy//src/hid/audio.h ****  *           If you're setting up your own custom hardware, or need to make changes
  15:../../libDaisy//src/hid/audio.h ****  *           you will have to take the following steps:
ARM GAS  C:\Users\kgpol\AppData\Local\Temp\ccIP7kIm.s 			page 11


  16:../../libDaisy//src/hid/audio.h ****  *             1. Create and Initialize an SaiHandle or two depending on your requirements
  17:../../libDaisy//src/hid/audio.h ****  *             2. Initialize the Audio Handle with the desired settings and the Initialized SaiHand
  18:../../libDaisy//src/hid/audio.h ****  *             3. If the connected codec requires special configuration or initialization, do so
  19:../../libDaisy//src/hid/audio.h ****  *             4. Write a callback method using either the AudioCallback or the InterleavingAudioCa
  20:../../libDaisy//src/hid/audio.h ****  *             5. Start the Audio using one of the StartAudio function
  21:../../libDaisy//src/hid/audio.h ****  */
  22:../../libDaisy//src/hid/audio.h **** class AudioHandle
  23:../../libDaisy//src/hid/audio.h **** {
  24:../../libDaisy//src/hid/audio.h ****   public:
  25:../../libDaisy//src/hid/audio.h ****     /** Manually configurable details about the Audio Engine */
  26:../../libDaisy//src/hid/audio.h ****     /** TODO: Figure out how to get samplerate in here. */
  27:../../libDaisy//src/hid/audio.h ****     struct Config
  28:../../libDaisy//src/hid/audio.h ****     {
  29:../../libDaisy//src/hid/audio.h ****         /** number of samples to process per callback */
  30:../../libDaisy//src/hid/audio.h ****         size_t blocksize;
  31:../../libDaisy//src/hid/audio.h **** 
  32:../../libDaisy//src/hid/audio.h ****         /**< Sample rate of audio */
  33:../../libDaisy//src/hid/audio.h ****         SaiHandle::Config::SampleRate samplerate;
  34:../../libDaisy//src/hid/audio.h **** 
  35:../../libDaisy//src/hid/audio.h ****         /** factor for adjustment before and after callback for hardware that may have extra headro
  36:../../libDaisy//src/hid/audio.h ****         float postgain;
  37:../../libDaisy//src/hid/audio.h **** 
  38:../../libDaisy//src/hid/audio.h ****         /** factor for additional one-sided compensation to audio path for hardware that may
  39:../../libDaisy//src/hid/audio.h ****          *  have unequal input/output ranges
  40:../../libDaisy//src/hid/audio.h ****          */
  41:../../libDaisy//src/hid/audio.h ****         float output_compensation;
  42:../../libDaisy//src/hid/audio.h **** 
  43:../../libDaisy//src/hid/audio.h ****         /** Sets default values for config struct */
  44:../../libDaisy//src/hid/audio.h ****         Config()
  45:../../libDaisy//src/hid/audio.h ****         : blocksize(48),
  46:../../libDaisy//src/hid/audio.h ****           samplerate(SaiHandle::Config::SampleRate::SAI_48KHZ),
  47:../../libDaisy//src/hid/audio.h ****           postgain(1.f),
  48:../../libDaisy//src/hid/audio.h ****           output_compensation(1.f)
  49:../../libDaisy//src/hid/audio.h ****         {
  50:../../libDaisy//src/hid/audio.h ****         }
  51:../../libDaisy//src/hid/audio.h ****     };
  52:../../libDaisy//src/hid/audio.h **** 
  53:../../libDaisy//src/hid/audio.h ****     enum class Result
  54:../../libDaisy//src/hid/audio.h ****     {
  55:../../libDaisy//src/hid/audio.h ****         OK,
  56:../../libDaisy//src/hid/audio.h ****         ERR,
  57:../../libDaisy//src/hid/audio.h ****     };
  58:../../libDaisy//src/hid/audio.h **** 
  59:../../libDaisy//src/hid/audio.h ****     /** Non-Interleaving input buffer
  60:../../libDaisy//src/hid/audio.h ****      * Buffer arranged by float[chn][sample] 
  61:../../libDaisy//src/hid/audio.h ****      * const so that the user can't modify the input
  62:../../libDaisy//src/hid/audio.h ****      */
  63:../../libDaisy//src/hid/audio.h ****     typedef const float* const* InputBuffer;
  64:../../libDaisy//src/hid/audio.h **** 
  65:../../libDaisy//src/hid/audio.h ****     /** Non-Interleaving output buffer
  66:../../libDaisy//src/hid/audio.h ****      * Arranged by float[chn][sample] 
  67:../../libDaisy//src/hid/audio.h ****      */
  68:../../libDaisy//src/hid/audio.h ****     typedef float** OutputBuffer;
  69:../../libDaisy//src/hid/audio.h **** 
  70:../../libDaisy//src/hid/audio.h ****     /** Type for a Non-Interleaving audio callback 
  71:../../libDaisy//src/hid/audio.h ****      * Non-Interleaving audio callbacks in daisy will be of this type
  72:../../libDaisy//src/hid/audio.h ****      */
ARM GAS  C:\Users\kgpol\AppData\Local\Temp\ccIP7kIm.s 			page 12


  73:../../libDaisy//src/hid/audio.h ****     typedef void (*AudioCallback)(InputBuffer  in,
  74:../../libDaisy//src/hid/audio.h ****                                   OutputBuffer out,
  75:../../libDaisy//src/hid/audio.h ****                                   size_t       size);
  76:../../libDaisy//src/hid/audio.h **** 
  77:../../libDaisy//src/hid/audio.h ****     /** Interleaving Input buffer
  78:../../libDaisy//src/hid/audio.h ****      ** audio is prepared as { L0, R0, L1, R1, . . . LN, RN }]
  79:../../libDaisy//src/hid/audio.h ****      ** this is const, as the user shouldn't modify it
  80:../../libDaisy//src/hid/audio.h ****     */
  81:../../libDaisy//src/hid/audio.h ****     typedef const float* InterleavingInputBuffer;
  82:../../libDaisy//src/hid/audio.h **** 
  83:../../libDaisy//src/hid/audio.h ****     /** Interleaving Output buffer 
  84:../../libDaisy//src/hid/audio.h ****      ** audio is prepared as { L0, R0, L1, R1, . . . LN, RN }
  85:../../libDaisy//src/hid/audio.h ****     */
  86:../../libDaisy//src/hid/audio.h ****     typedef float* InterleavingOutputBuffer;
  87:../../libDaisy//src/hid/audio.h **** 
  88:../../libDaisy//src/hid/audio.h ****     /** Interleaving Audio Callback 
  89:../../libDaisy//src/hid/audio.h ****      * Interleaving audio callbacks in daisy must be of this type
  90:../../libDaisy//src/hid/audio.h ****      */
  91:../../libDaisy//src/hid/audio.h ****     typedef void (*InterleavingAudioCallback)(InterleavingInputBuffer  in,
  92:../../libDaisy//src/hid/audio.h ****                                               InterleavingOutputBuffer out,
  93:../../libDaisy//src/hid/audio.h ****                                               size_t                   size);
  94:../../libDaisy//src/hid/audio.h **** 
  95:../../libDaisy//src/hid/audio.h ****     AudioHandle() : pimpl_(nullptr) {}
  96:../../libDaisy//src/hid/audio.h ****     ~AudioHandle() {}
 162              		.loc 10 96 5 is_stmt 1 view .LVU17
 163              		.loc 10 96 5 is_stmt 0 view .LVU18
 164              	.LBE518:
 165              		.loc 6 22 19 view .LVU19
 166 0000 7047     		bx	lr
 167              		.cfi_endproc
 168              	.LFE2555:
 170              		.weak	_ZN5daisy9DaisySeedD1Ev
 171              		.thumb_set _ZN5daisy9DaisySeedD1Ev,_ZN5daisy9DaisySeedD2Ev
 172 0002 00BF     		.section	.text._ZN7daisysp9CrossFadeD2Ev,"axG",%progbits,_ZN7daisysp9CrossFadeD5Ev,comdat
 173              		.align	1
 174              		.p2align 2,,3
 175              		.weak	_ZN7daisysp9CrossFadeD2Ev
 176              		.syntax unified
 177              		.thumb
 178              		.thumb_func
 179              		.fpu fpv5-d16
 181              	_ZN7daisysp9CrossFadeD2Ev:
 182              	.LVL5:
 183              	.LFB4358:
 184              		.file 11 "../../DaisySP//Source/Dynamics/crossfade.h"
   1:../../DaisySP//Source/Dynamics/crossfade.h **** /*
   2:../../DaisySP//Source/Dynamics/crossfade.h **** Copyright (c) 2020 Electrosmith, Corp, Paul Batchelor
   3:../../DaisySP//Source/Dynamics/crossfade.h **** 
   4:../../DaisySP//Source/Dynamics/crossfade.h **** Use of this source code is governed by an MIT-style
   5:../../DaisySP//Source/Dynamics/crossfade.h **** license that can be found in the LICENSE file or at
   6:../../DaisySP//Source/Dynamics/crossfade.h **** https://opensource.org/licenses/MIT.
   7:../../DaisySP//Source/Dynamics/crossfade.h **** */
   8:../../DaisySP//Source/Dynamics/crossfade.h **** 
   9:../../DaisySP//Source/Dynamics/crossfade.h **** #pragma once
  10:../../DaisySP//Source/Dynamics/crossfade.h **** #ifndef DSY_CROSSFADE_H
  11:../../DaisySP//Source/Dynamics/crossfade.h **** #define DSY_CROSSFADE_H
  12:../../DaisySP//Source/Dynamics/crossfade.h **** #include <stdint.h>
ARM GAS  C:\Users\kgpol\AppData\Local\Temp\ccIP7kIm.s 			page 13


  13:../../DaisySP//Source/Dynamics/crossfade.h **** #ifdef __cplusplus
  14:../../DaisySP//Source/Dynamics/crossfade.h **** 
  15:../../DaisySP//Source/Dynamics/crossfade.h **** namespace daisysp
  16:../../DaisySP//Source/Dynamics/crossfade.h **** {
  17:../../DaisySP//Source/Dynamics/crossfade.h **** /** Curve applied to the CrossFade
  18:../../DaisySP//Source/Dynamics/crossfade.h **** - LIN = linear
  19:../../DaisySP//Source/Dynamics/crossfade.h **** - CPOW = constant power
  20:../../DaisySP//Source/Dynamics/crossfade.h **** - LOG = logarithmic
  21:../../DaisySP//Source/Dynamics/crossfade.h **** - EXP  exponential
  22:../../DaisySP//Source/Dynamics/crossfade.h **** - LAST = end of enum (used for array indexing)
  23:../../DaisySP//Source/Dynamics/crossfade.h **** */
  24:../../DaisySP//Source/Dynamics/crossfade.h **** enum
  25:../../DaisySP//Source/Dynamics/crossfade.h **** {
  26:../../DaisySP//Source/Dynamics/crossfade.h ****     CROSSFADE_LIN,
  27:../../DaisySP//Source/Dynamics/crossfade.h ****     CROSSFADE_CPOW,
  28:../../DaisySP//Source/Dynamics/crossfade.h ****     CROSSFADE_LOG,
  29:../../DaisySP//Source/Dynamics/crossfade.h ****     CROSSFADE_EXP,
  30:../../DaisySP//Source/Dynamics/crossfade.h ****     CROSSFADE_LAST,
  31:../../DaisySP//Source/Dynamics/crossfade.h **** };
  32:../../DaisySP//Source/Dynamics/crossfade.h **** 
  33:../../DaisySP//Source/Dynamics/crossfade.h **** /** Performs a CrossFade between two signals
  34:../../DaisySP//Source/Dynamics/crossfade.h **** 
  35:../../DaisySP//Source/Dynamics/crossfade.h ****     Original author: Paul Batchelor
  36:../../DaisySP//Source/Dynamics/crossfade.h **** 
  37:../../DaisySP//Source/Dynamics/crossfade.h ****     Ported from Soundpipe by Andrew Ikenberry
  38:../../DaisySP//Source/Dynamics/crossfade.h **** 
  39:../../DaisySP//Source/Dynamics/crossfade.h ****     added curve option for constant power, etc.
  40:../../DaisySP//Source/Dynamics/crossfade.h **** */
  41:../../DaisySP//Source/Dynamics/crossfade.h **** class CrossFade
  42:../../DaisySP//Source/Dynamics/crossfade.h **** {
  43:../../DaisySP//Source/Dynamics/crossfade.h ****   public:
  44:../../DaisySP//Source/Dynamics/crossfade.h ****     CrossFade() {}
  45:../../DaisySP//Source/Dynamics/crossfade.h ****     ~CrossFade() {}
 185              		.loc 11 45 5 is_stmt 1 view -0
 186              		.cfi_startproc
 187              		@ args = 0, pretend = 0, frame = 0
 188              		@ frame_needed = 0, uses_anonymous_args = 0
 189              		@ link register save eliminated.
 190              		.loc 11 45 19 is_stmt 0 view .LVU21
 191 0000 7047     		bx	lr
 192              		.cfi_endproc
 193              	.LFE4358:
 195              		.weak	_ZN7daisysp9CrossFadeD1Ev
 196              		.thumb_set _ZN7daisysp9CrossFadeD1Ev,_ZN7daisysp9CrossFadeD2Ev
 197              		.section	.text._ZN5daisy11OledDisplayINS_13SSD130xDriverILj128ELj64ENS_24SSD130x4WireSpiTransportE
 198              		.align	1
 199              		.p2align 2,,3
 200              		.weak	_ZN5daisy11OledDisplayINS_13SSD130xDriverILj128ELj64ENS_24SSD130x4WireSpiTransportEEEE4FillE
 201              		.syntax unified
 202              		.thumb
 203              		.thumb_func
 204              		.fpu fpv5-d16
 206              	_ZN5daisy11OledDisplayINS_13SSD130xDriverILj128ELj64ENS_24SSD130x4WireSpiTransportEEEE4FillEb:
 207              	.LVL6:
 208              	.LFB5048:
 209              		.file 12 "../../libDaisy//src/hid/disp/oled_display.h"
   1:../../libDaisy//src/hid/disp/oled_display.h **** #pragma once
ARM GAS  C:\Users\kgpol\AppData\Local\Temp\ccIP7kIm.s 			page 14


   2:../../libDaisy//src/hid/disp/oled_display.h **** #ifndef DSY_OLED_DISPLAY_H
   3:../../libDaisy//src/hid/disp/oled_display.h **** #define DSY_OLED_DISPLAY_H /**< Macro */
   4:../../libDaisy//src/hid/disp/oled_display.h **** 
   5:../../libDaisy//src/hid/disp/oled_display.h **** #include "display.h"
   6:../../libDaisy//src/hid/disp/oled_display.h **** 
   7:../../libDaisy//src/hid/disp/oled_display.h **** namespace daisy
   8:../../libDaisy//src/hid/disp/oled_display.h **** {
   9:../../libDaisy//src/hid/disp/oled_display.h **** /** 
  10:../../libDaisy//src/hid/disp/oled_display.h ****  * This class is for drawing to a monochrome OLED display. 
  11:../../libDaisy//src/hid/disp/oled_display.h ****  * @ingroup device
  12:../../libDaisy//src/hid/disp/oled_display.h **** */
  13:../../libDaisy//src/hid/disp/oled_display.h **** template <typename DisplayDriver>
  14:../../libDaisy//src/hid/disp/oled_display.h **** class OledDisplay : public OneBitGraphicsDisplayImpl<OledDisplay<DisplayDriver>>
  15:../../libDaisy//src/hid/disp/oled_display.h **** {
  16:../../libDaisy//src/hid/disp/oled_display.h ****   public:
  17:../../libDaisy//src/hid/disp/oled_display.h ****     OledDisplay() {}
  18:../../libDaisy//src/hid/disp/oled_display.h ****     virtual ~OledDisplay() {}
  19:../../libDaisy//src/hid/disp/oled_display.h **** 
  20:../../libDaisy//src/hid/disp/oled_display.h ****     struct Config
  21:../../libDaisy//src/hid/disp/oled_display.h ****     {
  22:../../libDaisy//src/hid/disp/oled_display.h ****         typename DisplayDriver::Config driver_config;
  23:../../libDaisy//src/hid/disp/oled_display.h ****     };
  24:../../libDaisy//src/hid/disp/oled_display.h **** 
  25:../../libDaisy//src/hid/disp/oled_display.h ****     void Init(Config config) { driver_.Init(config.driver_config); }
  26:../../libDaisy//src/hid/disp/oled_display.h **** 
  27:../../libDaisy//src/hid/disp/oled_display.h ****     uint16_t Height() const override { return driver_.Height(); }
  28:../../libDaisy//src/hid/disp/oled_display.h ****     uint16_t Width() const override { return driver_.Width(); }
  29:../../libDaisy//src/hid/disp/oled_display.h **** 
  30:../../libDaisy//src/hid/disp/oled_display.h ****     /** 
  31:../../libDaisy//src/hid/disp/oled_display.h ****     Fills the entire display with either on/off.
  32:../../libDaisy//src/hid/disp/oled_display.h ****     \param on Sets on or off.
  33:../../libDaisy//src/hid/disp/oled_display.h ****     */
  34:../../libDaisy//src/hid/disp/oled_display.h ****     void Fill(bool on) override { driver_.Fill(on); }
 210              		.loc 12 34 10 is_stmt 1 view -0
 211              		.cfi_startproc
 212              		@ args = 0, pretend = 0, frame = 0
 213              		@ frame_needed = 0, uses_anonymous_args = 0
 214              		@ link register save eliminated.
 215              	.LBB519:
 216              	.LBI519:
 217              		.file 13 "../../libDaisy//src/dev/oled_ssd130x.h"
   1:../../libDaisy//src/dev/oled_ssd130x.h **** #pragma once
   2:../../libDaisy//src/dev/oled_ssd130x.h **** #ifndef SA_OLED_SSD130X_H
   3:../../libDaisy//src/dev/oled_ssd130x.h **** #define SA_OLED_SSD130X_H /**< & */
   4:../../libDaisy//src/dev/oled_ssd130x.h **** 
   5:../../libDaisy//src/dev/oled_ssd130x.h **** #include "per/i2c.h"
   6:../../libDaisy//src/dev/oled_ssd130x.h **** #include "per/spi.h"
   7:../../libDaisy//src/dev/oled_ssd130x.h **** #include "per/gpio.h"
   8:../../libDaisy//src/dev/oled_ssd130x.h **** #include "sys/system.h"
   9:../../libDaisy//src/dev/oled_ssd130x.h **** 
  10:../../libDaisy//src/dev/oled_ssd130x.h **** namespace daisy
  11:../../libDaisy//src/dev/oled_ssd130x.h **** {
  12:../../libDaisy//src/dev/oled_ssd130x.h **** /**
  13:../../libDaisy//src/dev/oled_ssd130x.h ****  * I2C Transport for SSD1306 / SSD1309 OLED display devices
  14:../../libDaisy//src/dev/oled_ssd130x.h ****  */
  15:../../libDaisy//src/dev/oled_ssd130x.h **** class SSD130xI2CTransport
  16:../../libDaisy//src/dev/oled_ssd130x.h **** {
ARM GAS  C:\Users\kgpol\AppData\Local\Temp\ccIP7kIm.s 			page 15


  17:../../libDaisy//src/dev/oled_ssd130x.h ****   public:
  18:../../libDaisy//src/dev/oled_ssd130x.h ****     struct Config
  19:../../libDaisy//src/dev/oled_ssd130x.h ****     {
  20:../../libDaisy//src/dev/oled_ssd130x.h ****         Config()
  21:../../libDaisy//src/dev/oled_ssd130x.h ****         {
  22:../../libDaisy//src/dev/oled_ssd130x.h ****             // Intialize using defaults
  23:../../libDaisy//src/dev/oled_ssd130x.h ****             Defaults();
  24:../../libDaisy//src/dev/oled_ssd130x.h ****         }
  25:../../libDaisy//src/dev/oled_ssd130x.h ****         I2CHandle::Config i2c_config;
  26:../../libDaisy//src/dev/oled_ssd130x.h ****         uint8_t           i2c_address;
  27:../../libDaisy//src/dev/oled_ssd130x.h ****         void              Defaults()
  28:../../libDaisy//src/dev/oled_ssd130x.h ****         {
  29:../../libDaisy//src/dev/oled_ssd130x.h ****             i2c_config.periph         = I2CHandle::Config::Peripheral::I2C_1;
  30:../../libDaisy//src/dev/oled_ssd130x.h ****             i2c_config.speed          = I2CHandle::Config::Speed::I2C_1MHZ;
  31:../../libDaisy//src/dev/oled_ssd130x.h ****             i2c_config.mode           = I2CHandle::Config::Mode::I2C_MASTER;
  32:../../libDaisy//src/dev/oled_ssd130x.h ****             i2c_config.pin_config.scl = {DSY_GPIOB, 8};
  33:../../libDaisy//src/dev/oled_ssd130x.h ****             i2c_config.pin_config.sda = {DSY_GPIOB, 9};
  34:../../libDaisy//src/dev/oled_ssd130x.h ****             i2c_address               = 0x3C;
  35:../../libDaisy//src/dev/oled_ssd130x.h ****         }
  36:../../libDaisy//src/dev/oled_ssd130x.h ****     };
  37:../../libDaisy//src/dev/oled_ssd130x.h ****     void Init(const Config& config)
  38:../../libDaisy//src/dev/oled_ssd130x.h ****     {
  39:../../libDaisy//src/dev/oled_ssd130x.h ****         i2c_address_ = config.i2c_address;
  40:../../libDaisy//src/dev/oled_ssd130x.h ****         i2c_.Init(config.i2c_config);
  41:../../libDaisy//src/dev/oled_ssd130x.h ****     };
  42:../../libDaisy//src/dev/oled_ssd130x.h ****     void SendCommand(uint8_t cmd)
  43:../../libDaisy//src/dev/oled_ssd130x.h ****     {
  44:../../libDaisy//src/dev/oled_ssd130x.h ****         uint8_t buf[2] = {0X00, cmd};
  45:../../libDaisy//src/dev/oled_ssd130x.h ****         i2c_.TransmitBlocking(i2c_address_, buf, 2, 1000);
  46:../../libDaisy//src/dev/oled_ssd130x.h ****     };
  47:../../libDaisy//src/dev/oled_ssd130x.h **** 
  48:../../libDaisy//src/dev/oled_ssd130x.h ****     void SendData(uint8_t* buff, size_t size)
  49:../../libDaisy//src/dev/oled_ssd130x.h ****     {
  50:../../libDaisy//src/dev/oled_ssd130x.h ****         for(size_t i = 0; i < size; i++)
  51:../../libDaisy//src/dev/oled_ssd130x.h ****         {
  52:../../libDaisy//src/dev/oled_ssd130x.h ****             uint8_t buf[2] = {0X40, buff[i]};
  53:../../libDaisy//src/dev/oled_ssd130x.h ****             i2c_.TransmitBlocking(i2c_address_, buf, 2, 1000);
  54:../../libDaisy//src/dev/oled_ssd130x.h ****         }
  55:../../libDaisy//src/dev/oled_ssd130x.h ****     };
  56:../../libDaisy//src/dev/oled_ssd130x.h **** 
  57:../../libDaisy//src/dev/oled_ssd130x.h ****   private:
  58:../../libDaisy//src/dev/oled_ssd130x.h ****     daisy::I2CHandle i2c_;
  59:../../libDaisy//src/dev/oled_ssd130x.h ****     uint8_t          i2c_address_;
  60:../../libDaisy//src/dev/oled_ssd130x.h **** };
  61:../../libDaisy//src/dev/oled_ssd130x.h **** 
  62:../../libDaisy//src/dev/oled_ssd130x.h **** /**
  63:../../libDaisy//src/dev/oled_ssd130x.h ****  * 4 Wire SPI Transport for SSD1306 / SSD1309 OLED display devices
  64:../../libDaisy//src/dev/oled_ssd130x.h ****  */
  65:../../libDaisy//src/dev/oled_ssd130x.h **** class SSD130x4WireSpiTransport
  66:../../libDaisy//src/dev/oled_ssd130x.h **** {
  67:../../libDaisy//src/dev/oled_ssd130x.h ****   public:
  68:../../libDaisy//src/dev/oled_ssd130x.h ****     struct Config
  69:../../libDaisy//src/dev/oled_ssd130x.h ****     {
  70:../../libDaisy//src/dev/oled_ssd130x.h ****         Config()
  71:../../libDaisy//src/dev/oled_ssd130x.h ****         {
  72:../../libDaisy//src/dev/oled_ssd130x.h ****             // Initialize using defaults
  73:../../libDaisy//src/dev/oled_ssd130x.h ****             Defaults();
ARM GAS  C:\Users\kgpol\AppData\Local\Temp\ccIP7kIm.s 			page 16


  74:../../libDaisy//src/dev/oled_ssd130x.h ****         }
  75:../../libDaisy//src/dev/oled_ssd130x.h ****         SpiHandle::Config spi_config;
  76:../../libDaisy//src/dev/oled_ssd130x.h ****         struct
  77:../../libDaisy//src/dev/oled_ssd130x.h ****         {
  78:../../libDaisy//src/dev/oled_ssd130x.h ****             dsy_gpio_pin dc;    /**< & */
  79:../../libDaisy//src/dev/oled_ssd130x.h ****             dsy_gpio_pin reset; /**< & */
  80:../../libDaisy//src/dev/oled_ssd130x.h ****         } pin_config;
  81:../../libDaisy//src/dev/oled_ssd130x.h ****         void Defaults()
  82:../../libDaisy//src/dev/oled_ssd130x.h ****         {
  83:../../libDaisy//src/dev/oled_ssd130x.h ****             // SPI peripheral config
  84:../../libDaisy//src/dev/oled_ssd130x.h ****             spi_config.periph = SpiHandle::Config::Peripheral::SPI_1;
  85:../../libDaisy//src/dev/oled_ssd130x.h ****             spi_config.mode   = SpiHandle::Config::Mode::MASTER;
  86:../../libDaisy//src/dev/oled_ssd130x.h ****             spi_config.direction
  87:../../libDaisy//src/dev/oled_ssd130x.h ****                 = SpiHandle::Config::Direction::TWO_LINES_TX_ONLY;
  88:../../libDaisy//src/dev/oled_ssd130x.h ****             spi_config.datasize       = 8;
  89:../../libDaisy//src/dev/oled_ssd130x.h ****             spi_config.clock_polarity = SpiHandle::Config::ClockPolarity::LOW;
  90:../../libDaisy//src/dev/oled_ssd130x.h ****             spi_config.clock_phase    = SpiHandle::Config::ClockPhase::ONE_EDGE;
  91:../../libDaisy//src/dev/oled_ssd130x.h ****             spi_config.nss            = SpiHandle::Config::NSS::HARD_OUTPUT;
  92:../../libDaisy//src/dev/oled_ssd130x.h ****             spi_config.baud_prescaler = SpiHandle::Config::BaudPrescaler::PS_8;
  93:../../libDaisy//src/dev/oled_ssd130x.h ****             // SPI pin config
  94:../../libDaisy//src/dev/oled_ssd130x.h ****             spi_config.pin_config.sclk = {DSY_GPIOG, 11};
  95:../../libDaisy//src/dev/oled_ssd130x.h ****             spi_config.pin_config.miso = {DSY_GPIOX, 0};
  96:../../libDaisy//src/dev/oled_ssd130x.h ****             spi_config.pin_config.mosi = {DSY_GPIOB, 5};
  97:../../libDaisy//src/dev/oled_ssd130x.h ****             spi_config.pin_config.nss  = {DSY_GPIOG, 10};
  98:../../libDaisy//src/dev/oled_ssd130x.h ****             // SSD130x control pin config
  99:../../libDaisy//src/dev/oled_ssd130x.h ****             pin_config.dc    = {DSY_GPIOB, 4};
 100:../../libDaisy//src/dev/oled_ssd130x.h ****             pin_config.reset = {DSY_GPIOB, 15};
 101:../../libDaisy//src/dev/oled_ssd130x.h ****         }
 102:../../libDaisy//src/dev/oled_ssd130x.h ****     };
 103:../../libDaisy//src/dev/oled_ssd130x.h ****     void Init(const Config& config)
 104:../../libDaisy//src/dev/oled_ssd130x.h ****     {
 105:../../libDaisy//src/dev/oled_ssd130x.h ****         // Initialize both GPIO
 106:../../libDaisy//src/dev/oled_ssd130x.h ****         pin_dc_.mode = DSY_GPIO_MODE_OUTPUT_PP;
 107:../../libDaisy//src/dev/oled_ssd130x.h ****         pin_dc_.pin  = config.pin_config.dc;
 108:../../libDaisy//src/dev/oled_ssd130x.h ****         dsy_gpio_init(&pin_dc_);
 109:../../libDaisy//src/dev/oled_ssd130x.h ****         pin_reset_.mode = DSY_GPIO_MODE_OUTPUT_PP;
 110:../../libDaisy//src/dev/oled_ssd130x.h ****         pin_reset_.pin  = config.pin_config.reset;
 111:../../libDaisy//src/dev/oled_ssd130x.h ****         dsy_gpio_init(&pin_reset_);
 112:../../libDaisy//src/dev/oled_ssd130x.h **** 
 113:../../libDaisy//src/dev/oled_ssd130x.h ****         // Initialize SPI
 114:../../libDaisy//src/dev/oled_ssd130x.h ****         spi_.Init(config.spi_config);
 115:../../libDaisy//src/dev/oled_ssd130x.h **** 
 116:../../libDaisy//src/dev/oled_ssd130x.h ****         // Reset and Configure OLED.
 117:../../libDaisy//src/dev/oled_ssd130x.h ****         dsy_gpio_write(&pin_reset_, 0);
 118:../../libDaisy//src/dev/oled_ssd130x.h ****         System::Delay(10);
 119:../../libDaisy//src/dev/oled_ssd130x.h ****         dsy_gpio_write(&pin_reset_, 1);
 120:../../libDaisy//src/dev/oled_ssd130x.h ****         System::Delay(10);
 121:../../libDaisy//src/dev/oled_ssd130x.h ****     };
 122:../../libDaisy//src/dev/oled_ssd130x.h ****     void SendCommand(uint8_t cmd)
 123:../../libDaisy//src/dev/oled_ssd130x.h ****     {
 124:../../libDaisy//src/dev/oled_ssd130x.h ****         dsy_gpio_write(&pin_dc_, 0);
 125:../../libDaisy//src/dev/oled_ssd130x.h ****         spi_.BlockingTransmit(&cmd, 1);
 126:../../libDaisy//src/dev/oled_ssd130x.h ****     };
 127:../../libDaisy//src/dev/oled_ssd130x.h **** 
 128:../../libDaisy//src/dev/oled_ssd130x.h ****     void SendData(uint8_t* buff, size_t size)
 129:../../libDaisy//src/dev/oled_ssd130x.h ****     {
 130:../../libDaisy//src/dev/oled_ssd130x.h ****         dsy_gpio_write(&pin_dc_, 1);
ARM GAS  C:\Users\kgpol\AppData\Local\Temp\ccIP7kIm.s 			page 17


 131:../../libDaisy//src/dev/oled_ssd130x.h ****         spi_.BlockingTransmit(buff, size);
 132:../../libDaisy//src/dev/oled_ssd130x.h ****     };
 133:../../libDaisy//src/dev/oled_ssd130x.h **** 
 134:../../libDaisy//src/dev/oled_ssd130x.h ****   private:
 135:../../libDaisy//src/dev/oled_ssd130x.h ****     SpiHandle spi_;
 136:../../libDaisy//src/dev/oled_ssd130x.h ****     dsy_gpio  pin_reset_;
 137:../../libDaisy//src/dev/oled_ssd130x.h ****     dsy_gpio  pin_dc_;
 138:../../libDaisy//src/dev/oled_ssd130x.h **** };
 139:../../libDaisy//src/dev/oled_ssd130x.h **** 
 140:../../libDaisy//src/dev/oled_ssd130x.h **** /**
 141:../../libDaisy//src/dev/oled_ssd130x.h ****  * Soft SPI Transport for SSD1306 / SSD1309 OLED display devices
 142:../../libDaisy//src/dev/oled_ssd130x.h ****  */
 143:../../libDaisy//src/dev/oled_ssd130x.h **** class SSD130x4WireSoftSpiTransport
 144:../../libDaisy//src/dev/oled_ssd130x.h **** {
 145:../../libDaisy//src/dev/oled_ssd130x.h ****   public:
 146:../../libDaisy//src/dev/oled_ssd130x.h ****     struct Config
 147:../../libDaisy//src/dev/oled_ssd130x.h ****     {
 148:../../libDaisy//src/dev/oled_ssd130x.h ****         Config()
 149:../../libDaisy//src/dev/oled_ssd130x.h ****         {
 150:../../libDaisy//src/dev/oled_ssd130x.h ****             // Initialize using defaults
 151:../../libDaisy//src/dev/oled_ssd130x.h ****             Defaults();
 152:../../libDaisy//src/dev/oled_ssd130x.h ****         }
 153:../../libDaisy//src/dev/oled_ssd130x.h ****         struct
 154:../../libDaisy//src/dev/oled_ssd130x.h ****         {
 155:../../libDaisy//src/dev/oled_ssd130x.h ****             uint32_t     sclk_delay;
 156:../../libDaisy//src/dev/oled_ssd130x.h ****             dsy_gpio_pin sclk;
 157:../../libDaisy//src/dev/oled_ssd130x.h ****             dsy_gpio_pin mosi;
 158:../../libDaisy//src/dev/oled_ssd130x.h ****             dsy_gpio_pin dc;
 159:../../libDaisy//src/dev/oled_ssd130x.h ****             dsy_gpio_pin reset;
 160:../../libDaisy//src/dev/oled_ssd130x.h ****         } pin_config;
 161:../../libDaisy//src/dev/oled_ssd130x.h ****         void Defaults()
 162:../../libDaisy//src/dev/oled_ssd130x.h ****         {
 163:../../libDaisy//src/dev/oled_ssd130x.h ****             pin_config.sclk_delay = 0; // fast as possible?!
 164:../../libDaisy//src/dev/oled_ssd130x.h ****             // SPI peripheral config
 165:../../libDaisy//src/dev/oled_ssd130x.h ****             pin_config.sclk = {DSY_GPIOD, 3}; /**< D10 - SPI2 SCK  */
 166:../../libDaisy//src/dev/oled_ssd130x.h ****             pin_config.mosi = {DSY_GPIOC, 3}; /**< D9  - SPI2 MOSI */
 167:../../libDaisy//src/dev/oled_ssd130x.h ****             // SSD130x control pin config
 168:../../libDaisy//src/dev/oled_ssd130x.h ****             pin_config.dc    = {DSY_GPIOC, 11}; //D2
 169:../../libDaisy//src/dev/oled_ssd130x.h ****             pin_config.reset = {DSY_GPIOC, 10}; //D3
 170:../../libDaisy//src/dev/oled_ssd130x.h ****         }
 171:../../libDaisy//src/dev/oled_ssd130x.h ****     };
 172:../../libDaisy//src/dev/oled_ssd130x.h ****     void Init(const Config& config)
 173:../../libDaisy//src/dev/oled_ssd130x.h ****     {
 174:../../libDaisy//src/dev/oled_ssd130x.h ****         // Initialize both GPIO
 175:../../libDaisy//src/dev/oled_ssd130x.h ****         pin_sclk_.mode = DSY_GPIO_MODE_OUTPUT_PP;
 176:../../libDaisy//src/dev/oled_ssd130x.h ****         pin_sclk_.pin  = config.pin_config.sclk;
 177:../../libDaisy//src/dev/oled_ssd130x.h ****         dsy_gpio_init(&pin_sclk_);
 178:../../libDaisy//src/dev/oled_ssd130x.h ****         dsy_gpio_write(&pin_sclk_, 1); //ClockPolarity::LOW
 179:../../libDaisy//src/dev/oled_ssd130x.h ****         clk_delay      = config.pin_config.sclk_delay;
 180:../../libDaisy//src/dev/oled_ssd130x.h ****         pin_mosi_.mode = DSY_GPIO_MODE_OUTPUT_PP;
 181:../../libDaisy//src/dev/oled_ssd130x.h ****         pin_mosi_.pin  = config.pin_config.mosi;
 182:../../libDaisy//src/dev/oled_ssd130x.h ****         dsy_gpio_init(&pin_mosi_);
 183:../../libDaisy//src/dev/oled_ssd130x.h ****         dsy_gpio_write(&pin_mosi_, 0);
 184:../../libDaisy//src/dev/oled_ssd130x.h **** 
 185:../../libDaisy//src/dev/oled_ssd130x.h ****         pin_dc_.mode = DSY_GPIO_MODE_OUTPUT_PP;
 186:../../libDaisy//src/dev/oled_ssd130x.h ****         pin_dc_.pin  = config.pin_config.dc;
 187:../../libDaisy//src/dev/oled_ssd130x.h ****         dsy_gpio_init(&pin_dc_);
ARM GAS  C:\Users\kgpol\AppData\Local\Temp\ccIP7kIm.s 			page 18


 188:../../libDaisy//src/dev/oled_ssd130x.h ****         pin_reset_.mode = DSY_GPIO_MODE_OUTPUT_PP;
 189:../../libDaisy//src/dev/oled_ssd130x.h ****         pin_reset_.pin  = config.pin_config.reset;
 190:../../libDaisy//src/dev/oled_ssd130x.h ****         dsy_gpio_init(&pin_reset_);
 191:../../libDaisy//src/dev/oled_ssd130x.h **** 
 192:../../libDaisy//src/dev/oled_ssd130x.h ****         // Reset and Configure OLED.
 193:../../libDaisy//src/dev/oled_ssd130x.h ****         dsy_gpio_write(&pin_reset_, 0);
 194:../../libDaisy//src/dev/oled_ssd130x.h ****         System::Delay(10);
 195:../../libDaisy//src/dev/oled_ssd130x.h ****         dsy_gpio_write(&pin_reset_, 1);
 196:../../libDaisy//src/dev/oled_ssd130x.h ****         System::Delay(10);
 197:../../libDaisy//src/dev/oled_ssd130x.h ****     };
 198:../../libDaisy//src/dev/oled_ssd130x.h ****     void SendCommand(uint8_t cmd)
 199:../../libDaisy//src/dev/oled_ssd130x.h ****     {
 200:../../libDaisy//src/dev/oled_ssd130x.h ****         dsy_gpio_write(&pin_dc_, 0);
 201:../../libDaisy//src/dev/oled_ssd130x.h ****         SoftSpiTransmit(cmd);
 202:../../libDaisy//src/dev/oled_ssd130x.h ****     };
 203:../../libDaisy//src/dev/oled_ssd130x.h **** 
 204:../../libDaisy//src/dev/oled_ssd130x.h ****     void SendData(uint8_t* buff, size_t size)
 205:../../libDaisy//src/dev/oled_ssd130x.h ****     {
 206:../../libDaisy//src/dev/oled_ssd130x.h ****         dsy_gpio_write(&pin_dc_, 1);
 207:../../libDaisy//src/dev/oled_ssd130x.h ****         for(size_t i = 0; i < size; i++)
 208:../../libDaisy//src/dev/oled_ssd130x.h ****             SoftSpiTransmit(buff[i]);
 209:../../libDaisy//src/dev/oled_ssd130x.h ****     };
 210:../../libDaisy//src/dev/oled_ssd130x.h **** 
 211:../../libDaisy//src/dev/oled_ssd130x.h ****   private:
 212:../../libDaisy//src/dev/oled_ssd130x.h ****     void SoftSpiTransmit(uint8_t val)
 213:../../libDaisy//src/dev/oled_ssd130x.h ****     {
 214:../../libDaisy//src/dev/oled_ssd130x.h ****         // bit flip
 215:../../libDaisy//src/dev/oled_ssd130x.h ****         val = ((val & 0x01) << 7) | ((val & 0x02) << 5) | ((val & 0x04) << 3)
 216:../../libDaisy//src/dev/oled_ssd130x.h ****               | ((val & 0x08) << 1) | ((val & 0x10) >> 1) | ((val & 0x20) >> 3)
 217:../../libDaisy//src/dev/oled_ssd130x.h ****               | ((val & 0x40) >> 5) | ((val & 0x80) >> 7);
 218:../../libDaisy//src/dev/oled_ssd130x.h **** 
 219:../../libDaisy//src/dev/oled_ssd130x.h ****         for(uint8_t bit = 0u; bit < 8u; bit++)
 220:../../libDaisy//src/dev/oled_ssd130x.h ****         {
 221:../../libDaisy//src/dev/oled_ssd130x.h ****             dsy_gpio_write(&pin_mosi_, ((val & (1 << bit)) ? 1 : 0));
 222:../../libDaisy//src/dev/oled_ssd130x.h **** 
 223:../../libDaisy//src/dev/oled_ssd130x.h ****             System::DelayTicks(clk_delay);
 224:../../libDaisy//src/dev/oled_ssd130x.h **** 
 225:../../libDaisy//src/dev/oled_ssd130x.h ****             dsy_gpio_toggle(&pin_sclk_);
 226:../../libDaisy//src/dev/oled_ssd130x.h **** 
 227:../../libDaisy//src/dev/oled_ssd130x.h ****             System::DelayTicks(clk_delay);
 228:../../libDaisy//src/dev/oled_ssd130x.h **** 
 229:../../libDaisy//src/dev/oled_ssd130x.h ****             dsy_gpio_toggle(&pin_sclk_);
 230:../../libDaisy//src/dev/oled_ssd130x.h ****         }
 231:../../libDaisy//src/dev/oled_ssd130x.h ****     }
 232:../../libDaisy//src/dev/oled_ssd130x.h **** 
 233:../../libDaisy//src/dev/oled_ssd130x.h ****     uint32_t clk_delay;
 234:../../libDaisy//src/dev/oled_ssd130x.h ****     dsy_gpio pin_sclk_;
 235:../../libDaisy//src/dev/oled_ssd130x.h ****     dsy_gpio pin_mosi_;
 236:../../libDaisy//src/dev/oled_ssd130x.h ****     dsy_gpio pin_reset_;
 237:../../libDaisy//src/dev/oled_ssd130x.h ****     dsy_gpio pin_dc_;
 238:../../libDaisy//src/dev/oled_ssd130x.h **** };
 239:../../libDaisy//src/dev/oled_ssd130x.h **** 
 240:../../libDaisy//src/dev/oled_ssd130x.h **** 
 241:../../libDaisy//src/dev/oled_ssd130x.h **** /**
 242:../../libDaisy//src/dev/oled_ssd130x.h ****  * A driver implementation for the SSD1306/SSD1309
 243:../../libDaisy//src/dev/oled_ssd130x.h ****  */
 244:../../libDaisy//src/dev/oled_ssd130x.h **** template <size_t width, size_t height, typename Transport>
ARM GAS  C:\Users\kgpol\AppData\Local\Temp\ccIP7kIm.s 			page 19


 245:../../libDaisy//src/dev/oled_ssd130x.h **** class SSD130xDriver
 246:../../libDaisy//src/dev/oled_ssd130x.h **** {
 247:../../libDaisy//src/dev/oled_ssd130x.h ****   public:
 248:../../libDaisy//src/dev/oled_ssd130x.h ****     struct Config
 249:../../libDaisy//src/dev/oled_ssd130x.h ****     {
 250:../../libDaisy//src/dev/oled_ssd130x.h ****         typename Transport::Config transport_config;
 251:../../libDaisy//src/dev/oled_ssd130x.h ****     };
 252:../../libDaisy//src/dev/oled_ssd130x.h **** 
 253:../../libDaisy//src/dev/oled_ssd130x.h ****     void Init(Config config)
 254:../../libDaisy//src/dev/oled_ssd130x.h ****     {
 255:../../libDaisy//src/dev/oled_ssd130x.h ****         transport_.Init(config.transport_config);
 256:../../libDaisy//src/dev/oled_ssd130x.h **** 
 257:../../libDaisy//src/dev/oled_ssd130x.h ****         // Init routine...
 258:../../libDaisy//src/dev/oled_ssd130x.h **** 
 259:../../libDaisy//src/dev/oled_ssd130x.h ****         // Display Off
 260:../../libDaisy//src/dev/oled_ssd130x.h ****         transport_.SendCommand(0xaE);
 261:../../libDaisy//src/dev/oled_ssd130x.h ****         // Dimension dependent commands...
 262:../../libDaisy//src/dev/oled_ssd130x.h ****         switch(height)
 263:../../libDaisy//src/dev/oled_ssd130x.h ****         {
 264:../../libDaisy//src/dev/oled_ssd130x.h ****             case 16:
 265:../../libDaisy//src/dev/oled_ssd130x.h ****                 // Display Clock Divide Ratio
 266:../../libDaisy//src/dev/oled_ssd130x.h ****                 transport_.SendCommand(0xD5);
 267:../../libDaisy//src/dev/oled_ssd130x.h ****                 transport_.SendCommand(0x60);
 268:../../libDaisy//src/dev/oled_ssd130x.h ****                 // Multiplex Ratio
 269:../../libDaisy//src/dev/oled_ssd130x.h ****                 transport_.SendCommand(0xA8);
 270:../../libDaisy//src/dev/oled_ssd130x.h ****                 transport_.SendCommand(0x0F);
 271:../../libDaisy//src/dev/oled_ssd130x.h ****                 // COM Pins
 272:../../libDaisy//src/dev/oled_ssd130x.h ****                 transport_.SendCommand(0xDA);
 273:../../libDaisy//src/dev/oled_ssd130x.h ****                 transport_.SendCommand(0x02);
 274:../../libDaisy//src/dev/oled_ssd130x.h ****                 break;
 275:../../libDaisy//src/dev/oled_ssd130x.h ****             case 32:
 276:../../libDaisy//src/dev/oled_ssd130x.h ****                 // Display Clock Divide Ratio
 277:../../libDaisy//src/dev/oled_ssd130x.h ****                 transport_.SendCommand(0xD5);
 278:../../libDaisy//src/dev/oled_ssd130x.h ****                 transport_.SendCommand(0x80);
 279:../../libDaisy//src/dev/oled_ssd130x.h ****                 // Multiplex Ratio
 280:../../libDaisy//src/dev/oled_ssd130x.h ****                 transport_.SendCommand(0xA8);
 281:../../libDaisy//src/dev/oled_ssd130x.h ****                 transport_.SendCommand(0x1F);
 282:../../libDaisy//src/dev/oled_ssd130x.h ****                 // COM Pins
 283:../../libDaisy//src/dev/oled_ssd130x.h ****                 transport_.SendCommand(0xDA);
 284:../../libDaisy//src/dev/oled_ssd130x.h ****                 if(width == 64)
 285:../../libDaisy//src/dev/oled_ssd130x.h ****                 {
 286:../../libDaisy//src/dev/oled_ssd130x.h ****                     transport_.SendCommand(0x12);
 287:../../libDaisy//src/dev/oled_ssd130x.h ****                 }
 288:../../libDaisy//src/dev/oled_ssd130x.h ****                 else
 289:../../libDaisy//src/dev/oled_ssd130x.h ****                 {
 290:../../libDaisy//src/dev/oled_ssd130x.h ****                     transport_.SendCommand(0x02);
 291:../../libDaisy//src/dev/oled_ssd130x.h ****                 }
 292:../../libDaisy//src/dev/oled_ssd130x.h **** 
 293:../../libDaisy//src/dev/oled_ssd130x.h ****                 break;
 294:../../libDaisy//src/dev/oled_ssd130x.h ****             case 48:
 295:../../libDaisy//src/dev/oled_ssd130x.h ****                 // Display Clock Divide Ratio
 296:../../libDaisy//src/dev/oled_ssd130x.h ****                 transport_.SendCommand(0xD5);
 297:../../libDaisy//src/dev/oled_ssd130x.h ****                 transport_.SendCommand(0x80);
 298:../../libDaisy//src/dev/oled_ssd130x.h ****                 // Multiplex Ratio
 299:../../libDaisy//src/dev/oled_ssd130x.h ****                 transport_.SendCommand(0xA8);
 300:../../libDaisy//src/dev/oled_ssd130x.h ****                 transport_.SendCommand(0x2F);
 301:../../libDaisy//src/dev/oled_ssd130x.h ****                 // COM Pins
ARM GAS  C:\Users\kgpol\AppData\Local\Temp\ccIP7kIm.s 			page 20


 302:../../libDaisy//src/dev/oled_ssd130x.h ****                 transport_.SendCommand(0xDA);
 303:../../libDaisy//src/dev/oled_ssd130x.h ****                 transport_.SendCommand(0x12);
 304:../../libDaisy//src/dev/oled_ssd130x.h ****                 break;
 305:../../libDaisy//src/dev/oled_ssd130x.h ****             default: // 128
 306:../../libDaisy//src/dev/oled_ssd130x.h ****                 // Display Clock Divide Ratio
 307:../../libDaisy//src/dev/oled_ssd130x.h ****                 transport_.SendCommand(0xD5);
 308:../../libDaisy//src/dev/oled_ssd130x.h ****                 transport_.SendCommand(0x80);
 309:../../libDaisy//src/dev/oled_ssd130x.h ****                 // Multiplex Ratio
 310:../../libDaisy//src/dev/oled_ssd130x.h ****                 transport_.SendCommand(0xA8);
 311:../../libDaisy//src/dev/oled_ssd130x.h ****                 transport_.SendCommand(0x3F);
 312:../../libDaisy//src/dev/oled_ssd130x.h ****                 // COM Pins
 313:../../libDaisy//src/dev/oled_ssd130x.h ****                 transport_.SendCommand(0xDA);
 314:../../libDaisy//src/dev/oled_ssd130x.h ****                 transport_.SendCommand(0x12);
 315:../../libDaisy//src/dev/oled_ssd130x.h ****                 break;
 316:../../libDaisy//src/dev/oled_ssd130x.h ****         }
 317:../../libDaisy//src/dev/oled_ssd130x.h **** 
 318:../../libDaisy//src/dev/oled_ssd130x.h ****         // Display Offset
 319:../../libDaisy//src/dev/oled_ssd130x.h ****         transport_.SendCommand(0xD3);
 320:../../libDaisy//src/dev/oled_ssd130x.h ****         transport_.SendCommand(0x00);
 321:../../libDaisy//src/dev/oled_ssd130x.h ****         // Start Line Address
 322:../../libDaisy//src/dev/oled_ssd130x.h ****         transport_.SendCommand(0x40);
 323:../../libDaisy//src/dev/oled_ssd130x.h ****         // Normal Display
 324:../../libDaisy//src/dev/oled_ssd130x.h ****         transport_.SendCommand(0xA6);
 325:../../libDaisy//src/dev/oled_ssd130x.h ****         // All On Resume
 326:../../libDaisy//src/dev/oled_ssd130x.h ****         transport_.SendCommand(0xA4);
 327:../../libDaisy//src/dev/oled_ssd130x.h ****         // Charge Pump
 328:../../libDaisy//src/dev/oled_ssd130x.h ****         transport_.SendCommand(0x8D);
 329:../../libDaisy//src/dev/oled_ssd130x.h ****         transport_.SendCommand(0x14);
 330:../../libDaisy//src/dev/oled_ssd130x.h ****         // Set Segment Remap
 331:../../libDaisy//src/dev/oled_ssd130x.h ****         transport_.SendCommand(0xA1);
 332:../../libDaisy//src/dev/oled_ssd130x.h ****         // COM Output Scan Direction
 333:../../libDaisy//src/dev/oled_ssd130x.h ****         transport_.SendCommand(0xC8);
 334:../../libDaisy//src/dev/oled_ssd130x.h ****         // Contrast Control
 335:../../libDaisy//src/dev/oled_ssd130x.h ****         transport_.SendCommand(0x81);
 336:../../libDaisy//src/dev/oled_ssd130x.h ****         transport_.SendCommand(0x8F);
 337:../../libDaisy//src/dev/oled_ssd130x.h ****         // Pre Charge
 338:../../libDaisy//src/dev/oled_ssd130x.h ****         transport_.SendCommand(0xD9);
 339:../../libDaisy//src/dev/oled_ssd130x.h ****         transport_.SendCommand(0x25);
 340:../../libDaisy//src/dev/oled_ssd130x.h ****         // VCOM Detect
 341:../../libDaisy//src/dev/oled_ssd130x.h ****         transport_.SendCommand(0xDB);
 342:../../libDaisy//src/dev/oled_ssd130x.h ****         transport_.SendCommand(0x34);
 343:../../libDaisy//src/dev/oled_ssd130x.h **** 
 344:../../libDaisy//src/dev/oled_ssd130x.h **** 
 345:../../libDaisy//src/dev/oled_ssd130x.h ****         // Display On
 346:../../libDaisy//src/dev/oled_ssd130x.h ****         transport_.SendCommand(0xAF); //--turn on oled panel
 347:../../libDaisy//src/dev/oled_ssd130x.h ****     };
 348:../../libDaisy//src/dev/oled_ssd130x.h **** 
 349:../../libDaisy//src/dev/oled_ssd130x.h ****     size_t Width() const { return width; };
 350:../../libDaisy//src/dev/oled_ssd130x.h ****     size_t Height() const { return height; };
 351:../../libDaisy//src/dev/oled_ssd130x.h **** 
 352:../../libDaisy//src/dev/oled_ssd130x.h ****     void DrawPixel(uint_fast8_t x, uint_fast8_t y, bool on)
 353:../../libDaisy//src/dev/oled_ssd130x.h ****     {
 354:../../libDaisy//src/dev/oled_ssd130x.h ****         if(x >= width || y >= height)
 355:../../libDaisy//src/dev/oled_ssd130x.h ****             return;
 356:../../libDaisy//src/dev/oled_ssd130x.h ****         if(on)
 357:../../libDaisy//src/dev/oled_ssd130x.h ****             buffer_[x + (y / 8) * width] |= (1 << (y % 8));
 358:../../libDaisy//src/dev/oled_ssd130x.h ****         else
ARM GAS  C:\Users\kgpol\AppData\Local\Temp\ccIP7kIm.s 			page 21


 359:../../libDaisy//src/dev/oled_ssd130x.h ****             buffer_[x + (y / 8) * width] &= ~(1 << (y % 8));
 360:../../libDaisy//src/dev/oled_ssd130x.h ****     }
 361:../../libDaisy//src/dev/oled_ssd130x.h **** 
 362:../../libDaisy//src/dev/oled_ssd130x.h ****     void Fill(bool on)
 218              		.loc 13 362 10 view .LVU23
 219              	.LBB520:
 363:../../libDaisy//src/dev/oled_ssd130x.h ****     {
 364:../../libDaisy//src/dev/oled_ssd130x.h ****         for(size_t i = 0; i < sizeof(buffer_); i++)
 220              		.loc 13 364 29 view .LVU24
 365:../../libDaisy//src/dev/oled_ssd130x.h ****         {
 366:../../libDaisy//src/dev/oled_ssd130x.h ****             buffer_[i] = on ? 0xff : 0x00;
 221              		.loc 13 366 24 is_stmt 0 view .LVU25
 222 0000 4942     		rsbs	r1, r1, #0
 223              	.LVL7:
 224              		.loc 13 366 24 view .LVU26
 225 0002 4FF48062 		mov	r2, #1024
 226 0006 1430     		adds	r0, r0, #20
 227              	.LVL8:
 228              		.loc 13 366 24 view .LVU27
 229 0008 C9B2     		uxtb	r1, r1
 230 000a FFF7FEBF 		b	memset
 231              	.LVL9:
 232              		.loc 13 366 24 view .LVU28
 233              	.LBE520:
 234              	.LBE519:
 235              		.cfi_endproc
 236              	.LFE5048:
 238 000e 00BF     		.section	.text._ZN5daisy11OledDisplayINS_13SSD130xDriverILj128ELj64ENS_24SSD130x4WireSpiTransportE
 239              		.align	1
 240              		.p2align 2,,3
 241              		.weak	_ZN5daisy11OledDisplayINS_13SSD130xDriverILj128ELj64ENS_24SSD130x4WireSpiTransportEEEED2Ev
 242              		.syntax unified
 243              		.thumb
 244              		.thumb_func
 245              		.fpu fpv5-d16
 247              	_ZN5daisy11OledDisplayINS_13SSD130xDriverILj128ELj64ENS_24SSD130x4WireSpiTransportEEEED2Ev:
 248              	.LVL10:
 249              	.LFB5330:
  18:../../libDaisy//src/hid/disp/oled_display.h **** 
 250              		.loc 12 18 13 is_stmt 1 view -0
 251              		.cfi_startproc
 252              		@ args = 0, pretend = 0, frame = 0
 253              		@ frame_needed = 0, uses_anonymous_args = 0
 254              		@ link register save eliminated.
 255              	.LBB521:
 256              	.LBI521:
 257              		.file 14 "../../libDaisy//src/hid/disp/display.h"
   1:../../libDaisy//src/hid/disp/display.h **** #pragma once
   2:../../libDaisy//src/hid/disp/display.h **** #ifndef DSY_DISPLAY_H
   3:../../libDaisy//src/hid/disp/display.h **** #define DSY_DISPLAY_H /**< Macro */
   4:../../libDaisy//src/hid/disp/display.h **** #include <cmath>
   5:../../libDaisy//src/hid/disp/display.h **** #include "util/oled_fonts.h"
   6:../../libDaisy//src/hid/disp/display.h **** #include "daisy_core.h"
   7:../../libDaisy//src/hid/disp/display.h **** #include "graphics_common.h"
   8:../../libDaisy//src/hid/disp/display.h **** 
   9:../../libDaisy//src/hid/disp/display.h **** #ifndef deg2rad
  10:../../libDaisy//src/hid/disp/display.h **** #define deg2rad(deg) ((deg)*3.141592 / 180.0)
ARM GAS  C:\Users\kgpol\AppData\Local\Temp\ccIP7kIm.s 			page 22


  11:../../libDaisy//src/hid/disp/display.h **** #endif
  12:../../libDaisy//src/hid/disp/display.h **** 
  13:../../libDaisy//src/hid/disp/display.h **** namespace daisy
  14:../../libDaisy//src/hid/disp/display.h **** {
  15:../../libDaisy//src/hid/disp/display.h **** /** 
  16:../../libDaisy//src/hid/disp/display.h ****  * This interface is used as a base class for all types of 1bit-per-pixel
  17:../../libDaisy//src/hid/disp/display.h ****  * graphics displays.
  18:../../libDaisy//src/hid/disp/display.h **** */
  19:../../libDaisy//src/hid/disp/display.h **** class OneBitGraphicsDisplay
  20:../../libDaisy//src/hid/disp/display.h **** {
  21:../../libDaisy//src/hid/disp/display.h ****   public:
  22:../../libDaisy//src/hid/disp/display.h ****     OneBitGraphicsDisplay() {}
  23:../../libDaisy//src/hid/disp/display.h ****     virtual ~OneBitGraphicsDisplay() {}
  24:../../libDaisy//src/hid/disp/display.h **** 
  25:../../libDaisy//src/hid/disp/display.h ****     virtual uint16_t Height() const = 0;
  26:../../libDaisy//src/hid/disp/display.h ****     virtual uint16_t Width() const  = 0;
  27:../../libDaisy//src/hid/disp/display.h **** 
  28:../../libDaisy//src/hid/disp/display.h ****     Rectangle GetBounds() const
  29:../../libDaisy//src/hid/disp/display.h ****     {
  30:../../libDaisy//src/hid/disp/display.h ****         return Rectangle(int16_t(Width()), int16_t(Height()));
  31:../../libDaisy//src/hid/disp/display.h ****     }
  32:../../libDaisy//src/hid/disp/display.h **** 
  33:../../libDaisy//src/hid/disp/display.h **** 
  34:../../libDaisy//src/hid/disp/display.h ****     size_t CurrentX() { return currentX_; };
  35:../../libDaisy//src/hid/disp/display.h ****     size_t CurrentY() { return currentY_; };
  36:../../libDaisy//src/hid/disp/display.h **** 
  37:../../libDaisy//src/hid/disp/display.h ****     /** 
  38:../../libDaisy//src/hid/disp/display.h ****     Fills the entire display with either on/off.
  39:../../libDaisy//src/hid/disp/display.h ****     \param on Sets on or off.
  40:../../libDaisy//src/hid/disp/display.h ****     */
  41:../../libDaisy//src/hid/disp/display.h ****     virtual void Fill(bool on) = 0;
  42:../../libDaisy//src/hid/disp/display.h **** 
  43:../../libDaisy//src/hid/disp/display.h ****     /**
  44:../../libDaisy//src/hid/disp/display.h ****     Sets the pixel at the specified coordinate to be on/off.
  45:../../libDaisy//src/hid/disp/display.h ****     \param x   x Coordinate
  46:../../libDaisy//src/hid/disp/display.h ****     \param y   y coordinate
  47:../../libDaisy//src/hid/disp/display.h ****     \param on  on or off
  48:../../libDaisy//src/hid/disp/display.h ****     */
  49:../../libDaisy//src/hid/disp/display.h ****     virtual void DrawPixel(uint_fast8_t x, uint_fast8_t y, bool on) = 0;
  50:../../libDaisy//src/hid/disp/display.h **** 
  51:../../libDaisy//src/hid/disp/display.h ****     /**
  52:../../libDaisy//src/hid/disp/display.h ****     Draws a line from (x1, y1) to (y1, y2)
  53:../../libDaisy//src/hid/disp/display.h ****     \param x1  x Coordinate of the starting point
  54:../../libDaisy//src/hid/disp/display.h ****     \param y1  y Coordinate of the starting point
  55:../../libDaisy//src/hid/disp/display.h ****     \param x2  x Coordinate of the ending point
  56:../../libDaisy//src/hid/disp/display.h ****     \param y2  y Coordinate of the ending point
  57:../../libDaisy//src/hid/disp/display.h ****     \param on  on or off
  58:../../libDaisy//src/hid/disp/display.h ****     */
  59:../../libDaisy//src/hid/disp/display.h ****     virtual void DrawLine(uint_fast8_t x1,
  60:../../libDaisy//src/hid/disp/display.h ****                           uint_fast8_t y1,
  61:../../libDaisy//src/hid/disp/display.h ****                           uint_fast8_t x2,
  62:../../libDaisy//src/hid/disp/display.h ****                           uint_fast8_t y2,
  63:../../libDaisy//src/hid/disp/display.h ****                           bool         on)
  64:../../libDaisy//src/hid/disp/display.h ****         = 0;
  65:../../libDaisy//src/hid/disp/display.h **** 
  66:../../libDaisy//src/hid/disp/display.h ****     /**
  67:../../libDaisy//src/hid/disp/display.h ****     Draws a rectangle based on two coordinates.
ARM GAS  C:\Users\kgpol\AppData\Local\Temp\ccIP7kIm.s 			page 23


  68:../../libDaisy//src/hid/disp/display.h ****     \param x1 x Coordinate of the first point
  69:../../libDaisy//src/hid/disp/display.h ****     \param y1 y Coordinate of the first point
  70:../../libDaisy//src/hid/disp/display.h ****     \param x2 x Coordinate of the second point
  71:../../libDaisy//src/hid/disp/display.h ****     \param y2 y Coordinate of the second point
  72:../../libDaisy//src/hid/disp/display.h ****     \param on on or off
  73:../../libDaisy//src/hid/disp/display.h ****     \param fill fill the rectangle or draw only the outline
  74:../../libDaisy//src/hid/disp/display.h ****     */
  75:../../libDaisy//src/hid/disp/display.h ****     virtual void DrawRect(uint_fast8_t x1,
  76:../../libDaisy//src/hid/disp/display.h ****                           uint_fast8_t y1,
  77:../../libDaisy//src/hid/disp/display.h ****                           uint_fast8_t x2,
  78:../../libDaisy//src/hid/disp/display.h ****                           uint_fast8_t y2,
  79:../../libDaisy//src/hid/disp/display.h ****                           bool         on,
  80:../../libDaisy//src/hid/disp/display.h ****                           bool         fill = false)
  81:../../libDaisy//src/hid/disp/display.h ****         = 0;
  82:../../libDaisy//src/hid/disp/display.h **** 
  83:../../libDaisy//src/hid/disp/display.h ****     /**
  84:../../libDaisy//src/hid/disp/display.h ****     Draws a rectangle.
  85:../../libDaisy//src/hid/disp/display.h ****     \param rect the rectangle
  86:../../libDaisy//src/hid/disp/display.h ****     \param on   on or off
  87:../../libDaisy//src/hid/disp/display.h ****     \param fill fill the rectangle or draw only the outline
  88:../../libDaisy//src/hid/disp/display.h ****     */
  89:../../libDaisy//src/hid/disp/display.h ****     void DrawRect(const Rectangle& rect, bool on, bool fill = false)
  90:../../libDaisy//src/hid/disp/display.h ****     {
  91:../../libDaisy//src/hid/disp/display.h ****         DrawRect(rect.GetX(),
  92:../../libDaisy//src/hid/disp/display.h ****                  rect.GetY(),
  93:../../libDaisy//src/hid/disp/display.h ****                  rect.GetRight(),
  94:../../libDaisy//src/hid/disp/display.h ****                  rect.GetBottom(),
  95:../../libDaisy//src/hid/disp/display.h ****                  on,
  96:../../libDaisy//src/hid/disp/display.h ****                  fill);
  97:../../libDaisy//src/hid/disp/display.h ****     }
  98:../../libDaisy//src/hid/disp/display.h **** 
  99:../../libDaisy//src/hid/disp/display.h ****     /**
 100:../../libDaisy//src/hid/disp/display.h ****     Draws an arc around the specified coordinate
 101:../../libDaisy//src/hid/disp/display.h ****     \param x           x Coordinate of the center of the arc
 102:../../libDaisy//src/hid/disp/display.h ****     \param y           y Coordinate of the center of the arc
 103:../../libDaisy//src/hid/disp/display.h ****     \param radius      radius of the arc
 104:../../libDaisy//src/hid/disp/display.h ****     \param start_angle angle where to start the arc
 105:../../libDaisy//src/hid/disp/display.h ****     \param sweep       total angle of the arc
 106:../../libDaisy//src/hid/disp/display.h ****     \param on  on or off
 107:../../libDaisy//src/hid/disp/display.h ****     */
 108:../../libDaisy//src/hid/disp/display.h ****     virtual void DrawArc(uint_fast8_t x,
 109:../../libDaisy//src/hid/disp/display.h ****                          uint_fast8_t y,
 110:../../libDaisy//src/hid/disp/display.h ****                          uint_fast8_t radius,
 111:../../libDaisy//src/hid/disp/display.h ****                          int_fast16_t start_angle,
 112:../../libDaisy//src/hid/disp/display.h ****                          int_fast16_t sweep,
 113:../../libDaisy//src/hid/disp/display.h ****                          bool         on)
 114:../../libDaisy//src/hid/disp/display.h ****         = 0;
 115:../../libDaisy//src/hid/disp/display.h **** 
 116:../../libDaisy//src/hid/disp/display.h ****     /**
 117:../../libDaisy//src/hid/disp/display.h ****     Draws a circle around the specified coordinate
 118:../../libDaisy//src/hid/disp/display.h ****     \param x           x Coordinate of the center of the circle
 119:../../libDaisy//src/hid/disp/display.h ****     \param y           y Coordinate of the center of the circle
 120:../../libDaisy//src/hid/disp/display.h ****     \param radius      radius of the circle
 121:../../libDaisy//src/hid/disp/display.h ****     \param on  on or off
 122:../../libDaisy//src/hid/disp/display.h ****     */
 123:../../libDaisy//src/hid/disp/display.h ****     void
 124:../../libDaisy//src/hid/disp/display.h ****     DrawCircle(uint_fast8_t x, uint_fast8_t y, uint_fast8_t radius, bool on)
ARM GAS  C:\Users\kgpol\AppData\Local\Temp\ccIP7kIm.s 			page 24


 125:../../libDaisy//src/hid/disp/display.h ****     {
 126:../../libDaisy//src/hid/disp/display.h ****         DrawArc(x, y, radius, 0, 360, on);
 127:../../libDaisy//src/hid/disp/display.h ****     };
 128:../../libDaisy//src/hid/disp/display.h **** 
 129:../../libDaisy//src/hid/disp/display.h ****     /** 
 130:../../libDaisy//src/hid/disp/display.h ****     Writes the character with the specific FontDef
 131:../../libDaisy//src/hid/disp/display.h ****     to the display buffer at the current Cursor position.
 132:../../libDaisy//src/hid/disp/display.h ****     \param ch character to be written
 133:../../libDaisy//src/hid/disp/display.h ****     \param font font to be written in
 134:../../libDaisy//src/hid/disp/display.h ****     \param on    on or off
 135:../../libDaisy//src/hid/disp/display.h ****     \return &
 136:../../libDaisy//src/hid/disp/display.h ****     */
 137:../../libDaisy//src/hid/disp/display.h ****     virtual char WriteChar(char ch, FontDef font, bool on) = 0;
 138:../../libDaisy//src/hid/disp/display.h **** 
 139:../../libDaisy//src/hid/disp/display.h ****     /** 
 140:../../libDaisy//src/hid/disp/display.h ****     Similar to WriteChar, except it will handle an entire String.
 141:../../libDaisy//src/hid/disp/display.h ****     Wrapping does not happen automatically, so the width
 142:../../libDaisy//src/hid/disp/display.h ****     of the string must be kept within the dimensions of the screen.
 143:../../libDaisy//src/hid/disp/display.h ****     \param str string to be written
 144:../../libDaisy//src/hid/disp/display.h ****     \param font font to use
 145:../../libDaisy//src/hid/disp/display.h ****     \param on  on or off
 146:../../libDaisy//src/hid/disp/display.h ****     \return &
 147:../../libDaisy//src/hid/disp/display.h ****     */
 148:../../libDaisy//src/hid/disp/display.h ****     virtual char WriteString(const char* str, FontDef font, bool on) = 0;
 149:../../libDaisy//src/hid/disp/display.h **** 
 150:../../libDaisy//src/hid/disp/display.h ****     /** 
 151:../../libDaisy//src/hid/disp/display.h ****     Similar to WriteString but justified within a bounding box.
 152:../../libDaisy//src/hid/disp/display.h ****     \param str          string to be written
 153:../../libDaisy//src/hid/disp/display.h ****     \param font         font to use
 154:../../libDaisy//src/hid/disp/display.h ****     \param boundingBox  the bounding box to draw the text in
 155:../../libDaisy//src/hid/disp/display.h ****     \param alignment    the alignment to use
 156:../../libDaisy//src/hid/disp/display.h ****     \param on           on or off
 157:../../libDaisy//src/hid/disp/display.h ****     \return The rectangle that was drawn to
 158:../../libDaisy//src/hid/disp/display.h ****     */
 159:../../libDaisy//src/hid/disp/display.h ****     virtual Rectangle WriteStringAligned(const char*    str,
 160:../../libDaisy//src/hid/disp/display.h ****                                          const FontDef& font,
 161:../../libDaisy//src/hid/disp/display.h ****                                          Rectangle      boundingBox,
 162:../../libDaisy//src/hid/disp/display.h ****                                          Alignment      alignment,
 163:../../libDaisy//src/hid/disp/display.h ****                                          bool           on)
 164:../../libDaisy//src/hid/disp/display.h ****         = 0;
 165:../../libDaisy//src/hid/disp/display.h **** 
 166:../../libDaisy//src/hid/disp/display.h ****     /** 
 167:../../libDaisy//src/hid/disp/display.h ****     Moves the 'Cursor' position used for WriteChar, and WriteStr to the specified coordinate.
 168:../../libDaisy//src/hid/disp/display.h ****     \param x x pos
 169:../../libDaisy//src/hid/disp/display.h ****     \param y y pos
 170:../../libDaisy//src/hid/disp/display.h ****     */
 171:../../libDaisy//src/hid/disp/display.h ****     void SetCursor(uint16_t x, uint16_t y)
 172:../../libDaisy//src/hid/disp/display.h ****     {
 173:../../libDaisy//src/hid/disp/display.h ****         currentX_ = (x >= Width()) ? Width() - 1 : x;
 174:../../libDaisy//src/hid/disp/display.h ****         currentY_ = (y >= Height()) ? Height() - 1 : y;
 175:../../libDaisy//src/hid/disp/display.h ****     }
 176:../../libDaisy//src/hid/disp/display.h **** 
 177:../../libDaisy//src/hid/disp/display.h ****     /** 
 178:../../libDaisy//src/hid/disp/display.h ****     Writes the current display buffer to the OLED device using SPI or I2C depending on 
 179:../../libDaisy//src/hid/disp/display.h ****     how the object was initialized.
 180:../../libDaisy//src/hid/disp/display.h ****     */
 181:../../libDaisy//src/hid/disp/display.h ****     virtual void Update() = 0;
ARM GAS  C:\Users\kgpol\AppData\Local\Temp\ccIP7kIm.s 			page 25


 182:../../libDaisy//src/hid/disp/display.h **** 
 183:../../libDaisy//src/hid/disp/display.h ****   protected:
 184:../../libDaisy//src/hid/disp/display.h ****     uint16_t currentX_;
 185:../../libDaisy//src/hid/disp/display.h ****     uint16_t currentY_;
 186:../../libDaisy//src/hid/disp/display.h **** };
 187:../../libDaisy//src/hid/disp/display.h **** 
 188:../../libDaisy//src/hid/disp/display.h **** /** This class is intended as a intermediary class for your actual implementation of the OneBitGrap
 189:../../libDaisy//src/hid/disp/display.h ****  *  interface. It uses the CRTP design pattern where the template argument is the child class. It p
 190:../../libDaisy//src/hid/disp/display.h ****  *  implementations for most of the functions, except DrawPixel(), Update() and Fill(), which you'l
 191:../../libDaisy//src/hid/disp/display.h ****  *  to provide in your child class.
 192:../../libDaisy//src/hid/disp/display.h ****  *  The main goal of this class is to provide common drawing functions without relying on massive a
 193:../../libDaisy//src/hid/disp/display.h ****  *  virtual function calls that would result in a performance loss. To achieve this, any drawing fu
 194:../../libDaisy//src/hid/disp/display.h ****  *  is implemented here and internally calls other drawing functions (e.g. DrawRect() which interna
 195:../../libDaisy//src/hid/disp/display.h ****  *  DrawPixel() and DrawLine()) makes these calls via the qualified name of these functions to expl
 196:../../libDaisy//src/hid/disp/display.h ****  *  suppress the virtual dispatch mechanism like this:
 197:../../libDaisy//src/hid/disp/display.h ****  * 
 198:../../libDaisy//src/hid/disp/display.h ****  *      ChildType::DrawPixel(...); // no virtual function call; direct call into the child class fu
 199:../../libDaisy//src/hid/disp/display.h ****  *  
 200:../../libDaisy//src/hid/disp/display.h ****  *  To create a custom OneBitGraphicsDisplay implementation, you can 
 201:../../libDaisy//src/hid/disp/display.h ****  *  A) inherit from OneBitGraphicsDisplay directly and provide all the drawing functions yourself
 202:../../libDaisy//src/hid/disp/display.h ****  *  B) Inherit from OneBitGraphicsDisplayImpl and only provide DrawPixel(), Fill() and Update()
 203:../../libDaisy//src/hid/disp/display.h ****  *     like this:
 204:../../libDaisy//src/hid/disp/display.h ****  *  
 205:../../libDaisy//src/hid/disp/display.h ****  *      class MyDisplayClass : public OneBitGraphicsDisplayImpl<MyDisplayClass> 
 206:../../libDaisy//src/hid/disp/display.h ****  *      {
 207:../../libDaisy//src/hid/disp/display.h ****  *      public:
 208:../../libDaisy//src/hid/disp/display.h ****  *          void Fill() override { ... };
 209:../../libDaisy//src/hid/disp/display.h ****  *          void DrawPixel(uint_fast8_t x, uint_fast8_t y, bool on) override { ... };
 210:../../libDaisy//src/hid/disp/display.h ****  *          void Update() override { ... }
 211:../../libDaisy//src/hid/disp/display.h ****  *      };
 212:../../libDaisy//src/hid/disp/display.h ****  *  
 213:../../libDaisy//src/hid/disp/display.h ****  */
 214:../../libDaisy//src/hid/disp/display.h **** template <class ChildType>
 215:../../libDaisy//src/hid/disp/display.h **** class OneBitGraphicsDisplayImpl : public OneBitGraphicsDisplay
 216:../../libDaisy//src/hid/disp/display.h **** {
 217:../../libDaisy//src/hid/disp/display.h ****   public:
 218:../../libDaisy//src/hid/disp/display.h ****     OneBitGraphicsDisplayImpl() {}
 219:../../libDaisy//src/hid/disp/display.h ****     virtual ~OneBitGraphicsDisplayImpl() {}
 258              		.loc 14 219 13 view .LVU30
 259              	.LBB522:
 260              	.LBI522:
  23:../../libDaisy//src/hid/disp/display.h **** 
 261              		.loc 14 23 13 view .LVU31
  23:../../libDaisy//src/hid/disp/display.h **** 
 262              		.loc 14 23 13 is_stmt 0 view .LVU32
 263              	.LBE522:
 264              	.LBE521:
  18:../../libDaisy//src/hid/disp/oled_display.h **** 
 265              		.loc 12 18 29 view .LVU33
 266 0000 7047     		bx	lr
 267              		.cfi_endproc
 268              	.LFE5330:
 270              		.weak	_ZN5daisy11OledDisplayINS_13SSD130xDriverILj128ELj64ENS_24SSD130x4WireSpiTransportEEEED1Ev
 271              		.thumb_set _ZN5daisy11OledDisplayINS_13SSD130xDriverILj128ELj64ENS_24SSD130x4WireSpiTransportEEEED
 272 0002 00BF     		.section	.text._ZNK5daisy11OledDisplayINS_13SSD130xDriverILj128ELj64ENS_24SSD130x4WireSpiTransport
 273              		.align	1
 274              		.p2align 2,,3
ARM GAS  C:\Users\kgpol\AppData\Local\Temp\ccIP7kIm.s 			page 26


 275              		.weak	_ZNK5daisy11OledDisplayINS_13SSD130xDriverILj128ELj64ENS_24SSD130x4WireSpiTransportEEEE6Heig
 276              		.syntax unified
 277              		.thumb
 278              		.thumb_func
 279              		.fpu fpv5-d16
 281              	_ZNK5daisy11OledDisplayINS_13SSD130xDriverILj128ELj64ENS_24SSD130x4WireSpiTransportEEEE6HeightEv:
 282              	.LVL11:
 283              	.LFB5333:
  27:../../libDaisy//src/hid/disp/oled_display.h ****     uint16_t Width() const override { return driver_.Width(); }
 284              		.loc 12 27 14 is_stmt 1 view -0
 285              		.cfi_startproc
 286              		@ args = 0, pretend = 0, frame = 0
 287              		@ frame_needed = 0, uses_anonymous_args = 0
 288              		@ link register save eliminated.
  27:../../libDaisy//src/hid/disp/oled_display.h ****     uint16_t Width() const override { return driver_.Width(); }
 289              		.loc 12 27 65 is_stmt 0 view .LVU35
 290 0000 4020     		movs	r0, #64
 291              	.LVL12:
  27:../../libDaisy//src/hid/disp/oled_display.h ****     uint16_t Width() const override { return driver_.Width(); }
 292              		.loc 12 27 65 view .LVU36
 293 0002 7047     		bx	lr
 294              		.cfi_endproc
 295              	.LFE5333:
 297              		.section	.text._ZNK5daisy11OledDisplayINS_13SSD130xDriverILj128ELj64ENS_24SSD130x4WireSpiTransport
 298              		.align	1
 299              		.p2align 2,,3
 300              		.weak	_ZNK5daisy11OledDisplayINS_13SSD130xDriverILj128ELj64ENS_24SSD130x4WireSpiTransportEEEE5Widt
 301              		.syntax unified
 302              		.thumb
 303              		.thumb_func
 304              		.fpu fpv5-d16
 306              	_ZNK5daisy11OledDisplayINS_13SSD130xDriverILj128ELj64ENS_24SSD130x4WireSpiTransportEEEE5WidthEv:
 307              	.LVL13:
 308              	.LFB5334:
  28:../../libDaisy//src/hid/disp/oled_display.h **** 
 309              		.loc 12 28 14 is_stmt 1 view -0
 310              		.cfi_startproc
 311              		@ args = 0, pretend = 0, frame = 0
 312              		@ frame_needed = 0, uses_anonymous_args = 0
 313              		@ link register save eliminated.
  28:../../libDaisy//src/hid/disp/oled_display.h **** 
 314              		.loc 12 28 63 is_stmt 0 view .LVU38
 315 0000 8020     		movs	r0, #128
 316              	.LVL14:
  28:../../libDaisy//src/hid/disp/oled_display.h **** 
 317              		.loc 12 28 63 view .LVU39
 318 0002 7047     		bx	lr
 319              		.cfi_endproc
 320              	.LFE5334:
 322              		.section	.text._ZN7daisysp9DelayLineIfLj960000EED2Ev,"axG",%progbits,_ZN7daisysp9DelayLineIfLj9600
 323              		.align	1
 324              		.p2align 2,,3
 325              		.weak	_ZN7daisysp9DelayLineIfLj960000EED2Ev
 326              		.syntax unified
 327              		.thumb
 328              		.thumb_func
 329              		.fpu fpv5-d16
ARM GAS  C:\Users\kgpol\AppData\Local\Temp\ccIP7kIm.s 			page 27


 331              	_ZN7daisysp9DelayLineIfLj960000EED2Ev:
 332              	.LVL15:
 333              	.LFB5339:
 334              		.file 15 "../../DaisySP//Source/Utility/delayline.h"
   1:../../DaisySP//Source/Utility/delayline.h **** /*
   2:../../DaisySP//Source/Utility/delayline.h **** Copyright (c) 2020 Electrosmith, Corp
   3:../../DaisySP//Source/Utility/delayline.h **** 
   4:../../DaisySP//Source/Utility/delayline.h **** Use of this source code is governed by an MIT-style
   5:../../DaisySP//Source/Utility/delayline.h **** license that can be found in the LICENSE file or at
   6:../../DaisySP//Source/Utility/delayline.h **** https://opensource.org/licenses/MIT.
   7:../../DaisySP//Source/Utility/delayline.h **** */
   8:../../DaisySP//Source/Utility/delayline.h **** 
   9:../../DaisySP//Source/Utility/delayline.h **** #pragma once
  10:../../DaisySP//Source/Utility/delayline.h **** #ifndef DSY_DELAY_H
  11:../../DaisySP//Source/Utility/delayline.h **** #define DSY_DELAY_H
  12:../../DaisySP//Source/Utility/delayline.h **** #include <stdlib.h>
  13:../../DaisySP//Source/Utility/delayline.h **** #include <stdint.h>
  14:../../DaisySP//Source/Utility/delayline.h **** namespace daisysp
  15:../../DaisySP//Source/Utility/delayline.h **** {
  16:../../DaisySP//Source/Utility/delayline.h **** /** Simple Delay line.
  17:../../DaisySP//Source/Utility/delayline.h **** November 2019
  18:../../DaisySP//Source/Utility/delayline.h **** 
  19:../../DaisySP//Source/Utility/delayline.h **** Converted to Template December 2019
  20:../../DaisySP//Source/Utility/delayline.h **** 
  21:../../DaisySP//Source/Utility/delayline.h **** declaration example: (1 second of floats)
  22:../../DaisySP//Source/Utility/delayline.h **** 
  23:../../DaisySP//Source/Utility/delayline.h **** DelayLine<float, SAMPLE_RATE> del;
  24:../../DaisySP//Source/Utility/delayline.h **** 
  25:../../DaisySP//Source/Utility/delayline.h **** By: shensley
  26:../../DaisySP//Source/Utility/delayline.h **** */
  27:../../DaisySP//Source/Utility/delayline.h **** template <typename T, size_t max_size>
  28:../../DaisySP//Source/Utility/delayline.h **** class DelayLine
  29:../../DaisySP//Source/Utility/delayline.h **** {
  30:../../DaisySP//Source/Utility/delayline.h ****   public:
  31:../../DaisySP//Source/Utility/delayline.h ****     DelayLine() {}
  32:../../DaisySP//Source/Utility/delayline.h ****     ~DelayLine() {}
 335              		.loc 15 32 5 is_stmt 1 view -0
 336              		.cfi_startproc
 337              		@ args = 0, pretend = 0, frame = 0
 338              		@ frame_needed = 0, uses_anonymous_args = 0
 339              		@ link register save eliminated.
 340              		.loc 15 32 19 is_stmt 0 view .LVU41
 341 0000 7047     		bx	lr
 342              		.cfi_endproc
 343              	.LFE5339:
 345              		.weak	_ZN7daisysp9DelayLineIfLj960000EED1Ev
 346              		.thumb_set _ZN7daisysp9DelayLineIfLj960000EED1Ev,_ZN7daisysp9DelayLineIfLj960000EED2Ev
 347              		.section	.text._ZN5daisy11OledDisplayINS_13SSD130xDriverILj128ELj64ENS_24SSD130x4WireSpiTransportE
 348              		.align	1
 349              		.p2align 2,,3
 350              		.weak	_ZN5daisy11OledDisplayINS_13SSD130xDriverILj128ELj64ENS_24SSD130x4WireSpiTransportEEEED0Ev
 351              		.syntax unified
 352              		.thumb
 353              		.thumb_func
 354              		.fpu fpv5-d16
 356              	_ZN5daisy11OledDisplayINS_13SSD130xDriverILj128ELj64ENS_24SSD130x4WireSpiTransportEEEED0Ev:
 357              	.LVL16:
ARM GAS  C:\Users\kgpol\AppData\Local\Temp\ccIP7kIm.s 			page 28


 358              	.LFB5332:
  18:../../libDaisy//src/hid/disp/oled_display.h **** 
 359              		.loc 12 18 13 is_stmt 1 view -0
 360              		.cfi_startproc
 361              		@ args = 0, pretend = 0, frame = 0
 362              		@ frame_needed = 0, uses_anonymous_args = 0
  18:../../libDaisy//src/hid/disp/oled_display.h **** 
 363              		.loc 12 18 13 is_stmt 0 view .LVU43
 364 0000 10B5     		push	{r4, lr}
 365              		.cfi_def_cfa_offset 8
 366              		.cfi_offset 4, -8
 367              		.cfi_offset 14, -4
  18:../../libDaisy//src/hid/disp/oled_display.h **** 
 368              		.loc 12 18 13 view .LVU44
 369 0002 0446     		mov	r4, r0
 370              	.LVL17:
 371              	.LBB523:
 372              	.LBI523:
  18:../../libDaisy//src/hid/disp/oled_display.h **** 
 373              		.loc 12 18 13 is_stmt 1 view .LVU45
 374              	.LBB524:
 375              	.LBI524:
 376              		.loc 14 219 13 view .LVU46
 377              	.LBB525:
 378              	.LBI525:
  23:../../libDaisy//src/hid/disp/display.h **** 
 379              		.loc 14 23 13 view .LVU47
  23:../../libDaisy//src/hid/disp/display.h **** 
 380              		.loc 14 23 13 is_stmt 0 view .LVU48
 381              	.LBE525:
 382              	.LBE524:
 383              	.LBE523:
  18:../../libDaisy//src/hid/disp/oled_display.h **** 
 384              		.loc 12 18 29 view .LVU49
 385 0004 40F21441 		movw	r1, #1044
 386 0008 FFF7FEFF 		bl	_ZdlPvj
 387              	.LVL18:
  18:../../libDaisy//src/hid/disp/oled_display.h **** 
 388              		.loc 12 18 29 view .LVU50
 389 000c 2046     		mov	r0, r4
 390 000e 10BD     		pop	{r4, pc}
  18:../../libDaisy//src/hid/disp/oled_display.h **** 
 391              		.loc 12 18 29 view .LVU51
 392              		.cfi_endproc
 393              	.LFE5332:
 395              		.section	.text._ZL13AudioCallbackPKfPfj,"ax",%progbits
 396              		.align	1
 397              		.p2align 2,,3
 398              		.syntax unified
 399              		.thumb
 400              		.thumb_func
 401              		.fpu fpv5-d16
 403              	_ZL13AudioCallbackPKfPfj:
 404              	.LVL19:
 405              	.LFB4722:
 406              		.file 16 "delay-module.cpp"
   1:delay-module.cpp **** // TO DO
ARM GAS  C:\Users\kgpol\AppData\Local\Temp\ccIP7kIm.s 			page 29


   2:delay-module.cpp **** 
   3:delay-module.cpp **** // Add clock sync
   4:delay-module.cpp **** // Add tap tempo and clock divisions/multiplications
   5:delay-module.cpp **** // Add a ping-pong mode
   6:delay-module.cpp **** // Make an extended gate input class with edge detection
   7:delay-module.cpp **** // Make a Red/Blue LED class
   8:delay-module.cpp **** 
   9:delay-module.cpp **** // Increase blue LED resistors to 3K3
  10:delay-module.cpp **** // Separate knobs from time CV inputs
  11:delay-module.cpp **** 
  12:delay-module.cpp **** // --------------------------------------------------------------------
  13:delay-module.cpp **** 
  14:delay-module.cpp **** #include <stdio.h>
  15:delay-module.cpp **** #include <string.h>
  16:delay-module.cpp **** #include "daisy_seed.h"
  17:delay-module.cpp **** #include "dev/oled_ssd130x.h"
  18:delay-module.cpp **** #include "daisysp.h"
  19:delay-module.cpp **** 
  20:delay-module.cpp **** // --------------------------------------------------------------------
  21:delay-module.cpp **** 
  22:delay-module.cpp **** // interleaved audio definitions
  23:delay-module.cpp **** #define LEFT (i)
  24:delay-module.cpp **** #define RIGHT (i + 1)
  25:delay-module.cpp **** 
  26:delay-module.cpp **** // set the absolute max delay time
  27:delay-module.cpp **** #define MAX_DELAY static_cast<size_t>(96000 * 10.0f)
  28:delay-module.cpp **** 
  29:delay-module.cpp **** // set the min/max delay times for each mode
  30:delay-module.cpp **** #define MIN_DELAY_0 static_cast<size_t>(96000 * 0.0001f)
  31:delay-module.cpp **** #define MAX_DELAY_0 static_cast<size_t>(96000 * 0.1f)
  32:delay-module.cpp **** #define MIN_DELAY_1 static_cast<size_t>(96000 * 0.01f)
  33:delay-module.cpp **** #define MAX_DELAY_1 static_cast<size_t>(96000 * 0.5f)
  34:delay-module.cpp **** #define MIN_DELAY_2 static_cast<size_t>(96000 * 0.1f)
  35:delay-module.cpp **** #define MAX_DELAY_2 static_cast<size_t>(96000 * 2.0f)
  36:delay-module.cpp **** #define MIN_DELAY_3 static_cast<size_t>(96000 * 1.0f)
  37:delay-module.cpp **** #define MAX_DELAY_3 static_cast<size_t>(96000 * 4.0f)
  38:delay-module.cpp **** 
  39:delay-module.cpp **** // --------------------------------------------------------------------
  40:delay-module.cpp **** 
  41:delay-module.cpp **** using namespace daisysp;
  42:delay-module.cpp **** using namespace daisy;
  43:delay-module.cpp **** 
  44:delay-module.cpp **** /** Typedef the OledDisplay to make syntax cleaner below 
  45:delay-module.cpp ****  *  This is a 4Wire SPI Transport controlling an 128x64 sized SSDD1306
  46:delay-module.cpp **** */
  47:delay-module.cpp **** using MyOledDisplay = OledDisplay<SSD130x4WireSpi128x64Driver>;
  48:delay-module.cpp **** 
  49:delay-module.cpp **** // --------------------------------------------------------------------
  50:delay-module.cpp **** 
  51:delay-module.cpp **** // daisy modules
  52:delay-module.cpp **** static DaisySeed hw;
  53:delay-module.cpp **** static AnalogControl cv_0, cv_1, cv_2, cv_3;
  54:delay-module.cpp **** static GateIn clock, hold;
  55:delay-module.cpp **** static Led led_1_b, led_1_r;
  56:delay-module.cpp **** static CrossFade cross_fader;
  57:delay-module.cpp **** static DelayLine<float, MAX_DELAY> DSY_SDRAM_BSS delay_l;
  58:delay-module.cpp **** static DelayLine<float, MAX_DELAY> DSY_SDRAM_BSS delay_r;
ARM GAS  C:\Users\kgpol\AppData\Local\Temp\ccIP7kIm.s 			page 30


  59:delay-module.cpp **** static MyOledDisplay display;
  60:delay-module.cpp **** static Encoder enc;
  61:delay-module.cpp **** 
  62:delay-module.cpp **** // --------------------------------------------------------------------
  63:delay-module.cpp **** 
  64:delay-module.cpp **** // gate input state tracking for edge detection
  65:delay-module.cpp **** bool clock_state = false;
  66:delay-module.cpp **** bool hold_state = false;
  67:delay-module.cpp **** 
  68:delay-module.cpp **** // mode variables
  69:delay-module.cpp **** int menu_index = 0;
  70:delay-module.cpp **** bool screen_fill = false;
  71:delay-module.cpp **** bool clock_sync = false;
  72:delay-module.cpp **** bool channel_link = false;
  73:delay-module.cpp **** int time_range = 0;
  74:delay-module.cpp **** 
  75:delay-module.cpp **** // clock sync variables
  76:delay-module.cpp **** 
  77:delay-module.cpp **** // misc. global settings
  78:delay-module.cpp **** const float LOW_BRIGHTNESS = 0.4f;
  79:delay-module.cpp **** const int long_press_time = 2000;
  80:delay-module.cpp **** int sw1_last_time_held;
  81:delay-module.cpp **** int sw2_last_time_held;
  82:delay-module.cpp **** 
  83:delay-module.cpp **** // analog control states
  84:delay-module.cpp **** float   time_factor_l,
  85:delay-module.cpp ****         time_factor_r,
  86:delay-module.cpp ****         fdbk_amount,
  87:delay-module.cpp ****         mix;
  88:delay-module.cpp **** 
  89:delay-module.cpp **** // --------------------------------------------------------------------
  90:delay-module.cpp **** 
  91:delay-module.cpp **** static void InitAnalogControls(float sample_rate)
  92:delay-module.cpp **** {
  93:delay-module.cpp ****     // initialize the hardware ADC
  94:delay-module.cpp ****     const int num_adc_channels = 4;
  95:delay-module.cpp **** 	AdcChannelConfig adcConfig[num_adc_channels];
  96:delay-module.cpp **** 	adcConfig[0].InitSingle(seed::A0);
  97:delay-module.cpp ****     adcConfig[1].InitSingle(seed::A1);
  98:delay-module.cpp ****     adcConfig[2].InitSingle(seed::A2);
  99:delay-module.cpp ****     adcConfig[3].InitSingle(seed::A3);
 100:delay-module.cpp **** 	hw.adc.Init(adcConfig, num_adc_channels);
 101:delay-module.cpp **** 	hw.adc.Start();
 102:delay-module.cpp **** 
 103:delay-module.cpp ****     // initialize the AnalogControl objects
 104:delay-module.cpp **** 	cv_0.Init(hw.adc.GetPtr(0), sample_rate, true, false, 0.01f);
 105:delay-module.cpp ****     cv_1.Init(hw.adc.GetPtr(1), sample_rate, true, false, 0.01f);
 106:delay-module.cpp ****     cv_2.Init(hw.adc.GetPtr(2), sample_rate, true, false, 0.01f);
 107:delay-module.cpp ****     cv_3.Init(hw.adc.GetPtr(3), sample_rate, true, false, 0.01f);
 108:delay-module.cpp **** }
 109:delay-module.cpp **** 
 110:delay-module.cpp **** static void InitDac()
 111:delay-module.cpp **** {
 112:delay-module.cpp **** 	DacHandle::Config dac_cfg;
 113:delay-module.cpp **** 	dac_cfg.bitdepth = DacHandle::BitDepth::BITS_12;
 114:delay-module.cpp **** 	dac_cfg.buff_state = DacHandle::BufferState::ENABLED;
 115:delay-module.cpp **** 	dac_cfg.mode = DacHandle::Mode::POLLING;
ARM GAS  C:\Users\kgpol\AppData\Local\Temp\ccIP7kIm.s 			page 31


 116:delay-module.cpp **** 	dac_cfg.chn = DacHandle::Channel::BOTH;
 117:delay-module.cpp **** 	hw.dac.Init(dac_cfg);
 118:delay-module.cpp **** 	hw.dac.WriteValue(DacHandle::Channel::ONE, 0);
 119:delay-module.cpp **** 	hw.dac.WriteValue(DacHandle::Channel::TWO, 0);
 120:delay-module.cpp **** }
 121:delay-module.cpp **** 
 122:delay-module.cpp **** static void InitDspModules()
 123:delay-module.cpp **** {
 124:delay-module.cpp ****     // initialize the delay lines
 125:delay-module.cpp ****     delay_l.Init();
 126:delay-module.cpp ****     delay_r.Init();
 127:delay-module.cpp **** 
 128:delay-module.cpp ****     // initialize the cross_fader (dry/wet control)
 129:delay-module.cpp ****     cross_fader.Init();
 130:delay-module.cpp ****     cross_fader.SetCurve(CROSSFADE_LIN);
 131:delay-module.cpp **** }
 132:delay-module.cpp **** 
 133:delay-module.cpp **** static void InitGpio()
 134:delay-module.cpp **** {
 135:delay-module.cpp ****     // initialize the gate inputs
 136:delay-module.cpp ****     clock.Init(seed::D26);
 137:delay-module.cpp ****     hold.Init(seed::D27);
 138:delay-module.cpp **** 
 139:delay-module.cpp ****     // initialize the LEDs
 140:delay-module.cpp ****     led_1_b.Init(seed::D4, false);
 141:delay-module.cpp ****     led_1_r.Init(seed::D3, false);
 142:delay-module.cpp **** }
 143:delay-module.cpp **** 
 144:delay-module.cpp **** static void UpdateDisplay()
 145:delay-module.cpp **** {
 146:delay-module.cpp ****     // Max 18 characters per line at 7x10 font size
 147:delay-module.cpp ****     // There's probably a better way to increase this
 148:delay-module.cpp ****     // and do wrapping...
 149:delay-module.cpp ****     char str_buffer[128];
 150:delay-module.cpp **** 
 151:delay-module.cpp ****     // Clear the display
 152:delay-module.cpp ****     display.Fill(false);
 153:delay-module.cpp **** 
 154:delay-module.cpp ****     // Print the first line: external clock listen
 155:delay-module.cpp ****     sprintf(str_buffer, clock_sync ? "Sync: On" : "Sync: Off");
 156:delay-module.cpp ****     display.SetCursor(0, 0);
 157:delay-module.cpp ****     display.WriteString(str_buffer, Font_7x10, true);
 158:delay-module.cpp **** 
 159:delay-module.cpp ****     // Print the second line: time range
 160:delay-module.cpp ****     switch (time_range) {
 161:delay-module.cpp ****         case 0: sprintf(str_buffer, "Range: X Fast"); break;
 162:delay-module.cpp ****         case 1: sprintf(str_buffer, "Range: Fast"); break;
 163:delay-module.cpp ****         case 2: sprintf(str_buffer, "Range: Med"); break;
 164:delay-module.cpp ****         case 3: sprintf(str_buffer, "Range: Slow"); break;
 165:delay-module.cpp ****     }
 166:delay-module.cpp ****     display.SetCursor(0, 12);
 167:delay-module.cpp ****     display.WriteString(str_buffer, Font_7x10, true);
 168:delay-module.cpp **** 
 169:delay-module.cpp ****     // Print the third line: channel link
 170:delay-module.cpp ****     sprintf(str_buffer, channel_link ? "Link: On" : "Link: Off");
 171:delay-module.cpp ****     display.SetCursor(0, 24);
 172:delay-module.cpp ****     display.WriteString(str_buffer, Font_7x10, true);
ARM GAS  C:\Users\kgpol\AppData\Local\Temp\ccIP7kIm.s 			page 32


 173:delay-module.cpp ****     display.WriteStringAligned("~KG DELAY beta v0.1~", Font_6x8, display.GetBounds(), Alignment::bo
 174:delay-module.cpp **** 
 175:delay-module.cpp ****     // Update the display
 176:delay-module.cpp ****     display.Update();
 177:delay-module.cpp **** }
 178:delay-module.cpp **** 
 179:delay-module.cpp **** static void IncrementTimeRange()
 180:delay-module.cpp **** {
 181:delay-module.cpp ****     time_range++;
 182:delay-module.cpp ****     if (time_range >= 4) {
 183:delay-module.cpp ****         time_range = 0;
 184:delay-module.cpp ****     }
 185:delay-module.cpp **** }
 186:delay-module.cpp **** 
 187:delay-module.cpp **** static void ToggleClockSync()
 188:delay-module.cpp **** {
 189:delay-module.cpp ****     clock_sync = !clock_sync;
 190:delay-module.cpp ****     led_1_b.Set(0.0f);
 191:delay-module.cpp ****     led_1_r.Set(0.0f);
 192:delay-module.cpp **** }
 193:delay-module.cpp **** 
 194:delay-module.cpp **** static void ToggleChannelLink()
 195:delay-module.cpp **** {
 196:delay-module.cpp ****     channel_link = !channel_link;
 197:delay-module.cpp **** }
 198:delay-module.cpp **** 
 199:delay-module.cpp **** static void ProcessClockInput()
 200:delay-module.cpp **** {
 201:delay-module.cpp ****     // get the current state of the input
 202:delay-module.cpp ****     bool clock_read = clock.State();
 203:delay-module.cpp **** 
 204:delay-module.cpp ****     // check for rising and falling edges
 205:delay-module.cpp ****     if (clock_read && clock_read != clock_state) {
 206:delay-module.cpp ****         // set the led to full
 207:delay-module.cpp ****         led_1_b.Set(1.0f);
 208:delay-module.cpp ****         led_1_r.Set(1.0f);
 209:delay-module.cpp **** 
 210:delay-module.cpp ****         // update the stored clock state
 211:delay-module.cpp ****         clock_state = clock_read;
 212:delay-module.cpp **** 
 213:delay-module.cpp ****     } else if (!clock_read && clock_read != clock_state) {
 214:delay-module.cpp ****         // set the led to low brightness between pulses
 215:delay-module.cpp ****         led_1_b.Set(0);
 216:delay-module.cpp ****         led_1_r.Set(0);
 217:delay-module.cpp **** 
 218:delay-module.cpp ****         // update the stored clock state
 219:delay-module.cpp ****         clock_state = clock_read;
 220:delay-module.cpp ****     }
 221:delay-module.cpp **** }
 222:delay-module.cpp **** 
 223:delay-module.cpp **** static void ProcessSwitch()
 224:delay-module.cpp **** {
 225:delay-module.cpp ****     
 226:delay-module.cpp **** }
 227:delay-module.cpp **** 
 228:delay-module.cpp **** static void ProcessGateInputs()
 229:delay-module.cpp **** {
ARM GAS  C:\Users\kgpol\AppData\Local\Temp\ccIP7kIm.s 			page 33


 230:delay-module.cpp ****     if (clock_sync) {
 231:delay-module.cpp ****         ProcessClockInput();
 232:delay-module.cpp ****     }
 233:delay-module.cpp **** }
 234:delay-module.cpp **** 
 235:delay-module.cpp **** static void ProcessAnalogControls()
 236:delay-module.cpp **** {
 237:delay-module.cpp ****     float set_time_l, set_time_r;
 238:delay-module.cpp **** 
 239:delay-module.cpp ****     time_factor_l = cv_0.Process();
 240:delay-module.cpp ****     time_factor_r = channel_link ? time_factor_l : cv_1.Process();
 241:delay-module.cpp ****     fdbk_amount = cv_2.Process();
 242:delay-module.cpp ****     mix = cv_3.Process();
 243:delay-module.cpp ****     cross_fader.SetPos(mix);
 244:delay-module.cpp **** 
 245:delay-module.cpp ****     switch (time_range) {
 246:delay-module.cpp ****         case 0: 
 247:delay-module.cpp ****             set_time_l = (MAX_DELAY_0 * time_factor_l) + MIN_DELAY_0;
 248:delay-module.cpp ****             set_time_r = (MAX_DELAY_0 * time_factor_r) + MIN_DELAY_0;
 249:delay-module.cpp ****             break;
 250:delay-module.cpp ****         case 1:
 251:delay-module.cpp ****             set_time_l = (MAX_DELAY_1 * time_factor_l) + MIN_DELAY_1;
 252:delay-module.cpp ****             set_time_r = (MAX_DELAY_1 * time_factor_r) + MIN_DELAY_1;
 253:delay-module.cpp ****             break;
 254:delay-module.cpp ****         case 2:
 255:delay-module.cpp ****             set_time_l = (MAX_DELAY_2 * time_factor_l) + MIN_DELAY_2;
 256:delay-module.cpp ****             set_time_r = (MAX_DELAY_2 * time_factor_r) + MIN_DELAY_2;
 257:delay-module.cpp ****             break;
 258:delay-module.cpp ****         case 3:
 259:delay-module.cpp ****             set_time_l = (MAX_DELAY_3 * time_factor_l) + MIN_DELAY_3;
 260:delay-module.cpp ****             set_time_r = (MAX_DELAY_3 * time_factor_r) + MIN_DELAY_3;
 261:delay-module.cpp ****             break;
 262:delay-module.cpp ****     }
 263:delay-module.cpp **** 
 264:delay-module.cpp ****     delay_l.SetDelay(set_time_l);
 265:delay-module.cpp ****     delay_r.SetDelay(set_time_r);
 266:delay-module.cpp **** }
 267:delay-module.cpp **** 
 268:delay-module.cpp **** static void UpdateLeds()
 269:delay-module.cpp **** {
 270:delay-module.cpp ****     led_1_b.Update();
 271:delay-module.cpp ****     led_1_r.Update();
 272:delay-module.cpp **** }
 273:delay-module.cpp **** 
 274:delay-module.cpp **** static void AudioCallback(AudioHandle::InterleavingInputBuffer  in,
 275:delay-module.cpp ****                           AudioHandle::InterleavingOutputBuffer out,
 276:delay-module.cpp ****                           size_t                                size)
 277:delay-module.cpp **** {
 407              		.loc 16 277 1 is_stmt 1 view -0
 408              		.cfi_startproc
 409              		@ args = 0, pretend = 0, frame = 24
 410              		@ frame_needed = 0, uses_anonymous_args = 0
 278:delay-module.cpp ****     float   feedback_l,
 411              		.loc 16 278 5 view .LVU53
 279:delay-module.cpp ****             feedback_r,
 280:delay-module.cpp ****             del_out_l,
 281:delay-module.cpp ****             del_out_r,
ARM GAS  C:\Users\kgpol\AppData\Local\Temp\ccIP7kIm.s 			page 34


 282:delay-module.cpp ****             sig_in_l,
 283:delay-module.cpp ****             sig_in_r,
 284:delay-module.cpp ****             sig_out_l,
 285:delay-module.cpp ****             sig_out_r;
 286:delay-module.cpp **** 
 287:delay-module.cpp ****     ProcessAnalogControls();
 412              		.loc 16 287 5 view .LVU54
 413              	.LBB543:
 414              	.LBI543:
 235:delay-module.cpp **** {
 415              		.loc 16 235 13 view .LVU55
 416              	.LBB544:
 237:delay-module.cpp **** 
 417              		.loc 16 237 5 view .LVU56
 239:delay-module.cpp ****     time_factor_r = channel_link ? time_factor_l : cv_1.Process();
 418              		.loc 16 239 5 view .LVU57
 419              	.LBE544:
 420              	.LBE543:
 277:delay-module.cpp ****     float   feedback_l,
 421              		.loc 16 277 1 is_stmt 0 view .LVU58
 422 0000 2DE9F04F 		push	{r4, r5, r6, r7, r8, r9, r10, fp, lr}
 423              		.cfi_def_cfa_offset 36
 424              		.cfi_offset 4, -36
 425              		.cfi_offset 5, -32
 426              		.cfi_offset 6, -28
 427              		.cfi_offset 7, -24
 428              		.cfi_offset 8, -20
 429              		.cfi_offset 9, -16
 430              		.cfi_offset 10, -12
 431              		.cfi_offset 11, -8
 432              		.cfi_offset 14, -4
 433 0004 8046     		mov	r8, r0
 434              	.LBB571:
 435              	.LBB567:
 239:delay-module.cpp ****     time_factor_r = channel_link ? time_factor_l : cv_1.Process();
 436              		.loc 16 239 33 view .LVU59
 437 0006 8748     		ldr	r0, .L32
 438              	.LVL20:
 239:delay-module.cpp ****     time_factor_r = channel_link ? time_factor_l : cv_1.Process();
 439              		.loc 16 239 33 view .LVU60
 440              	.LBE567:
 441              	.LBE571:
 277:delay-module.cpp ****     float   feedback_l,
 442              		.loc 16 277 1 view .LVU61
 443 0008 0F46     		mov	r7, r1
 444 000a 9246     		mov	r10, r2
 445              	.LBB572:
 446              	.LBB568:
 239:delay-module.cpp ****     time_factor_r = channel_link ? time_factor_l : cv_1.Process();
 447              		.loc 16 239 19 view .LVU62
 448 000c 864D     		ldr	r5, .L32+4
 449              	.LBE568:
 450              	.LBE572:
 277:delay-module.cpp ****     float   feedback_l,
 451              		.loc 16 277 1 view .LVU63
 452 000e 2DED028B 		vpush.64	{d8}
 453              		.cfi_def_cfa_offset 44
ARM GAS  C:\Users\kgpol\AppData\Local\Temp\ccIP7kIm.s 			page 35


 454              		.cfi_offset 80, -44
 455              		.cfi_offset 81, -40
 456 0012 87B0     		sub	sp, sp, #28
 457              		.cfi_def_cfa_offset 72
 458              	.LBB573:
 459              	.LBB569:
 239:delay-module.cpp ****     time_factor_r = channel_link ? time_factor_l : cv_1.Process();
 460              		.loc 16 239 33 view .LVU64
 461 0014 FFF7FEFF 		bl	_ZN5daisy13AnalogControl7ProcessEv
 462              	.LVL21:
 240:delay-module.cpp ****     fdbk_amount = cv_2.Process();
 463              		.loc 16 240 34 view .LVU65
 464 0018 844B     		ldr	r3, .L32+8
 239:delay-module.cpp ****     time_factor_r = channel_link ? time_factor_l : cv_1.Process();
 465              		.loc 16 239 19 view .LVU66
 466 001a 85ED000A 		vstr.32	s0, [r5]
 240:delay-module.cpp ****     fdbk_amount = cv_2.Process();
 467              		.loc 16 240 5 is_stmt 1 view .LVU67
 240:delay-module.cpp ****     fdbk_amount = cv_2.Process();
 468              		.loc 16 240 34 is_stmt 0 view .LVU68
 469 001e 1B78     		ldrb	r3, [r3]	@ zero_extendqisi2
 470 0020 002B     		cmp	r3, #0
 471 0022 00F0FA80 		beq	.L30
 472              	.L16:
 240:delay-module.cpp ****     fdbk_amount = cv_2.Process();
 473              		.loc 16 240 19 view .LVU69
 474 0026 824C     		ldr	r4, .L32+12
 241:delay-module.cpp ****     mix = cv_3.Process();
 475              		.loc 16 241 31 view .LVU70
 476 0028 8248     		ldr	r0, .L32+16
 241:delay-module.cpp ****     mix = cv_3.Process();
 477              		.loc 16 241 17 view .LVU71
 478 002a DFF848B2 		ldr	fp, .L32+80
 240:delay-module.cpp ****     fdbk_amount = cv_2.Process();
 479              		.loc 16 240 19 view .LVU72
 480 002e 84ED000A 		vstr.32	s0, [r4]
 241:delay-module.cpp ****     mix = cv_3.Process();
 481              		.loc 16 241 5 is_stmt 1 view .LVU73
 241:delay-module.cpp ****     mix = cv_3.Process();
 482              		.loc 16 241 31 is_stmt 0 view .LVU74
 483 0032 FFF7FEFF 		bl	_ZN5daisy13AnalogControl7ProcessEv
 484              	.LVL22:
 242:delay-module.cpp ****     cross_fader.SetPos(mix);
 485              		.loc 16 242 23 view .LVU75
 486 0036 8048     		ldr	r0, .L32+20
 241:delay-module.cpp ****     mix = cv_3.Process();
 487              		.loc 16 241 17 view .LVU76
 488 0038 8BED000A 		vstr.32	s0, [fp]
 242:delay-module.cpp ****     cross_fader.SetPos(mix);
 489              		.loc 16 242 5 is_stmt 1 view .LVU77
 242:delay-module.cpp ****     cross_fader.SetPos(mix);
 490              		.loc 16 242 23 is_stmt 0 view .LVU78
 491 003c FFF7FEFF 		bl	_ZN5daisy13AnalogControl7ProcessEv
 492              	.LVL23:
 242:delay-module.cpp ****     cross_fader.SetPos(mix);
 493              		.loc 16 242 9 view .LVU79
 494 0040 7E4A     		ldr	r2, .L32+24
ARM GAS  C:\Users\kgpol\AppData\Local\Temp\ccIP7kIm.s 			page 36


 245:delay-module.cpp ****         case 0: 
 495              		.loc 16 245 5 view .LVU80
 496 0042 7F4B     		ldr	r3, .L32+28
 242:delay-module.cpp ****     cross_fader.SetPos(mix);
 497              		.loc 16 242 9 view .LVU81
 498 0044 82ED000A 		vstr.32	s0, [r2]
 243:delay-module.cpp **** 
 499              		.loc 16 243 5 is_stmt 1 view .LVU82
 500              	.LVL24:
 501              	.LBB545:
 502              	.LBI545:
  46:../../DaisySP//Source/Dynamics/crossfade.h ****     /** Initializes CrossFade module
  47:../../DaisySP//Source/Dynamics/crossfade.h ****         Defaults
  48:../../DaisySP//Source/Dynamics/crossfade.h ****         - current position = .5
  49:../../DaisySP//Source/Dynamics/crossfade.h ****         - curve = linear
  50:../../DaisySP//Source/Dynamics/crossfade.h ****     */
  51:../../DaisySP//Source/Dynamics/crossfade.h ****     inline void Init(int curve)
  52:../../DaisySP//Source/Dynamics/crossfade.h ****     {
  53:../../DaisySP//Source/Dynamics/crossfade.h ****         pos_   = 0.5f;
  54:../../DaisySP//Source/Dynamics/crossfade.h ****         curve_ = curve < CROSSFADE_LAST ? curve : CROSSFADE_LIN;
  55:../../DaisySP//Source/Dynamics/crossfade.h ****     }
  56:../../DaisySP//Source/Dynamics/crossfade.h **** 
  57:../../DaisySP//Source/Dynamics/crossfade.h ****     /** Initialize with default linear curve 
  58:../../DaisySP//Source/Dynamics/crossfade.h ****     */
  59:../../DaisySP//Source/Dynamics/crossfade.h ****     inline void Init() { Init(CROSSFADE_LIN); }
  60:../../DaisySP//Source/Dynamics/crossfade.h ****     /** processes CrossFade and returns single sample
  61:../../DaisySP//Source/Dynamics/crossfade.h ****     */
  62:../../DaisySP//Source/Dynamics/crossfade.h ****     float Process(float &in1, float &in2);
  63:../../DaisySP//Source/Dynamics/crossfade.h **** 
  64:../../DaisySP//Source/Dynamics/crossfade.h **** 
  65:../../DaisySP//Source/Dynamics/crossfade.h ****     /** Sets position of CrossFade between two input signals
  66:../../DaisySP//Source/Dynamics/crossfade.h ****         Input range: 0 to 1
  67:../../DaisySP//Source/Dynamics/crossfade.h ****     */
  68:../../DaisySP//Source/Dynamics/crossfade.h ****     inline void SetPos(float pos) { pos_ = pos; }
 503              		.loc 11 68 17 view .LVU83
 504              	.LBB546:
 505              		.loc 11 68 37 view .LVU84
 506 0048 1B68     		ldr	r3, [r3]
 507              		.loc 11 68 42 is_stmt 0 view .LVU85
 508 004a 7E4A     		ldr	r2, .L32+32
 509 004c 82ED000A 		vstr.32	s0, [r2]
 510              	.LVL25:
 511              		.loc 11 68 42 view .LVU86
 512              	.LBE546:
 513              	.LBE545:
 245:delay-module.cpp ****         case 0: 
 514              		.loc 16 245 5 is_stmt 1 view .LVU87
 515 0050 032B     		cmp	r3, #3
 516 0052 13D8     		bhi	.L17
 517 0054 DFE803F0 		tbb	[pc, r3]
 518              	.L19:
 519 0058 DA       		.byte	(.L22-.L19)/2
 520 0059 D3       		.byte	(.L21-.L19)/2
 521 005a CC       		.byte	(.L20-.L19)/2
 522 005b 02       		.byte	(.L18-.L19)/2
 523              		.p2align 1
 524              	.L18:
ARM GAS  C:\Users\kgpol\AppData\Local\Temp\ccIP7kIm.s 			page 37


 258:delay-module.cpp ****             set_time_l = (MAX_DELAY_3 * time_factor_l) + MIN_DELAY_3;
 525              		.loc 16 258 9 view .LVU88
 259:delay-module.cpp ****             set_time_r = (MAX_DELAY_3 * time_factor_r) + MIN_DELAY_3;
 526              		.loc 16 259 13 view .LVU89
 259:delay-module.cpp ****             set_time_r = (MAX_DELAY_3 * time_factor_r) + MIN_DELAY_3;
 527              		.loc 16 259 24 is_stmt 0 view .LVU90
 528 005c 95ED006A 		vldr.32	s12, [r5]
 529 0060 DFED797A 		vldr.32	s15, .L32+36
 530 0064 DFED796A 		vldr.32	s13, .L32+40
 531              	.L29:
 260:delay-module.cpp ****             break;
 532              		.loc 16 260 24 view .LVU91
 533 0068 94ED007A 		vldr.32	s14, [r4]
 259:delay-module.cpp ****             set_time_r = (MAX_DELAY_3 * time_factor_r) + MIN_DELAY_3;
 534              		.loc 16 259 24 view .LVU92
 535 006c F0EE668A 		vmov.f32	s17, s13
 260:delay-module.cpp ****             break;
 536              		.loc 16 260 24 view .LVU93
 537 0070 E7EE276A 		vfma.f32	s13, s14, s15
 259:delay-module.cpp ****             set_time_r = (MAX_DELAY_3 * time_factor_r) + MIN_DELAY_3;
 538              		.loc 16 259 24 view .LVU94
 539 0074 E6EE278A 		vfma.f32	s17, s12, s15
 540              	.LVL26:
 260:delay-module.cpp ****             break;
 541              		.loc 16 260 13 is_stmt 1 view .LVU95
 260:delay-module.cpp ****             break;
 542              		.loc 16 260 24 is_stmt 0 view .LVU96
 543 0078 B0EE668A 		vmov.f32	s16, s13
 544              	.LVL27:
 261:delay-module.cpp ****     }
 545              		.loc 16 261 13 is_stmt 1 view .LVU97
 546              	.L17:
 264:delay-module.cpp ****     delay_r.SetDelay(set_time_r);
 547              		.loc 16 264 5 view .LVU98
 548              	.LBB547:
 549              	.LBI547:
  33:../../DaisySP//Source/Utility/delayline.h ****     /** initializes the delay line by clearing the values within, and setting delay to 1 sample.
  34:../../DaisySP//Source/Utility/delayline.h ****     */
  35:../../DaisySP//Source/Utility/delayline.h ****     void Init() { Reset(); }
  36:../../DaisySP//Source/Utility/delayline.h ****     /** clears buffer, sets write ptr to 0, and delay to 1 sample.
  37:../../DaisySP//Source/Utility/delayline.h ****     */
  38:../../DaisySP//Source/Utility/delayline.h ****     void Reset()
  39:../../DaisySP//Source/Utility/delayline.h ****     {
  40:../../DaisySP//Source/Utility/delayline.h ****         for(size_t i = 0; i < max_size; i++)
  41:../../DaisySP//Source/Utility/delayline.h ****         {
  42:../../DaisySP//Source/Utility/delayline.h ****             line_[i] = T(0);
  43:../../DaisySP//Source/Utility/delayline.h ****         }
  44:../../DaisySP//Source/Utility/delayline.h ****         write_ptr_ = 0;
  45:../../DaisySP//Source/Utility/delayline.h ****         delay_     = 1;
  46:../../DaisySP//Source/Utility/delayline.h ****     }
  47:../../DaisySP//Source/Utility/delayline.h **** 
  48:../../DaisySP//Source/Utility/delayline.h ****     /** sets the delay time in samples
  49:../../DaisySP//Source/Utility/delayline.h ****         If a float is passed in, a fractional component will be calculated for interpolating the de
  50:../../DaisySP//Source/Utility/delayline.h ****     */
  51:../../DaisySP//Source/Utility/delayline.h ****     inline void SetDelay(size_t delay)
  52:../../DaisySP//Source/Utility/delayline.h ****     {
  53:../../DaisySP//Source/Utility/delayline.h ****         frac_  = 0.0f;
ARM GAS  C:\Users\kgpol\AppData\Local\Temp\ccIP7kIm.s 			page 38


  54:../../DaisySP//Source/Utility/delayline.h ****         delay_ = delay < max_size ? delay : max_size - 1;
  55:../../DaisySP//Source/Utility/delayline.h ****     }
  56:../../DaisySP//Source/Utility/delayline.h **** 
  57:../../DaisySP//Source/Utility/delayline.h ****     /** sets the delay time in samples
  58:../../DaisySP//Source/Utility/delayline.h ****         If a float is passed in, a fractional component will be calculated for interpolating the de
  59:../../DaisySP//Source/Utility/delayline.h ****     */
  60:../../DaisySP//Source/Utility/delayline.h ****     inline void SetDelay(float delay)
 550              		.loc 15 60 17 view .LVU99
 551              	.LBB548:
  61:../../DaisySP//Source/Utility/delayline.h ****     {
  62:../../DaisySP//Source/Utility/delayline.h ****         int32_t int_delay = static_cast<int32_t>(delay);
 552              		.loc 15 62 17 is_stmt 0 view .LVU100
 553 007c BDEEE87A 		vcvt.s32.f32	s14, s17
 554              	.LVL28:
  63:../../DaisySP//Source/Utility/delayline.h ****         frac_             = delay - static_cast<float>(int_delay);
  64:../../DaisySP//Source/Utility/delayline.h ****         delay_ = static_cast<size_t>(int_delay) < max_size ? int_delay
 555              		.loc 15 64 60 view .LVU101
 556 0080 734A     		ldr	r2, .L32+44
 557              	.LBE548:
 558              	.LBE547:
 559              	.LBB553:
 560              	.LBB554:
  62:../../DaisySP//Source/Utility/delayline.h ****         frac_             = delay - static_cast<float>(int_delay);
 561              		.loc 15 62 17 view .LVU102
 562 0082 FDEEC87A 		vcvt.s32.f32	s15, s16
 563              	.LBE554:
 564              	.LBE553:
 565              	.LBB559:
 566              	.LBB549:
  63:../../DaisySP//Source/Utility/delayline.h ****         frac_             = delay - static_cast<float>(int_delay);
 567              		.loc 15 63 27 view .LVU103
 568 0086 734C     		ldr	r4, .L32+48
 569              	.LBE549:
 570              	.LBE559:
 571              	.LBB560:
 572              	.LBB555:
 573 0088 734D     		ldr	r5, .L32+52
 574              	.LBE555:
 575              	.LBE560:
 576              	.LBB561:
 577              	.LBB550:
 578              		.loc 15 64 60 view .LVU104
 579 008a 17EE106A 		vmov	r6, s14	@ int
  63:../../DaisySP//Source/Utility/delayline.h ****         frac_             = delay - static_cast<float>(int_delay);
 580              		.loc 15 63 37 view .LVU105
 581 008e B8EEC76A 		vcvt.f32.s32	s12, s14
 582              	.LBE550:
 583              	.LBE561:
 584              	.LBB562:
 585              	.LBB556:
 586              		.loc 15 64 60 view .LVU106
 587 0092 17EE903A 		vmov	r3, s15	@ int
  63:../../DaisySP//Source/Utility/delayline.h ****         frac_             = delay - static_cast<float>(int_delay);
 588              		.loc 15 63 37 view .LVU107
 589 0096 F8EEE76A 		vcvt.f32.s32	s13, s15
 590              	.LBE556:
 591              	.LBE562:
ARM GAS  C:\Users\kgpol\AppData\Local\Temp\ccIP7kIm.s 			page 39


 592              	.LBB563:
 593              	.LBB551:
 594              		.loc 15 64 60 view .LVU108
 595 009a 9642     		cmp	r6, r2
  63:../../DaisySP//Source/Utility/delayline.h ****         frac_             = delay - static_cast<float>(int_delay);
 596              		.loc 15 63 35 view .LVU109
 597 009c 38EEC66A 		vsub.f32	s12, s17, s12
 598              		.loc 15 64 60 view .LVU110
 599 00a0 28BF     		it	cs
 600 00a2 1646     		movcs	r6, r2
 601              	.LBE551:
 602              	.LBE563:
 603              	.LBB564:
 604              	.LBB557:
 605 00a4 9342     		cmp	r3, r2
  63:../../DaisySP//Source/Utility/delayline.h ****         frac_             = delay - static_cast<float>(int_delay);
 606              		.loc 15 63 35 view .LVU111
 607 00a6 78EE666A 		vsub.f32	s13, s16, s13
 608              		.loc 15 64 60 view .LVU112
 609 00aa 28BF     		it	cs
 610 00ac 1346     		movcs	r3, r2
 611              	.LBE557:
 612              	.LBE564:
 613              	.LBB565:
 614              	.LBB552:
  63:../../DaisySP//Source/Utility/delayline.h ****         frac_             = delay - static_cast<float>(int_delay);
 615              		.loc 15 63 27 view .LVU113
 616 00ae 84ED006A 		vstr.32	s12, [r4]
 617              		.loc 15 64 16 view .LVU114
 618 00b2 A660     		str	r6, [r4, #8]
 619              	.LVL29:
 620              		.loc 15 64 16 view .LVU115
 621              	.LBE552:
 622              	.LBE565:
 265:delay-module.cpp **** }
 623              		.loc 16 265 5 is_stmt 1 view .LVU116
 624              	.LBB566:
 625              	.LBI553:
  60:../../DaisySP//Source/Utility/delayline.h ****     {
 626              		.loc 15 60 17 view .LVU117
 627              	.LBB558:
 628              		.loc 15 64 60 is_stmt 0 view .LVU118
 629 00b4 1A46     		mov	r2, r3
  63:../../DaisySP//Source/Utility/delayline.h ****         delay_ = static_cast<size_t>(int_delay) < max_size ? int_delay
 630              		.loc 15 63 27 view .LVU119
 631 00b6 C5ED006A 		vstr.32	s13, [r5]
 632              		.loc 15 64 16 view .LVU120
 633 00ba AB60     		str	r3, [r5, #8]
 634              	.LVL30:
 635              		.loc 15 64 16 view .LVU121
 636              	.LBE558:
 637              	.LBE566:
 638              	.LBE569:
 639              	.LBE573:
 640              	.LBB574:
 288:delay-module.cpp **** 
 289:delay-module.cpp ****     for(size_t i = 0; i < size; i += 2)
ARM GAS  C:\Users\kgpol\AppData\Local\Temp\ccIP7kIm.s 			page 40


 641              		.loc 16 289 25 is_stmt 1 view .LVU122
 642 00bc BAF1000F 		cmp	r10, #0
 643 00c0 00F09180 		beq	.L15
 644 00c4 0AF1FF3A 		add	r10, r10, #-1
 645              	.LVL31:
 646              	.LBB575:
 647              	.LBB576:
  65:../../DaisySP//Source/Utility/delayline.h ****                                                            : max_size - 1;
  66:../../DaisySP//Source/Utility/delayline.h ****     }
  67:../../DaisySP//Source/Utility/delayline.h **** 
  68:../../DaisySP//Source/Utility/delayline.h ****     /** writes the sample of type T to the delay line, and advances the write ptr
  69:../../DaisySP//Source/Utility/delayline.h ****     */
  70:../../DaisySP//Source/Utility/delayline.h ****     inline void Write(const T sample)
  71:../../DaisySP//Source/Utility/delayline.h ****     {
  72:../../DaisySP//Source/Utility/delayline.h ****         line_[write_ptr_] = sample;
  73:../../DaisySP//Source/Utility/delayline.h ****         write_ptr_        = (write_ptr_ - 1 + max_size) % max_size;
  74:../../DaisySP//Source/Utility/delayline.h ****     }
  75:../../DaisySP//Source/Utility/delayline.h **** 
  76:../../DaisySP//Source/Utility/delayline.h ****     /** returns the next sample of type T in the delay line, interpolated if necessary.
  77:../../DaisySP//Source/Utility/delayline.h ****     */
  78:../../DaisySP//Source/Utility/delayline.h ****     inline const T Read() const
  79:../../DaisySP//Source/Utility/delayline.h ****     {
  80:../../DaisySP//Source/Utility/delayline.h ****         T a = line_[(write_ptr_ + delay_) % max_size];
 648              		.loc 15 80 22 is_stmt 0 view .LVU123
 649 00c8 6168     		ldr	r1, [r4, #4]
 650 00ca 4FF00009 		mov	r9, #0
 651 00ce 4FEA5A03 		lsr	r3, r10, #1
 652 00d2 0193     		str	r3, [sp, #4]
 653              	.LBE576:
 654              	.LBE575:
 655              	.LBB587:
 656              	.LBB588:
 657 00d4 6B68     		ldr	r3, [r5, #4]
 658 00d6 05E0     		b	.L24
 659              	.LVL32:
 660              	.L31:
  81:../../DaisySP//Source/Utility/delayline.h ****         T b = line_[(write_ptr_ + delay_ + 1) % max_size];
  82:../../DaisySP//Source/Utility/delayline.h ****         return a + (b - a) * frac_;
 661              		.loc 15 82 30 view .LVU124
 662 00d8 D5ED006A 		vldr.32	s13, [r5]
 663              	.LBE588:
 664              	.LBE587:
 665              	.LBB600:
 666              	.LBB577:
 667 00dc 94ED006A 		vldr.32	s12, [r4]
 668              	.LBE577:
 669              	.LBE600:
 670              	.LBB601:
 671              	.LBB589:
  80:../../DaisySP//Source/Utility/delayline.h ****         T b = line_[(write_ptr_ + delay_ + 1) % max_size];
 672              		.loc 15 80 35 view .LVU125
 673 00e0 AA68     		ldr	r2, [r5, #8]
 674              	.LBE589:
 675              	.LBE601:
 676              	.LBB602:
 677              	.LBB578:
 678 00e2 A668     		ldr	r6, [r4, #8]
ARM GAS  C:\Users\kgpol\AppData\Local\Temp\ccIP7kIm.s 			page 41


 679              	.LVL33:
 680              	.L24:
  80:../../DaisySP//Source/Utility/delayline.h ****         T b = line_[(write_ptr_ + delay_ + 1) % max_size];
 681              		.loc 15 80 35 view .LVU126
 682              	.LBE578:
 683              	.LBE602:
 290:delay-module.cpp ****     {
 291:delay-module.cpp ****         // Read from the inputs and delay line
 292:delay-module.cpp ****         sig_in_l = in[LEFT];
 684              		.loc 16 292 9 is_stmt 1 discriminator 2 view .LVU127
 685              	.LBB603:
 686              	.LBB579:
  80:../../DaisySP//Source/Utility/delayline.h ****         T b = line_[(write_ptr_ + delay_ + 1) % max_size];
 687              		.loc 15 80 43 is_stmt 0 discriminator 2 view .LVU128
 688 00e4 DFF890A1 		ldr	r10, .L32+84
  80:../../DaisySP//Source/Utility/delayline.h ****         T b = line_[(write_ptr_ + delay_ + 1) % max_size];
 689              		.loc 15 80 33 discriminator 2 view .LVU129
 690 00e8 3144     		add	r1, r1, r6
 691              	.LBE579:
 692              	.LBE603:
 693              	.LBB604:
 694              	.LBB590:
 695 00ea 1A44     		add	r2, r2, r3
 696              	.LBE590:
 697              	.LBE604:
 698              	.LBB605:
 699              	.LBB580:
  80:../../DaisySP//Source/Utility/delayline.h ****         T b = line_[(write_ptr_ + delay_ + 1) % max_size];
 700              		.loc 15 80 43 discriminator 2 view .LVU130
 701 00ec 5B4E     		ldr	r6, .L32+56
 702 00ee AAFB013E 		umull	r3, lr, r10, r1
  81:../../DaisySP//Source/Utility/delayline.h ****         return a + (b - a) * frac_;
 703              		.loc 15 81 42 discriminator 2 view .LVU131
 704 00f2 01F1010C 		add	ip, r1, #1
 705              	.LBE580:
 706              	.LBE605:
 707              	.LBB606:
 708              	.LBB591:
 709 00f6 501C     		adds	r0, r2, #1
 710              	.LBE591:
 711              	.LBE606:
 289:delay-module.cpp ****     {
 712              		.loc 16 289 25 discriminator 2 view .LVU132
 713 00f8 08F10808 		add	r8, r8, #8
 714              	.LBB607:
 715              	.LBB581:
  80:../../DaisySP//Source/Utility/delayline.h ****         T b = line_[(write_ptr_ + delay_ + 1) % max_size];
 716              		.loc 15 80 43 discriminator 2 view .LVU133
 717 00fc 4FEA9E4E 		lsr	lr, lr, #18
 718              	.LBE581:
 719              	.LBE607:
 289:delay-module.cpp ****     {
 720              		.loc 16 289 25 discriminator 2 view .LVU134
 721 0100 0837     		adds	r7, r7, #8
 722              	.LBB608:
 723              	.LBB582:
  80:../../DaisySP//Source/Utility/delayline.h ****         T b = line_[(write_ptr_ + delay_ + 1) % max_size];
ARM GAS  C:\Users\kgpol\AppData\Local\Temp\ccIP7kIm.s 			page 42


 724              		.loc 15 80 43 discriminator 2 view .LVU135
 725 0102 06FB1E11 		mls	r1, r6, lr, r1
  80:../../DaisySP//Source/Utility/delayline.h ****         T b = line_[(write_ptr_ + delay_ + 1) % max_size];
 726              		.loc 15 80 11 discriminator 2 view .LVU136
 727 0106 04EB8101 		add	r1, r4, r1, lsl #2
 728 010a D1ED037A 		vldr.32	s15, [r1, #12]
  81:../../DaisySP//Source/Utility/delayline.h ****         return a + (b - a) * frac_;
 729              		.loc 15 81 47 discriminator 2 view .LVU137
 730 010e AAFB0C31 		umull	r3, r1, r10, ip
 731 0112 890C     		lsrs	r1, r1, #18
 732 0114 06FB11CC 		mls	ip, r6, r1, ip
 733              	.LBE582:
 734              	.LBE608:
 735              	.LBB609:
 736              	.LBB592:
  80:../../DaisySP//Source/Utility/delayline.h ****         T b = line_[(write_ptr_ + delay_ + 1) % max_size];
 737              		.loc 15 80 43 discriminator 2 view .LVU138
 738 0118 AAFB0231 		umull	r3, r1, r10, r2
 739              	.LBE592:
 740              	.LBE609:
 741              	.LBB610:
 742              	.LBB583:
  81:../../DaisySP//Source/Utility/delayline.h ****         return a + (b - a) * frac_;
 743              		.loc 15 81 11 discriminator 2 view .LVU139
 744 011c 04EB8C0C 		add	ip, r4, ip, lsl #2
 745              	.LBE583:
 746              	.LBE610:
 747              	.LBB611:
 748              	.LBB593:
  80:../../DaisySP//Source/Utility/delayline.h ****         T b = line_[(write_ptr_ + delay_ + 1) % max_size];
 749              		.loc 15 80 43 discriminator 2 view .LVU140
 750 0120 890C     		lsrs	r1, r1, #18
 751              	.LBE593:
 752              	.LBE611:
 753              	.LBB612:
 754              	.LBB584:
 755              		.loc 15 82 23 discriminator 2 view .LVU141
 756 0122 9CED037A 		vldr.32	s14, [ip, #12]
 757              	.LBE584:
 758              	.LBE612:
 759              	.LBB613:
 760              	.LBB594:
  80:../../DaisySP//Source/Utility/delayline.h ****         T b = line_[(write_ptr_ + delay_ + 1) % max_size];
 761              		.loc 15 80 43 discriminator 2 view .LVU142
 762 0126 06FB1122 		mls	r2, r6, r1, r2
 763              	.LBE594:
 764              	.LBE613:
 765              		.loc 16 292 18 discriminator 2 view .LVU143
 766 012a 58F8081C 		ldr	r1, [r8, #-8]	@ float
 767              	.LBB614:
 768              	.LBB585:
 769              		.loc 15 82 23 discriminator 2 view .LVU144
 770 012e 37EE677A 		vsub.f32	s14, s14, s15
 771              	.LBE585:
 772              	.LBE614:
 773              	.LBB615:
 774              	.LBB595:
ARM GAS  C:\Users\kgpol\AppData\Local\Temp\ccIP7kIm.s 			page 43


  80:../../DaisySP//Source/Utility/delayline.h ****         T b = line_[(write_ptr_ + delay_ + 1) % max_size];
 775              		.loc 15 80 11 discriminator 2 view .LVU145
 776 0132 05EB8202 		add	r2, r5, r2, lsl #2
 777              	.LBE595:
 778              	.LBE615:
 779              		.loc 16 292 18 discriminator 2 view .LVU146
 780 0136 0491     		str	r1, [sp, #16]	@ float
 293:delay-module.cpp ****         sig_in_r = in[RIGHT];
 781              		.loc 16 293 18 discriminator 2 view .LVU147
 782 0138 58F8041C 		ldr	r1, [r8, #-4]	@ float
 783              	.LBB616:
 784              	.LBB586:
 785              		.loc 15 82 30 discriminator 2 view .LVU148
 786 013c E7EE067A 		vfma.f32	s15, s14, s12
 787              	.LBE586:
 788              	.LBE616:
 789              		.loc 16 293 18 discriminator 2 view .LVU149
 790 0140 0591     		str	r1, [sp, #20]	@ float
 294:delay-module.cpp ****         del_out_l = delay_l.Read();
 295:delay-module.cpp ****         del_out_r = delay_r.Read();
 296:delay-module.cpp **** 
 297:delay-module.cpp ****         // Calculate outputs and feedback
 298:delay-module.cpp ****         sig_out_l  = cross_fader.Process(sig_in_l, del_out_l);
 791              		.loc 16 298 41 discriminator 2 view .LVU150
 792 0142 04A9     		add	r1, sp, #16
 294:delay-module.cpp ****         del_out_l = delay_l.Read();
 793              		.loc 16 294 19 discriminator 2 view .LVU151
 794 0144 CDED027A 		vstr.32	s15, [sp, #8]
 795              	.LBB617:
 796              	.LBB596:
  80:../../DaisySP//Source/Utility/delayline.h ****         T b = line_[(write_ptr_ + delay_ + 1) % max_size];
 797              		.loc 15 80 11 discriminator 2 view .LVU152
 798 0148 D2ED037A 		vldr.32	s15, [r2, #12]
  81:../../DaisySP//Source/Utility/delayline.h ****         return a + (b - a) * frac_;
 799              		.loc 15 81 47 discriminator 2 view .LVU153
 800 014c AAFB0032 		umull	r3, r2, r10, r0
 801 0150 920C     		lsrs	r2, r2, #18
 802 0152 06FB1200 		mls	r0, r6, r2, r0
 803              	.LBE596:
 804              	.LBE617:
 805              		.loc 16 298 41 discriminator 2 view .LVU154
 806 0156 02AA     		add	r2, sp, #8
 807              	.LBB618:
 808              	.LBB597:
  81:../../DaisySP//Source/Utility/delayline.h ****         return a + (b - a) * frac_;
 809              		.loc 15 81 11 discriminator 2 view .LVU155
 810 0158 05EB8000 		add	r0, r5, r0, lsl #2
 811              		.loc 15 82 23 discriminator 2 view .LVU156
 812 015c 90ED037A 		vldr.32	s14, [r0, #12]
 813              	.LBE597:
 814              	.LBE618:
 815              		.loc 16 298 41 discriminator 2 view .LVU157
 816 0160 3848     		ldr	r0, .L32+32
 817              	.LBB619:
 818              	.LBB598:
 819              		.loc 15 82 23 discriminator 2 view .LVU158
 820 0162 37EE677A 		vsub.f32	s14, s14, s15
ARM GAS  C:\Users\kgpol\AppData\Local\Temp\ccIP7kIm.s 			page 44


 821              	.LBE598:
 822              	.LBE619:
 293:delay-module.cpp ****         del_out_l = delay_l.Read();
 823              		.loc 16 293 9 is_stmt 1 discriminator 2 view .LVU159
 294:delay-module.cpp ****         del_out_r = delay_r.Read();
 824              		.loc 16 294 9 discriminator 2 view .LVU160
 825              	.LVL34:
 826              	.LBB620:
 827              	.LBI575:
  78:../../DaisySP//Source/Utility/delayline.h ****     {
 828              		.loc 15 78 20 discriminator 2 view .LVU161
  78:../../DaisySP//Source/Utility/delayline.h ****     {
 829              		.loc 15 78 20 is_stmt 0 discriminator 2 view .LVU162
 830              	.LBE620:
 295:delay-module.cpp **** 
 831              		.loc 16 295 9 is_stmt 1 discriminator 2 view .LVU163
 832              	.LBB621:
 833              	.LBI587:
  78:../../DaisySP//Source/Utility/delayline.h ****     {
 834              		.loc 15 78 20 discriminator 2 view .LVU164
  78:../../DaisySP//Source/Utility/delayline.h ****     {
 835              		.loc 15 78 20 is_stmt 0 discriminator 2 view .LVU165
 836              	.LBE621:
 837              		.loc 16 298 9 is_stmt 1 discriminator 2 view .LVU166
 838              	.LBB622:
 839              	.LBB599:
 840              		.loc 15 82 30 is_stmt 0 discriminator 2 view .LVU167
 841 0166 E7EE267A 		vfma.f32	s15, s14, s13
 842              	.LBE599:
 843              	.LBE622:
 295:delay-module.cpp **** 
 844              		.loc 16 295 19 discriminator 2 view .LVU168
 845 016a CDED037A 		vstr.32	s15, [sp, #12]
 846              		.loc 16 298 41 discriminator 2 view .LVU169
 847 016e FFF7FEFF 		bl	_ZN7daisysp9CrossFade7ProcessERfS1_
 848              	.LVL35:
 299:delay-module.cpp ****         feedback_l = (del_out_l * fdbk_amount) + sig_in_l;
 849              		.loc 16 299 20 discriminator 2 view .LVU170
 850 0172 9DED027A 		vldr.32	s14, [sp, #8]
 300:delay-module.cpp ****         sig_out_r  = cross_fader.Process(sig_in_r, del_out_r);
 851              		.loc 16 300 41 discriminator 2 view .LVU171
 852 0176 03AA     		add	r2, sp, #12
 299:delay-module.cpp ****         feedback_l = (del_out_l * fdbk_amount) + sig_in_l;
 853              		.loc 16 299 20 discriminator 2 view .LVU172
 854 0178 DBED007A 		vldr.32	s15, [fp]
 855              		.loc 16 300 41 discriminator 2 view .LVU173
 856 017c 05A9     		add	r1, sp, #20
 299:delay-module.cpp ****         feedback_l = (del_out_l * fdbk_amount) + sig_in_l;
 857              		.loc 16 299 20 discriminator 2 view .LVU174
 858 017e DDED048A 		vldr.32	s17, [sp, #16]
 298:delay-module.cpp ****         feedback_l = (del_out_l * fdbk_amount) + sig_in_l;
 859              		.loc 16 298 41 discriminator 2 view .LVU175
 860 0182 B0EE408A 		vmov.f32	s16, s0
 861              	.LVL36:
 299:delay-module.cpp ****         feedback_l = (del_out_l * fdbk_amount) + sig_in_l;
 862              		.loc 16 299 9 is_stmt 1 discriminator 2 view .LVU176
 863              		.loc 16 300 41 is_stmt 0 discriminator 2 view .LVU177
ARM GAS  C:\Users\kgpol\AppData\Local\Temp\ccIP7kIm.s 			page 45


 864 0186 2F48     		ldr	r0, .L32+32
 299:delay-module.cpp ****         feedback_l = (del_out_l * fdbk_amount) + sig_in_l;
 865              		.loc 16 299 20 discriminator 2 view .LVU178
 866 0188 E7EE278A 		vfma.f32	s17, s14, s15
 867              	.LVL37:
 868              		.loc 16 300 9 is_stmt 1 discriminator 2 view .LVU179
 869              		.loc 16 300 41 is_stmt 0 discriminator 2 view .LVU180
 870 018c FFF7FEFF 		bl	_ZN7daisysp9CrossFade7ProcessERfS1_
 871              	.LVL38:
 301:delay-module.cpp ****         feedback_r = (del_out_r * fdbk_amount) + sig_in_r;
 872              		.loc 16 301 9 is_stmt 1 discriminator 2 view .LVU181
 873              		.loc 16 301 20 is_stmt 0 discriminator 2 view .LVU182
 874 0190 9BED007A 		vldr.32	s14, [fp]
 875 0194 DDED036A 		vldr.32	s13, [sp, #12]
 876 0198 DDED057A 		vldr.32	s15, [sp, #20]
 877              	.LBB623:
 878              	.LBB624:
  72:../../DaisySP//Source/Utility/delayline.h ****         write_ptr_        = (write_ptr_ - 1 + max_size) % max_size;
 879              		.loc 15 72 15 discriminator 2 view .LVU183
 880 019c 6068     		ldr	r0, [r4, #4]
 881              	.LBE624:
 882              	.LBE623:
 883              		.loc 16 301 20 discriminator 2 view .LVU184
 884 019e E6EE877A 		vfma.f32	s15, s13, s14
 885              	.LVL39:
 302:delay-module.cpp **** 
 303:delay-module.cpp ****         // Write to the delay lines
 304:delay-module.cpp ****         delay_l.Write(feedback_l);
 886              		.loc 16 304 9 is_stmt 1 discriminator 2 view .LVU185
 887              	.LBB631:
 888              	.LBI623:
  70:../../DaisySP//Source/Utility/delayline.h ****     {
 889              		.loc 15 70 17 discriminator 2 view .LVU186
 890              	.LBE631:
 891              	.LBB632:
 892              	.LBB633:
  72:../../DaisySP//Source/Utility/delayline.h ****         write_ptr_        = (write_ptr_ - 1 + max_size) % max_size;
 893              		.loc 15 72 15 is_stmt 0 discriminator 2 view .LVU187
 894 01a2 6968     		ldr	r1, [r5, #4]
 895              	.LBE633:
 896              	.LBE632:
 897              	.LBB640:
 898              	.LBB625:
  73:../../DaisySP//Source/Utility/delayline.h ****     }
 899              		.loc 15 73 45 discriminator 2 view .LVU188
 900 01a4 2A4A     		ldr	r2, .L32+44
  72:../../DaisySP//Source/Utility/delayline.h ****         write_ptr_        = (write_ptr_ - 1 + max_size) % max_size;
 901              		.loc 15 72 27 discriminator 2 view .LVU189
 902 01a6 04EB800C 		add	ip, r4, r0, lsl #2
  73:../../DaisySP//Source/Utility/delayline.h ****     }
 903              		.loc 15 73 45 discriminator 2 view .LVU190
 904 01aa 1044     		add	r0, r0, r2
 905              	.LBE625:
 906              	.LBE640:
 907              	.LBB641:
 908              	.LBB634:
 909 01ac 0A44     		add	r2, r2, r1
ARM GAS  C:\Users\kgpol\AppData\Local\Temp\ccIP7kIm.s 			page 46


  72:../../DaisySP//Source/Utility/delayline.h ****         write_ptr_        = (write_ptr_ - 1 + max_size) % max_size;
 910              		.loc 15 72 27 discriminator 2 view .LVU191
 911 01ae 05EB8101 		add	r1, r5, r1, lsl #2
 912              	.LBE634:
 913              	.LBE641:
 914              	.LBB642:
 915              	.LBB626:
 916 01b2 CCED038A 		vstr.32	s17, [ip, #12]
 917              	.LBE626:
 918              	.LBE642:
 919              	.LBB643:
 920              	.LBB635:
 921 01b6 C1ED037A 		vstr.32	s15, [r1, #12]
 922              	.LBE635:
 923              	.LBE643:
 924              	.LBB644:
 925              	.LBB627:
  73:../../DaisySP//Source/Utility/delayline.h ****     }
 926              		.loc 15 73 57 discriminator 2 view .LVU192
 927 01ba AAFB0031 		umull	r3, r1, r10, r0
 928              	.LBE627:
 929              	.LBE644:
 930              	.LBB645:
 931              	.LBB636:
 932 01be AAFB02C3 		umull	ip, r3, r10, r2
 933              	.LBE636:
 934              	.LBE645:
 935              	.LBB646:
 936              	.LBB628:
 937 01c2 890C     		lsrs	r1, r1, #18
 938              	.LBE628:
 939              	.LBE646:
 940              	.LBB647:
 941              	.LBB637:
 942 01c4 9B0C     		lsrs	r3, r3, #18
 943              	.LBE637:
 944              	.LBE647:
 945              	.LBB648:
 946              	.LBB629:
 947 01c6 06FB1101 		mls	r1, r6, r1, r0
 948              	.LBE629:
 949              	.LBE648:
 950              	.LBB649:
 951              	.LBB638:
 952 01ca 06FB1323 		mls	r3, r6, r3, r2
 953              	.LBE638:
 954              	.LBE649:
 289:delay-module.cpp ****     {
 955              		.loc 16 289 25 discriminator 2 view .LVU193
 956 01ce 019A     		ldr	r2, [sp, #4]
 957              	.LBB650:
 958              	.LBB630:
  73:../../DaisySP//Source/Utility/delayline.h ****     }
 959              		.loc 15 73 27 discriminator 2 view .LVU194
 960 01d0 6160     		str	r1, [r4, #4]
 961              	.LVL40:
  73:../../DaisySP//Source/Utility/delayline.h ****     }
ARM GAS  C:\Users\kgpol\AppData\Local\Temp\ccIP7kIm.s 			page 47


 962              		.loc 15 73 27 discriminator 2 view .LVU195
 963              	.LBE630:
 964              	.LBE650:
 305:delay-module.cpp ****         delay_r.Write(feedback_r);
 965              		.loc 16 305 9 is_stmt 1 discriminator 2 view .LVU196
 966              	.LBB651:
 967              	.LBI632:
  70:../../DaisySP//Source/Utility/delayline.h ****     {
 968              		.loc 15 70 17 discriminator 2 view .LVU197
 969              	.LBE651:
 289:delay-module.cpp ****     {
 970              		.loc 16 289 25 is_stmt 0 discriminator 2 view .LVU198
 971 01d2 9145     		cmp	r9, r2
 972              	.LBB652:
 973              	.LBB639:
  73:../../DaisySP//Source/Utility/delayline.h ****     }
 974              		.loc 15 73 27 discriminator 2 view .LVU199
 975 01d4 6B60     		str	r3, [r5, #4]
 976              	.LVL41:
  73:../../DaisySP//Source/Utility/delayline.h ****     }
 977              		.loc 15 73 27 discriminator 2 view .LVU200
 978              	.LBE639:
 979              	.LBE652:
 306:delay-module.cpp **** 
 307:delay-module.cpp ****         // Set the outputs
 308:delay-module.cpp ****         out[LEFT]  = sig_out_l;
 980              		.loc 16 308 9 is_stmt 1 discriminator 2 view .LVU201
 981 01d6 09F10109 		add	r9, r9, #1
 982              	.LVL42:
 983              		.loc 16 308 20 is_stmt 0 discriminator 2 view .LVU202
 984 01da 07ED028A 		vstr.32	s16, [r7, #-8]
 309:delay-module.cpp ****         out[RIGHT] = sig_out_r;
 985              		.loc 16 309 9 is_stmt 1 discriminator 2 view .LVU203
 986              		.loc 16 309 20 is_stmt 0 discriminator 2 view .LVU204
 987 01de 07ED010A 		vstr.32	s0, [r7, #-4]
 289:delay-module.cpp ****     {
 988              		.loc 16 289 5 is_stmt 1 discriminator 2 view .LVU205
 989              	.LVL43:
 289:delay-module.cpp ****     {
 990              		.loc 16 289 25 discriminator 2 view .LVU206
 991 01e2 7FF479AF 		bne	.L31
 992              	.LVL44:
 993              	.L15:
 289:delay-module.cpp ****     {
 994              		.loc 16 289 25 is_stmt 0 discriminator 2 view .LVU207
 995              	.LBE574:
 310:delay-module.cpp ****     }
 311:delay-module.cpp **** }
 996              		.loc 16 311 1 view .LVU208
 997 01e6 07B0     		add	sp, sp, #28
 998              		.cfi_remember_state
 999              		.cfi_def_cfa_offset 44
 1000              		@ sp needed
 1001 01e8 BDEC028B 		vldm	sp!, {d8}
 1002              		.cfi_restore 80
 1003              		.cfi_restore 81
 1004              		.cfi_def_cfa_offset 36
ARM GAS  C:\Users\kgpol\AppData\Local\Temp\ccIP7kIm.s 			page 48


 1005 01ec BDE8F08F 		pop	{r4, r5, r6, r7, r8, r9, r10, fp, pc}
 1006              	.LVL45:
 1007              	.L20:
 1008              		.cfi_restore_state
 1009              	.LBB653:
 1010              	.LBB570:
 254:delay-module.cpp ****             set_time_l = (MAX_DELAY_2 * time_factor_l) + MIN_DELAY_2;
 1011              		.loc 16 254 9 is_stmt 1 view .LVU209
 255:delay-module.cpp ****             set_time_r = (MAX_DELAY_2 * time_factor_r) + MIN_DELAY_2;
 1012              		.loc 16 255 13 view .LVU210
 255:delay-module.cpp ****             set_time_r = (MAX_DELAY_2 * time_factor_r) + MIN_DELAY_2;
 1013              		.loc 16 255 24 is_stmt 0 view .LVU211
 1014 01f0 95ED006A 		vldr.32	s12, [r5]
 1015 01f4 DFED1A7A 		vldr.32	s15, .L32+60
 1016 01f8 DFED1A6A 		vldr.32	s13, .L32+64
 1017 01fc 34E7     		b	.L29
 1018              	.L21:
 250:delay-module.cpp ****             set_time_l = (MAX_DELAY_1 * time_factor_l) + MIN_DELAY_1;
 1019              		.loc 16 250 9 is_stmt 1 view .LVU212
 251:delay-module.cpp ****             set_time_r = (MAX_DELAY_1 * time_factor_r) + MIN_DELAY_1;
 1020              		.loc 16 251 13 view .LVU213
 251:delay-module.cpp ****             set_time_r = (MAX_DELAY_1 * time_factor_r) + MIN_DELAY_1;
 1021              		.loc 16 251 24 is_stmt 0 view .LVU214
 1022 01fe 95ED006A 		vldr.32	s12, [r5]
 1023 0202 DFED197A 		vldr.32	s15, .L32+68
 1024 0206 DFED196A 		vldr.32	s13, .L32+72
 1025 020a 2DE7     		b	.L29
 1026              	.L22:
 246:delay-module.cpp ****             set_time_l = (MAX_DELAY_0 * time_factor_l) + MIN_DELAY_0;
 1027              		.loc 16 246 9 is_stmt 1 view .LVU215
 247:delay-module.cpp ****             set_time_r = (MAX_DELAY_0 * time_factor_r) + MIN_DELAY_0;
 1028              		.loc 16 247 13 view .LVU216
 247:delay-module.cpp ****             set_time_r = (MAX_DELAY_0 * time_factor_r) + MIN_DELAY_0;
 1029              		.loc 16 247 24 is_stmt 0 view .LVU217
 1030 020c F2EE026A 		vmov.f32	s13, #9.0e+0
 1031 0210 95ED006A 		vldr.32	s12, [r5]
 1032 0214 DFED137A 		vldr.32	s15, .L32+64
 1033 0218 26E7     		b	.L29
 1034              	.L30:
 240:delay-module.cpp ****     fdbk_amount = cv_2.Process();
 1035              		.loc 16 240 64 view .LVU218
 1036 021a 1548     		ldr	r0, .L32+76
 1037 021c FFF7FEFF 		bl	_ZN5daisy13AnalogControl7ProcessEv
 1038              	.LVL46:
 1039 0220 01E7     		b	.L16
 1040              	.L33:
 1041 0222 00BF     		.align	2
 1042              	.L32:
 1043 0224 00000000 		.word	.LANCHOR0
 1044 0228 00000000 		.word	.LANCHOR1
 1045 022c 00000000 		.word	.LANCHOR2
 1046 0230 00000000 		.word	.LANCHOR4
 1047 0234 00000000 		.word	.LANCHOR5
 1048 0238 00000000 		.word	.LANCHOR7
 1049 023c 00000000 		.word	.LANCHOR8
 1050 0240 00000000 		.word	.LANCHOR10
 1051 0244 00000000 		.word	.LANCHOR9
ARM GAS  C:\Users\kgpol\AppData\Local\Temp\ccIP7kIm.s 			page 49


 1052 0248 0080BB48 		.word	1220247552
 1053 024c 0080BB47 		.word	1203470336
 1054 0250 FFA50E00 		.word	959999
 1055 0254 0C983A00 		.word	_ZL7delay_l
 1056 0258 00000000 		.word	_ZL7delay_r
 1057 025c 00A60E00 		.word	960000
 1058 0260 00803B48 		.word	1211858944
 1059 0264 00001646 		.word	1175846912
 1060 0268 00803B47 		.word	1195081728
 1061 026c 00007044 		.word	1148190720
 1062 0270 00000000 		.word	.LANCHOR3
 1063 0274 00000000 		.word	.LANCHOR6
 1064 0278 73B2E745 		.word	1172812403
 1065              	.LBE570:
 1066              	.LBE653:
 1067              		.cfi_endproc
 1068              	.LFE4722:
 1070              		.section	.text._ZN5daisy11OledDisplayINS_13SSD130xDriverILj128ELj64ENS_24SSD130x4WireSpiTransportE
 1071              		.align	1
 1072              		.p2align 2,,3
 1073              		.weak	_ZN5daisy11OledDisplayINS_13SSD130xDriverILj128ELj64ENS_24SSD130x4WireSpiTransportEEEE6Updat
 1074              		.syntax unified
 1075              		.thumb
 1076              		.thumb_func
 1077              		.fpu fpv5-d16
 1079              	_ZN5daisy11OledDisplayINS_13SSD130xDriverILj128ELj64ENS_24SSD130x4WireSpiTransportEEEE6UpdateEv:
 1080              	.LVL47:
 1081              	.LFB5051:
  35:../../libDaisy//src/hid/disp/oled_display.h **** 
  36:../../libDaisy//src/hid/disp/oled_display.h ****     /**
  37:../../libDaisy//src/hid/disp/oled_display.h ****     Sets the pixel at the specified coordinate to be on/off.
  38:../../libDaisy//src/hid/disp/oled_display.h ****     \param x   x Coordinate
  39:../../libDaisy//src/hid/disp/oled_display.h ****     \param y   y coordinate
  40:../../libDaisy//src/hid/disp/oled_display.h ****     \param on  on or off
  41:../../libDaisy//src/hid/disp/oled_display.h ****     */
  42:../../libDaisy//src/hid/disp/oled_display.h ****     void DrawPixel(uint_fast8_t x, uint_fast8_t y, bool on) override
  43:../../libDaisy//src/hid/disp/oled_display.h ****     {
  44:../../libDaisy//src/hid/disp/oled_display.h ****         driver_.DrawPixel(x, y, on);
  45:../../libDaisy//src/hid/disp/oled_display.h ****     }
  46:../../libDaisy//src/hid/disp/oled_display.h **** 
  47:../../libDaisy//src/hid/disp/oled_display.h ****     /** 
  48:../../libDaisy//src/hid/disp/oled_display.h ****     Writes the current display buffer to the OLED device using SPI or I2C depending on 
  49:../../libDaisy//src/hid/disp/oled_display.h ****     how the object was initialized.
  50:../../libDaisy//src/hid/disp/oled_display.h ****     */
  51:../../libDaisy//src/hid/disp/oled_display.h ****     void Update() override { driver_.Update(); }
 1082              		.loc 12 51 10 is_stmt 1 view -0
 1083              		.cfi_startproc
 1084              		@ args = 0, pretend = 0, frame = 8
 1085              		@ frame_needed = 0, uses_anonymous_args = 0
 1086              	.LBB664:
 1087              	.LBI664:
 367:../../libDaisy//src/dev/oled_ssd130x.h ****         }
 368:../../libDaisy//src/dev/oled_ssd130x.h ****     };
 369:../../libDaisy//src/dev/oled_ssd130x.h **** 
 370:../../libDaisy//src/dev/oled_ssd130x.h ****     /**
 371:../../libDaisy//src/dev/oled_ssd130x.h ****      * Update the display 
 372:../../libDaisy//src/dev/oled_ssd130x.h ****     */
ARM GAS  C:\Users\kgpol\AppData\Local\Temp\ccIP7kIm.s 			page 50


 373:../../libDaisy//src/dev/oled_ssd130x.h ****     void Update()
 1088              		.loc 13 373 10 view .LVU220
 1089              	.LBB665:
 374:../../libDaisy//src/dev/oled_ssd130x.h ****     {
 375:../../libDaisy//src/dev/oled_ssd130x.h ****         uint8_t i;
 376:../../libDaisy//src/dev/oled_ssd130x.h ****         uint8_t high_column_addr;
 377:../../libDaisy//src/dev/oled_ssd130x.h ****         switch(height)
 378:../../libDaisy//src/dev/oled_ssd130x.h ****         {
 379:../../libDaisy//src/dev/oled_ssd130x.h ****             case 32: high_column_addr = 0x12; break;
 380:../../libDaisy//src/dev/oled_ssd130x.h **** 
 381:../../libDaisy//src/dev/oled_ssd130x.h ****             default: high_column_addr = 0x10; break;
 382:../../libDaisy//src/dev/oled_ssd130x.h ****         }
 383:../../libDaisy//src/dev/oled_ssd130x.h ****         for(i = 0; i < (height / 8); i++)
 1090              		.loc 13 383 22 view .LVU221
 1091              	.LBE665:
 1092              	.LBE664:
 1093              		.loc 12 51 10 is_stmt 0 view .LVU222
 1094 0000 2DE9F041 		push	{r4, r5, r6, r7, r8, lr}
 1095              		.cfi_def_cfa_offset 24
 1096              		.cfi_offset 4, -24
 1097              		.cfi_offset 5, -20
 1098              		.cfi_offset 6, -16
 1099              		.cfi_offset 7, -12
 1100              		.cfi_offset 8, -8
 1101              		.cfi_offset 14, -4
 1102              	.LBB687:
 1103              	.LBB685:
 1104              	.LBB666:
 1105              	.LBB667:
 125:../../libDaisy//src/dev/oled_ssd130x.h ****     };
 1106              		.loc 13 125 30 view .LVU223
 1107 0004 B024     		movs	r4, #176
 1108              	.LBE667:
 1109              	.LBE666:
 1110              	.LBE685:
 1111              	.LBE687:
 1112              		.loc 12 51 10 view .LVU224
 1113 0006 82B0     		sub	sp, sp, #8
 1114              		.cfi_def_cfa_offset 32
 1115              	.LBB688:
 1116              	.LBB686:
 1117              	.LBB672:
 1118              	.LBB668:
 124:../../libDaisy//src/dev/oled_ssd130x.h ****         spi_.BlockingTransmit(&cmd, 1);
 1119              		.loc 13 124 24 view .LVU225
 1120 0008 00F10806 		add	r6, r0, #8
 1121 000c 00F11005 		add	r5, r0, #16
 1122 0010 00F11408 		add	r8, r0, #20
 1123              	.LVL48:
 1124              	.L35:
 124:../../libDaisy//src/dev/oled_ssd130x.h ****         spi_.BlockingTransmit(&cmd, 1);
 1125              		.loc 13 124 24 view .LVU226
 1126 0014 0027     		movs	r7, #0
 124:../../libDaisy//src/dev/oled_ssd130x.h ****         spi_.BlockingTransmit(&cmd, 1);
 1127              		.loc 13 124 23 view .LVU227
 1128 0016 2846     		mov	r0, r5
 1129 0018 8DF80740 		strb	r4, [sp, #7]
ARM GAS  C:\Users\kgpol\AppData\Local\Temp\ccIP7kIm.s 			page 51


 1130              	.LVL49:
 124:../../libDaisy//src/dev/oled_ssd130x.h ****         spi_.BlockingTransmit(&cmd, 1);
 1131              		.loc 13 124 23 view .LVU228
 1132              	.LBE668:
 1133              	.LBI666:
 122:../../libDaisy//src/dev/oled_ssd130x.h ****     {
 1134              		.loc 13 122 10 is_stmt 1 view .LVU229
 1135              	.LBB669:
 124:../../libDaisy//src/dev/oled_ssd130x.h ****         spi_.BlockingTransmit(&cmd, 1);
 1136              		.loc 13 124 9 view .LVU230
 1137              	.LBE669:
 1138              	.LBE672:
 1139              		.loc 13 383 22 is_stmt 0 view .LVU231
 1140 001c 0134     		adds	r4, r4, #1
 1141              	.LVL50:
 1142              	.LBB673:
 1143              	.LBB670:
 124:../../libDaisy//src/dev/oled_ssd130x.h ****         spi_.BlockingTransmit(&cmd, 1);
 1144              		.loc 13 124 23 view .LVU232
 1145 001e 3946     		mov	r1, r7
 1146 0020 FFF7FEFF 		bl	dsy_gpio_write
 1147              	.LVL51:
 125:../../libDaisy//src/dev/oled_ssd130x.h ****     };
 1148              		.loc 13 125 9 is_stmt 1 view .LVU233
 125:../../libDaisy//src/dev/oled_ssd130x.h ****     };
 1149              		.loc 13 125 30 is_stmt 0 view .LVU234
 1150 0024 6423     		movs	r3, #100
 1151 0026 0122     		movs	r2, #1
 1152 0028 0DF10701 		add	r1, sp, #7
 1153 002c 3046     		mov	r0, r6
 1154              	.LBE670:
 1155              	.LBE673:
 1156              		.loc 13 383 22 view .LVU235
 1157 002e E4B2     		uxtb	r4, r4
 1158              	.LBB674:
 1159              	.LBB671:
 125:../../libDaisy//src/dev/oled_ssd130x.h ****     };
 1160              		.loc 13 125 30 view .LVU236
 1161 0030 FFF7FEFF 		bl	_ZN5daisy9SpiHandle16BlockingTransmitEPhjm
 1162              	.LVL52:
 125:../../libDaisy//src/dev/oled_ssd130x.h ****     };
 1163              		.loc 13 125 30 view .LVU237
 1164              	.LBE671:
 1165              	.LBE674:
 1166              	.LBB675:
 1167              	.LBB676:
 124:../../libDaisy//src/dev/oled_ssd130x.h ****         spi_.BlockingTransmit(&cmd, 1);
 1168              		.loc 13 124 23 view .LVU238
 1169 0034 3946     		mov	r1, r7
 1170 0036 2846     		mov	r0, r5
 1171 0038 8DF80770 		strb	r7, [sp, #7]
 1172              	.LVL53:
 124:../../libDaisy//src/dev/oled_ssd130x.h ****         spi_.BlockingTransmit(&cmd, 1);
 1173              		.loc 13 124 23 view .LVU239
 1174              	.LBE676:
 1175              	.LBI675:
 122:../../libDaisy//src/dev/oled_ssd130x.h ****     {
ARM GAS  C:\Users\kgpol\AppData\Local\Temp\ccIP7kIm.s 			page 52


 1176              		.loc 13 122 10 is_stmt 1 view .LVU240
 1177              	.LBB677:
 124:../../libDaisy//src/dev/oled_ssd130x.h ****         spi_.BlockingTransmit(&cmd, 1);
 1178              		.loc 13 124 9 view .LVU241
 124:../../libDaisy//src/dev/oled_ssd130x.h ****         spi_.BlockingTransmit(&cmd, 1);
 1179              		.loc 13 124 23 is_stmt 0 view .LVU242
 1180 003c FFF7FEFF 		bl	dsy_gpio_write
 1181              	.LVL54:
 125:../../libDaisy//src/dev/oled_ssd130x.h ****     };
 1182              		.loc 13 125 9 is_stmt 1 view .LVU243
 125:../../libDaisy//src/dev/oled_ssd130x.h ****     };
 1183              		.loc 13 125 30 is_stmt 0 view .LVU244
 1184 0040 0122     		movs	r2, #1
 1185 0042 6423     		movs	r3, #100
 1186 0044 0DF10701 		add	r1, sp, #7
 1187 0048 3046     		mov	r0, r6
 1188 004a FFF7FEFF 		bl	_ZN5daisy9SpiHandle16BlockingTransmitEPhjm
 1189              	.LVL55:
 125:../../libDaisy//src/dev/oled_ssd130x.h ****     };
 1190              		.loc 13 125 30 view .LVU245
 1191 004e 1023     		movs	r3, #16
 1192              	.LBE677:
 1193              	.LBE675:
 1194              	.LBB678:
 1195              	.LBB679:
 124:../../libDaisy//src/dev/oled_ssd130x.h ****         spi_.BlockingTransmit(&cmd, 1);
 1196              		.loc 13 124 23 view .LVU246
 1197 0050 3946     		mov	r1, r7
 1198 0052 2846     		mov	r0, r5
 1199 0054 8DF80730 		strb	r3, [sp, #7]
 1200              	.LVL56:
 124:../../libDaisy//src/dev/oled_ssd130x.h ****         spi_.BlockingTransmit(&cmd, 1);
 1201              		.loc 13 124 23 view .LVU247
 1202              	.LBE679:
 1203              	.LBI678:
 122:../../libDaisy//src/dev/oled_ssd130x.h ****     {
 1204              		.loc 13 122 10 is_stmt 1 view .LVU248
 1205              	.LBB680:
 124:../../libDaisy//src/dev/oled_ssd130x.h ****         spi_.BlockingTransmit(&cmd, 1);
 1206              		.loc 13 124 9 view .LVU249
 124:../../libDaisy//src/dev/oled_ssd130x.h ****         spi_.BlockingTransmit(&cmd, 1);
 1207              		.loc 13 124 23 is_stmt 0 view .LVU250
 1208 0058 FFF7FEFF 		bl	dsy_gpio_write
 1209              	.LVL57:
 125:../../libDaisy//src/dev/oled_ssd130x.h ****     };
 1210              		.loc 13 125 9 is_stmt 1 view .LVU251
 125:../../libDaisy//src/dev/oled_ssd130x.h ****     };
 1211              		.loc 13 125 30 is_stmt 0 view .LVU252
 1212 005c 6423     		movs	r3, #100
 1213 005e 0122     		movs	r2, #1
 1214 0060 0DF10701 		add	r1, sp, #7
 1215 0064 3046     		mov	r0, r6
 1216 0066 FFF7FEFF 		bl	_ZN5daisy9SpiHandle16BlockingTransmitEPhjm
 1217              	.LVL58:
 125:../../libDaisy//src/dev/oled_ssd130x.h ****     };
 1218              		.loc 13 125 30 view .LVU253
 1219              	.LBE680:
ARM GAS  C:\Users\kgpol\AppData\Local\Temp\ccIP7kIm.s 			page 53


 1220              	.LBE678:
 1221              	.LBB681:
 1222              	.LBI681:
 128:../../libDaisy//src/dev/oled_ssd130x.h ****     {
 1223              		.loc 13 128 10 is_stmt 1 view .LVU254
 1224              	.LBB682:
 130:../../libDaisy//src/dev/oled_ssd130x.h ****         spi_.BlockingTransmit(buff, size);
 1225              		.loc 13 130 9 view .LVU255
 130:../../libDaisy//src/dev/oled_ssd130x.h ****         spi_.BlockingTransmit(buff, size);
 1226              		.loc 13 130 23 is_stmt 0 view .LVU256
 1227 006a 0121     		movs	r1, #1
 1228 006c 2846     		mov	r0, r5
 1229 006e FFF7FEFF 		bl	dsy_gpio_write
 1230              	.LVL59:
 131:../../libDaisy//src/dev/oled_ssd130x.h ****     };
 1231              		.loc 13 131 9 is_stmt 1 view .LVU257
 131:../../libDaisy//src/dev/oled_ssd130x.h ****     };
 1232              		.loc 13 131 30 is_stmt 0 view .LVU258
 1233 0072 8022     		movs	r2, #128
 1234 0074 4146     		mov	r1, r8
 1235 0076 6423     		movs	r3, #100
 1236 0078 3046     		mov	r0, r6
 1237              	.LBE682:
 1238              	.LBE681:
 1239              		.loc 13 383 22 view .LVU259
 1240 007a 9044     		add	r8, r8, r2
 1241              	.LVL60:
 1242              	.LBB684:
 1243              	.LBB683:
 131:../../libDaisy//src/dev/oled_ssd130x.h ****     };
 1244              		.loc 13 131 30 view .LVU260
 1245 007c FFF7FEFF 		bl	_ZN5daisy9SpiHandle16BlockingTransmitEPhjm
 1246              	.LVL61:
 131:../../libDaisy//src/dev/oled_ssd130x.h ****     };
 1247              		.loc 13 131 30 view .LVU261
 1248              	.LBE683:
 1249              	.LBE684:
 1250              		.loc 13 383 9 is_stmt 1 view .LVU262
 1251              		.loc 13 383 22 view .LVU263
 1252 0080 B82C     		cmp	r4, #184
 1253 0082 C7D1     		bne	.L35
 1254              	.LBE686:
 1255              	.LBE688:
 1256              		.loc 12 51 48 is_stmt 0 view .LVU264
 1257 0084 02B0     		add	sp, sp, #8
 1258              		.cfi_def_cfa_offset 24
 1259              		@ sp needed
 1260 0086 BDE8F081 		pop	{r4, r5, r6, r7, r8, pc}
 1261              		.loc 12 51 48 view .LVU265
 1262              		.cfi_endproc
 1263              	.LFE5051:
 1265 008a 00BF     		.section	.text._ZN5daisy25OneBitGraphicsDisplayImplINS_11OledDisplayINS_13SSD130xDriverILj128ELj64
 1266              		.align	1
 1267              		.p2align 2,,3
 1268              		.weak	_ZN5daisy25OneBitGraphicsDisplayImplINS_11OledDisplayINS_13SSD130xDriverILj128ELj64ENS_24SSD
 1269              		.syntax unified
 1270              		.thumb
ARM GAS  C:\Users\kgpol\AppData\Local\Temp\ccIP7kIm.s 			page 54


 1271              		.thumb_func
 1272              		.fpu fpv5-d16
 1274              	_ZN5daisy25OneBitGraphicsDisplayImplINS_11OledDisplayINS_13SSD130xDriverILj128ELj64ENS_24SSD130x4Wi
 1275              	.LVL62:
 1276              	.LFB5182:
 220:../../libDaisy//src/hid/disp/display.h **** 
 221:../../libDaisy//src/hid/disp/display.h ****     void DrawLine(uint_fast8_t x1,
 222:../../libDaisy//src/hid/disp/display.h ****                   uint_fast8_t y1,
 223:../../libDaisy//src/hid/disp/display.h ****                   uint_fast8_t x2,
 224:../../libDaisy//src/hid/disp/display.h ****                   uint_fast8_t y2,
 225:../../libDaisy//src/hid/disp/display.h ****                   bool         on) override
 226:../../libDaisy//src/hid/disp/display.h ****     {
 227:../../libDaisy//src/hid/disp/display.h ****         int_fast16_t deltaX = abs((int_fast16_t)x2 - (int_fast16_t)x1);
 228:../../libDaisy//src/hid/disp/display.h ****         int_fast16_t deltaY = abs((int_fast16_t)y2 - (int_fast16_t)y1);
 229:../../libDaisy//src/hid/disp/display.h ****         int_fast16_t signX  = ((x1 < x2) ? 1 : -1);
 230:../../libDaisy//src/hid/disp/display.h ****         int_fast16_t signY  = ((y1 < y2) ? 1 : -1);
 231:../../libDaisy//src/hid/disp/display.h ****         int_fast16_t error  = deltaX - deltaY;
 232:../../libDaisy//src/hid/disp/display.h ****         int_fast16_t error2;
 233:../../libDaisy//src/hid/disp/display.h **** 
 234:../../libDaisy//src/hid/disp/display.h ****         // If we write "ChildType::DrawPixel(x2, y2, on);", we end up with
 235:../../libDaisy//src/hid/disp/display.h ****         // all sorts of weird compiler errors when the Child class is a template
 236:../../libDaisy//src/hid/disp/display.h ****         // class. The only way around this is to use this very verbose syntax:
 237:../../libDaisy//src/hid/disp/display.h ****         ((ChildType*)(this))->ChildType::DrawPixel(x2, y2, on);
 238:../../libDaisy//src/hid/disp/display.h **** 
 239:../../libDaisy//src/hid/disp/display.h ****         while((x1 != x2) || (y1 != y2))
 240:../../libDaisy//src/hid/disp/display.h ****         {
 241:../../libDaisy//src/hid/disp/display.h ****             ((ChildType*)(this))->ChildType::DrawPixel(x1, y1, on);
 242:../../libDaisy//src/hid/disp/display.h ****             error2 = error * 2;
 243:../../libDaisy//src/hid/disp/display.h ****             if(error2 > -deltaY)
 244:../../libDaisy//src/hid/disp/display.h ****             {
 245:../../libDaisy//src/hid/disp/display.h ****                 error -= deltaY;
 246:../../libDaisy//src/hid/disp/display.h ****                 x1 += signX;
 247:../../libDaisy//src/hid/disp/display.h ****             }
 248:../../libDaisy//src/hid/disp/display.h **** 
 249:../../libDaisy//src/hid/disp/display.h ****             if(error2 < deltaX)
 250:../../libDaisy//src/hid/disp/display.h ****             {
 251:../../libDaisy//src/hid/disp/display.h ****                 error += deltaX;
 252:../../libDaisy//src/hid/disp/display.h ****                 y1 += signY;
 253:../../libDaisy//src/hid/disp/display.h ****             }
 254:../../libDaisy//src/hid/disp/display.h ****         }
 255:../../libDaisy//src/hid/disp/display.h ****     }
 256:../../libDaisy//src/hid/disp/display.h **** 
 257:../../libDaisy//src/hid/disp/display.h ****     void DrawRect(uint_fast8_t x1,
 258:../../libDaisy//src/hid/disp/display.h ****                   uint_fast8_t y1,
 259:../../libDaisy//src/hid/disp/display.h ****                   uint_fast8_t x2,
 260:../../libDaisy//src/hid/disp/display.h ****                   uint_fast8_t y2,
 261:../../libDaisy//src/hid/disp/display.h ****                   bool         on,
 262:../../libDaisy//src/hid/disp/display.h ****                   bool         fill = false) override
 263:../../libDaisy//src/hid/disp/display.h ****     {
 264:../../libDaisy//src/hid/disp/display.h ****         if(fill)
 265:../../libDaisy//src/hid/disp/display.h ****         {
 266:../../libDaisy//src/hid/disp/display.h ****             for(uint_fast8_t x = x1; x <= x2; x++)
 267:../../libDaisy//src/hid/disp/display.h ****             {
 268:../../libDaisy//src/hid/disp/display.h ****                 for(uint_fast8_t y = y1; y <= y2; y++)
 269:../../libDaisy//src/hid/disp/display.h ****                 {
 270:../../libDaisy//src/hid/disp/display.h ****                     ((ChildType*)(this))->ChildType::DrawPixel(x, y, on);
 271:../../libDaisy//src/hid/disp/display.h ****                 }
ARM GAS  C:\Users\kgpol\AppData\Local\Temp\ccIP7kIm.s 			page 55


 272:../../libDaisy//src/hid/disp/display.h ****             }
 273:../../libDaisy//src/hid/disp/display.h ****         }
 274:../../libDaisy//src/hid/disp/display.h ****         else
 275:../../libDaisy//src/hid/disp/display.h ****         {
 276:../../libDaisy//src/hid/disp/display.h ****             ((ChildType*)(this))->ChildType::DrawLine(x1, y1, x2, y1, on);
 277:../../libDaisy//src/hid/disp/display.h ****             ((ChildType*)(this))->ChildType::DrawLine(x2, y1, x2, y2, on);
 278:../../libDaisy//src/hid/disp/display.h ****             ((ChildType*)(this))->ChildType::DrawLine(x2, y2, x1, y2, on);
 279:../../libDaisy//src/hid/disp/display.h ****             ((ChildType*)(this))->ChildType::DrawLine(x1, y2, x1, y1, on);
 280:../../libDaisy//src/hid/disp/display.h ****         }
 281:../../libDaisy//src/hid/disp/display.h ****     }
 282:../../libDaisy//src/hid/disp/display.h **** 
 283:../../libDaisy//src/hid/disp/display.h ****     void DrawArc(uint_fast8_t x,
 284:../../libDaisy//src/hid/disp/display.h ****                  uint_fast8_t y,
 285:../../libDaisy//src/hid/disp/display.h ****                  uint_fast8_t radius,
 286:../../libDaisy//src/hid/disp/display.h ****                  int_fast16_t start_angle,
 287:../../libDaisy//src/hid/disp/display.h ****                  int_fast16_t sweep,
 288:../../libDaisy//src/hid/disp/display.h ****                  bool         on) override
 289:../../libDaisy//src/hid/disp/display.h ****     {
 290:../../libDaisy//src/hid/disp/display.h ****         // Values to calculate the circle
 291:../../libDaisy//src/hid/disp/display.h ****         int_fast16_t t_x, t_y, err, e2;
 292:../../libDaisy//src/hid/disp/display.h **** 
 293:../../libDaisy//src/hid/disp/display.h ****         // Temporary values to speed up comparisons
 294:../../libDaisy//src/hid/disp/display.h ****         float t_sxy, t_syx, t_sxny, t_synx;
 295:../../libDaisy//src/hid/disp/display.h ****         float t_exy, t_eyx, t_exny, t_eynx;
 296:../../libDaisy//src/hid/disp/display.h **** 
 297:../../libDaisy//src/hid/disp/display.h ****         float start_angle_rad, end_angle_rad;
 298:../../libDaisy//src/hid/disp/display.h ****         float start_x, start_y, end_x, end_y;
 299:../../libDaisy//src/hid/disp/display.h **** 
 300:../../libDaisy//src/hid/disp/display.h ****         bool d1, d2, d3, d4;
 301:../../libDaisy//src/hid/disp/display.h **** 
 302:../../libDaisy//src/hid/disp/display.h ****         d1 = d2 = d3 = d4 = true;
 303:../../libDaisy//src/hid/disp/display.h **** 
 304:../../libDaisy//src/hid/disp/display.h ****         bool circle = false;
 305:../../libDaisy//src/hid/disp/display.h **** 
 306:../../libDaisy//src/hid/disp/display.h ****         if(sweep < 0)
 307:../../libDaisy//src/hid/disp/display.h ****         {
 308:../../libDaisy//src/hid/disp/display.h ****             start_angle += sweep;
 309:../../libDaisy//src/hid/disp/display.h ****             sweep = -sweep;
 310:../../libDaisy//src/hid/disp/display.h ****         }
 311:../../libDaisy//src/hid/disp/display.h **** 
 312:../../libDaisy//src/hid/disp/display.h ****         start_angle_rad = deg2rad(start_angle);
 313:../../libDaisy//src/hid/disp/display.h ****         end_angle_rad   = deg2rad(start_angle + sweep);
 314:../../libDaisy//src/hid/disp/display.h **** 
 315:../../libDaisy//src/hid/disp/display.h ****         start_x = cos(start_angle_rad) * radius;
 316:../../libDaisy//src/hid/disp/display.h ****         start_y = -sin(start_angle_rad) * radius;
 317:../../libDaisy//src/hid/disp/display.h ****         end_x   = cos(end_angle_rad) * radius;
 318:../../libDaisy//src/hid/disp/display.h ****         end_y   = -sin(end_angle_rad) * radius;
 319:../../libDaisy//src/hid/disp/display.h **** 
 320:../../libDaisy//src/hid/disp/display.h ****         // Check if start and endpoint are very near
 321:../../libDaisy//src/hid/disp/display.h ****         if((end_x - start_x) * (end_x - start_x)
 322:../../libDaisy//src/hid/disp/display.h ****                + (end_y - start_y) * (end_y - start_y)
 323:../../libDaisy//src/hid/disp/display.h ****            < 2.0f)
 324:../../libDaisy//src/hid/disp/display.h ****         {
 325:../../libDaisy//src/hid/disp/display.h ****             if(sweep > 180)
 326:../../libDaisy//src/hid/disp/display.h ****                 circle = true;
 327:../../libDaisy//src/hid/disp/display.h ****             else
 328:../../libDaisy//src/hid/disp/display.h ****                 // Nothing to draw
ARM GAS  C:\Users\kgpol\AppData\Local\Temp\ccIP7kIm.s 			page 56


 329:../../libDaisy//src/hid/disp/display.h ****                 return;
 330:../../libDaisy//src/hid/disp/display.h ****         }
 331:../../libDaisy//src/hid/disp/display.h **** 
 332:../../libDaisy//src/hid/disp/display.h ****         t_x = -radius;
 333:../../libDaisy//src/hid/disp/display.h ****         t_y = 0;
 334:../../libDaisy//src/hid/disp/display.h ****         err = 2 - 2 * radius;
 335:../../libDaisy//src/hid/disp/display.h **** 
 336:../../libDaisy//src/hid/disp/display.h ****         do
 337:../../libDaisy//src/hid/disp/display.h ****         {
 338:../../libDaisy//src/hid/disp/display.h ****             if(!circle)
 339:../../libDaisy//src/hid/disp/display.h ****             {
 340:../../libDaisy//src/hid/disp/display.h ****                 t_sxy  = start_x * t_y;
 341:../../libDaisy//src/hid/disp/display.h ****                 t_syx  = start_y * t_x;
 342:../../libDaisy//src/hid/disp/display.h ****                 t_sxny = start_x * -t_y;
 343:../../libDaisy//src/hid/disp/display.h ****                 t_synx = start_y * -t_x;
 344:../../libDaisy//src/hid/disp/display.h ****                 t_exy  = end_x * t_y;
 345:../../libDaisy//src/hid/disp/display.h ****                 t_eyx  = end_y * t_x;
 346:../../libDaisy//src/hid/disp/display.h ****                 t_exny = end_x * -t_y;
 347:../../libDaisy//src/hid/disp/display.h ****                 t_eynx = end_y * -t_x;
 348:../../libDaisy//src/hid/disp/display.h **** 
 349:../../libDaisy//src/hid/disp/display.h ****                 if(sweep > 180)
 350:../../libDaisy//src/hid/disp/display.h ****                 {
 351:../../libDaisy//src/hid/disp/display.h ****                     d1 = (t_sxy - t_synx < 0 || t_exy - t_eynx > 0);
 352:../../libDaisy//src/hid/disp/display.h ****                     d2 = (t_sxy - t_syx < 0 || t_exy - t_eyx > 0);
 353:../../libDaisy//src/hid/disp/display.h ****                     d3 = (t_sxny - t_syx < 0 || t_exny - t_eyx > 0);
 354:../../libDaisy//src/hid/disp/display.h ****                     d4 = (t_sxny - t_synx < 0 || t_exny - t_eynx > 0);
 355:../../libDaisy//src/hid/disp/display.h ****                 }
 356:../../libDaisy//src/hid/disp/display.h ****                 else
 357:../../libDaisy//src/hid/disp/display.h ****                 {
 358:../../libDaisy//src/hid/disp/display.h ****                     d1 = (t_sxy - t_synx < 0 && t_exy - t_eynx > 0);
 359:../../libDaisy//src/hid/disp/display.h ****                     d2 = (t_sxy - t_syx < 0 && t_exy - t_eyx > 0);
 360:../../libDaisy//src/hid/disp/display.h ****                     d3 = (t_sxny - t_syx < 0 && t_exny - t_eyx > 0);
 361:../../libDaisy//src/hid/disp/display.h ****                     d4 = (t_sxny - t_synx < 0 && t_exny - t_eynx > 0);
 362:../../libDaisy//src/hid/disp/display.h ****                 }
 363:../../libDaisy//src/hid/disp/display.h ****             }
 364:../../libDaisy//src/hid/disp/display.h **** 
 365:../../libDaisy//src/hid/disp/display.h ****             if(d1)
 366:../../libDaisy//src/hid/disp/display.h ****                 ((ChildType*)(this))
 367:../../libDaisy//src/hid/disp/display.h ****                     ->ChildType::DrawPixel(x - t_x, y + t_y, on);
 368:../../libDaisy//src/hid/disp/display.h ****             if(d2)
 369:../../libDaisy//src/hid/disp/display.h ****                 ((ChildType*)(this))
 370:../../libDaisy//src/hid/disp/display.h ****                     ->ChildType::DrawPixel(x + t_x, y + t_y, on);
 371:../../libDaisy//src/hid/disp/display.h ****             if(d3)
 372:../../libDaisy//src/hid/disp/display.h ****                 ((ChildType*)(this))
 373:../../libDaisy//src/hid/disp/display.h ****                     ->ChildType::DrawPixel(x + t_x, y - t_y, on);
 374:../../libDaisy//src/hid/disp/display.h ****             if(d4)
 375:../../libDaisy//src/hid/disp/display.h ****                 ((ChildType*)(this))
 376:../../libDaisy//src/hid/disp/display.h ****                     ->ChildType::DrawPixel(x - t_x, y - t_y, on);
 377:../../libDaisy//src/hid/disp/display.h **** 
 378:../../libDaisy//src/hid/disp/display.h ****             e2 = err;
 379:../../libDaisy//src/hid/disp/display.h ****             if(e2 <= t_y)
 380:../../libDaisy//src/hid/disp/display.h ****             {
 381:../../libDaisy//src/hid/disp/display.h ****                 t_y++;
 382:../../libDaisy//src/hid/disp/display.h ****                 err = err + (t_y * 2 + 1);
 383:../../libDaisy//src/hid/disp/display.h ****                 if(-t_x == t_y && e2 <= t_x)
 384:../../libDaisy//src/hid/disp/display.h ****                 {
 385:../../libDaisy//src/hid/disp/display.h ****                     e2 = 0;
ARM GAS  C:\Users\kgpol\AppData\Local\Temp\ccIP7kIm.s 			page 57


 386:../../libDaisy//src/hid/disp/display.h ****                 }
 387:../../libDaisy//src/hid/disp/display.h ****             }
 388:../../libDaisy//src/hid/disp/display.h ****             if(e2 > t_x)
 389:../../libDaisy//src/hid/disp/display.h ****             {
 390:../../libDaisy//src/hid/disp/display.h ****                 t_x++;
 391:../../libDaisy//src/hid/disp/display.h ****                 err = err + (t_x * 2 + 1);
 392:../../libDaisy//src/hid/disp/display.h ****             }
 393:../../libDaisy//src/hid/disp/display.h ****         } while(t_x <= 0);
 394:../../libDaisy//src/hid/disp/display.h ****     }
 395:../../libDaisy//src/hid/disp/display.h **** 
 396:../../libDaisy//src/hid/disp/display.h ****     char WriteChar(char ch, FontDef font, bool on) override
 1277              		.loc 14 396 10 is_stmt 1 view -0
 1278              		.cfi_startproc
 1279              		@ args = 4, pretend = 0, frame = 16
 1280              		@ frame_needed = 0, uses_anonymous_args = 0
 1281              		.loc 14 396 10 is_stmt 0 view .LVU267
 1282 0000 2DE9F04F 		push	{r4, r5, r6, r7, r8, r9, r10, fp, lr}
 1283              		.cfi_def_cfa_offset 36
 1284              		.cfi_offset 4, -36
 1285              		.cfi_offset 5, -32
 1286              		.cfi_offset 6, -28
 1287              		.cfi_offset 7, -24
 1288              		.cfi_offset 8, -20
 1289              		.cfi_offset 9, -16
 1290              		.cfi_offset 10, -12
 1291              		.cfi_offset 11, -8
 1292              		.cfi_offset 14, -4
 1293 0004 85B0     		sub	sp, sp, #20
 1294              		.cfi_def_cfa_offset 56
 1295              	.LVL63:
 397:../../libDaisy//src/hid/disp/display.h ****     {
 398:../../libDaisy//src/hid/disp/display.h ****         uint32_t i, b, j;
 399:../../libDaisy//src/hid/disp/display.h **** 
 400:../../libDaisy//src/hid/disp/display.h ****         // Check if character is valid
 401:../../libDaisy//src/hid/disp/display.h ****         if(ch < 32 || ch > 126)
 1296              		.loc 14 401 20 view .LVU268
 1297 0006 A1F12005 		sub	r5, r1, #32
 396:../../libDaisy//src/hid/disp/display.h ****     {
 1298              		.loc 14 396 10 view .LVU269
 1299 000a 04AC     		add	r4, sp, #16
 1300 000c 9DF83870 		ldrb	r7, [sp, #56]	@ zero_extendqisi2
 1301 0010 0091     		str	r1, [sp]
 1302 0012 04E90C00 		stmdb	r4, {r2, r3}
 1303              	.LVL64:
 1304              		.loc 14 401 9 view .LVU270
 1305 0016 EBB2     		uxtb	r3, r5
 1306 0018 5E2B     		cmp	r3, #94
 1307 001a 00F29580 		bhi	.L42
 402:../../libDaisy//src/hid/disp/display.h ****             return 0;
 403:../../libDaisy//src/hid/disp/display.h **** 
 404:../../libDaisy//src/hid/disp/display.h ****         // Check remaining space on current line
 405:../../libDaisy//src/hid/disp/display.h ****         if(Width() < (currentX_ + font.FontWidth)
 1308              		.loc 14 405 17 view .LVU271
 1309 001e 0368     		ldr	r3, [r0]
 1310 0020 8046     		mov	r8, r0
 1311 0022 5D4A     		ldr	r2, .L77
 1312 0024 DB68     		ldr	r3, [r3, #12]
ARM GAS  C:\Users\kgpol\AppData\Local\Temp\ccIP7kIm.s 			page 58


 1313 0026 9DF80840 		ldrb	r4, [sp, #8]	@ zero_extendqisi2
 1314 002a 9342     		cmp	r3, r2
 1315 002c 9DF80960 		ldrb	r6, [sp, #9]	@ zero_extendqisi2
 1316 0030 40F09480 		bne	.L69
 1317 0034 8020     		movs	r0, #128
 1318              	.LVL65:
 1319              	.L41:
 1320              		.loc 14 405 23 view .LVU272
 1321 0036 B8F80430 		ldrh	r3, [r8, #4]
 1322              		.loc 14 405 33 view .LVU273
 1323 003a 2344     		add	r3, r3, r4
 406:../../libDaisy//src/hid/disp/display.h ****            || Height() < (currentY_ + font.FontHeight))
 1324              		.loc 14 406 12 view .LVU274
 1325 003c 8342     		cmp	r3, r0
 1326 003e 00F38380 		bgt	.L42
 1327              		.loc 14 406 21 discriminator 2 view .LVU275
 1328 0042 D8F80030 		ldr	r3, [r8]
 1329 0046 554A     		ldr	r2, .L77+4
 1330 0048 9B68     		ldr	r3, [r3, #8]
 1331 004a 9342     		cmp	r3, r2
 1332 004c 40F08880 		bne	.L70
 1333              		.loc 14 406 21 view .LVU276
 1334 0050 4020     		movs	r0, #64
 1335              	.L43:
 1336              		.loc 14 406 27 discriminator 2 view .LVU277
 1337 0052 B8F80620 		ldrh	r2, [r8, #6]
 1338              		.loc 14 406 37 discriminator 2 view .LVU278
 1339 0056 9319     		adds	r3, r2, r6
 1340              		.loc 14 406 27 discriminator 2 view .LVU279
 1341 0058 0192     		str	r2, [sp, #4]
 1342              		.loc 14 406 12 discriminator 2 view .LVU280
 1343 005a 8342     		cmp	r3, r0
 1344 005c 74DC     		bgt	.L42
 1345              	.LVL66:
 407:../../libDaisy//src/hid/disp/display.h ****         {
 408:../../libDaisy//src/hid/disp/display.h ****             // Not enough space on current line
 409:../../libDaisy//src/hid/disp/display.h ****             return 0;
 410:../../libDaisy//src/hid/disp/display.h ****         }
 411:../../libDaisy//src/hid/disp/display.h **** 
 412:../../libDaisy//src/hid/disp/display.h ****         // Use the font to write
 413:../../libDaisy//src/hid/disp/display.h ****         for(i = 0; i < font.FontHeight; i++)
 1346              		.loc 14 413 22 is_stmt 1 view .LVU281
 1347 005e 002E     		cmp	r6, #0
 1348 0060 00F08980 		beq	.L44
 414:../../libDaisy//src/hid/disp/display.h ****         {
 415:../../libDaisy//src/hid/disp/display.h ****             b = font.data[(ch - 32) * font.FontHeight + i];
 1349              		.loc 14 415 37 is_stmt 0 view .LVU282
 1350 0064 06FB05F5 		mul	r5, r6, r5
 1351 0068 6FF00040 		mvn	r0, #-2147483648
 1352              		.loc 14 415 22 view .LVU283
 1353 006c 039B     		ldr	r3, [sp, #12]
 1354 006e 9646     		mov	lr, r2
 1355 0070 2844     		add	r0, r0, r5
 1356 0072 2E44     		add	r6, r6, r5
 416:../../libDaisy//src/hid/disp/display.h ****             for(j = 0; j < font.FontWidth; j++)
 417:../../libDaisy//src/hid/disp/display.h ****             {
 418:../../libDaisy//src/hid/disp/display.h ****                 if((b << j) & 0x8000)
ARM GAS  C:\Users\kgpol\AppData\Local\Temp\ccIP7kIm.s 			page 59


 419:../../libDaisy//src/hid/disp/display.h ****                 {
 420:../../libDaisy//src/hid/disp/display.h ****                     ((ChildType*)(this))
 421:../../libDaisy//src/hid/disp/display.h ****                         ->ChildType::DrawPixel(
 422:../../libDaisy//src/hid/disp/display.h ****                             currentX_ + j, (currentY_ + i), on);
 423:../../libDaisy//src/hid/disp/display.h ****                 }
 424:../../libDaisy//src/hid/disp/display.h ****                 else
 425:../../libDaisy//src/hid/disp/display.h ****                 {
 426:../../libDaisy//src/hid/disp/display.h ****                     ((ChildType*)(this))
 427:../../libDaisy//src/hid/disp/display.h ****                         ->ChildType::DrawPixel(
 428:../../libDaisy//src/hid/disp/display.h ****                             currentX_ + j, (currentY_ + i), !on);
 429:../../libDaisy//src/hid/disp/display.h ****                 }
 430:../../libDaisy//src/hid/disp/display.h ****             }
 431:../../libDaisy//src/hid/disp/display.h ****         }
 432:../../libDaisy//src/hid/disp/display.h **** 
 433:../../libDaisy//src/hid/disp/display.h ****         // The current space is now taken
 434:../../libDaisy//src/hid/disp/display.h ****         SetCursor(currentX_ + font.FontWidth, currentY_);
 1357              		.loc 14 434 19 view .LVU284
 1358 0074 B8F804A0 		ldrh	r10, [r8, #4]
 1359 0078 03EB4000 		add	r0, r3, r0, lsl #1
 1360 007c 023B     		subs	r3, r3, #2
 1361 007e 03EB460B 		add	fp, r3, r6, lsl #1
 1362              	.LVL67:
 1363              	.L47:
 415:../../libDaisy//src/hid/disp/display.h ****             for(j = 0; j < font.FontWidth; j++)
 1364              		.loc 14 415 15 view .LVU285
 1365 0082 30F8026F 		ldrh	r6, [r0, #2]!
 1366              	.LVL68:
 416:../../libDaisy//src/hid/disp/display.h ****             for(j = 0; j < font.FontWidth; j++)
 1367              		.loc 14 416 26 is_stmt 1 view .LVU286
 1368 0086 BCB3     		cbz	r4, .L52
 1369              	.LBB719:
 1370              	.LBB720:
 1371              	.LBB721:
 1372              	.LBB722:
 1373              	.LBB723:
 359:../../libDaisy//src/dev/oled_ssd130x.h ****     }
 1374              		.loc 13 359 55 is_stmt 0 view .LVU287
 1375 0088 0EF00703 		and	r3, lr, #7
 359:../../libDaisy//src/dev/oled_ssd130x.h ****     }
 1376              		.loc 13 359 49 view .LVU288
 1377 008c 4FF0010C 		mov	ip, #1
 359:../../libDaisy//src/dev/oled_ssd130x.h ****     }
 1378              		.loc 13 359 28 view .LVU289
 1379 0090 4FEADE02 		lsr	r2, lr, #3
 1380 0094 5146     		mov	r1, r10
 359:../../libDaisy//src/dev/oled_ssd130x.h ****     }
 1381              		.loc 13 359 49 view .LVU290
 1382 0096 0CFA03FC 		lsl	ip, ip, r3
 1383 009a 0AF11403 		add	r3, r10, #20
 359:../../libDaisy//src/dev/oled_ssd130x.h ****     }
 1384              		.loc 13 359 42 view .LVU291
 1385 009e 4FFA8CFC 		sxtb	ip, ip
 1386 00a2 03EBC212 		add	r2, r3, r2, lsl #7
 1387              	.LBE723:
 1388              	.LBE722:
 1389              	.LBE721:
 1390              	.LBE720:
ARM GAS  C:\Users\kgpol\AppData\Local\Temp\ccIP7kIm.s 			page 60


 1391              	.LBE719:
 416:../../libDaisy//src/hid/disp/display.h ****             for(j = 0; j < font.FontWidth; j++)
 1392              		.loc 14 416 19 view .LVU292
 1393 00a6 0023     		movs	r3, #0
 1394              	.LBB741:
 1395              	.LBB736:
 1396              	.LBB731:
 1397              	.LBB727:
 1398              	.LBB724:
 359:../../libDaisy//src/dev/oled_ssd130x.h ****     }
 1399              		.loc 13 359 42 view .LVU293
 1400 00a8 6FEA0C09 		mvn	r9, ip
 1401 00ac 4244     		add	r2, r2, r8
 1402 00ae 0EE0     		b	.L53
 1403              	.LVL69:
 1404              	.L71:
 359:../../libDaisy//src/dev/oled_ssd130x.h ****     }
 1405              		.loc 13 359 42 view .LVU294
 1406              	.LBE724:
 1407              	.LBE727:
 1408              	.LBE731:
 1409              	.LBE736:
 1410              	.LBE741:
 1411              	.LBB742:
 1412              	.LBI742:
  42:../../libDaisy//src/hid/disp/oled_display.h ****     {
 1413              		.loc 12 42 10 is_stmt 1 view .LVU295
 1414              	.LBB743:
 1415              	.LBI743:
 352:../../libDaisy//src/dev/oled_ssd130x.h ****     {
 1416              		.loc 13 352 10 view .LVU296
 1417              	.LBB744:
 354:../../libDaisy//src/dev/oled_ssd130x.h ****             return;
 1418              		.loc 13 354 9 is_stmt 0 view .LVU297
 1419 00b0 7F29     		cmp	r1, #127
 1420 00b2 07D8     		bhi	.L49
 1421 00b4 BEF13F0F 		cmp	lr, #63
 1422 00b8 04D8     		bhi	.L49
 357:../../libDaisy//src/dev/oled_ssd130x.h ****         else
 1423              		.loc 13 357 42 view .LVU298
 1424 00ba 1578     		ldrb	r5, [r2]	@ zero_extendqisi2
 356:../../libDaisy//src/dev/oled_ssd130x.h ****             buffer_[x + (y / 8) * width] |= (1 << (y % 8));
 1425              		.loc 13 356 9 view .LVU299
 1426 00bc 9FB1     		cbz	r7, .L51
 1427              	.L68:
 356:../../libDaisy//src/dev/oled_ssd130x.h ****             buffer_[x + (y / 8) * width] |= (1 << (y % 8));
 1428              		.loc 13 356 9 view .LVU300
 1429              	.LBE744:
 1430              	.LBE743:
 1431              	.LBE742:
 1432              	.LBB745:
 1433              	.LBB737:
 1434              	.LBB732:
 357:../../libDaisy//src/dev/oled_ssd130x.h ****         else
 1435              		.loc 13 357 42 view .LVU301
 1436 00be 4CEA0505 		orr	r5, ip, r5
 1437 00c2 1570     		strb	r5, [r2]
ARM GAS  C:\Users\kgpol\AppData\Local\Temp\ccIP7kIm.s 			page 61


 1438              	.L49:
 1439              	.LBE732:
 1440              	.LBE737:
 1441              	.LBE745:
 416:../../libDaisy//src/hid/disp/display.h ****             {
 1442              		.loc 14 416 13 is_stmt 1 discriminator 2 view .LVU302
 1443 00c4 0133     		adds	r3, r3, #1
 1444              	.LVL70:
 416:../../libDaisy//src/hid/disp/display.h ****             {
 1445              		.loc 14 416 26 discriminator 2 view .LVU303
 1446 00c6 0132     		adds	r2, r2, #1
 1447 00c8 0131     		adds	r1, r1, #1
 1448 00ca 9C42     		cmp	r4, r3
 1449 00cc 14D0     		beq	.L52
 1450              	.LVL71:
 1451              	.L53:
 418:../../libDaisy//src/hid/disp/display.h ****                 {
 1452              		.loc 14 418 23 is_stmt 0 view .LVU304
 1453 00ce 06FA03F5 		lsl	r5, r6, r3
 418:../../libDaisy//src/hid/disp/display.h ****                 {
 1454              		.loc 14 418 17 view .LVU305
 1455 00d2 2D04     		lsls	r5, r5, #16
 1456 00d4 ECD4     		bmi	.L71
 1457              	.LVL72:
 1458              	.LBB746:
 1459              	.LBI719:
  42:../../libDaisy//src/hid/disp/oled_display.h ****     {
 1460              		.loc 12 42 10 is_stmt 1 view .LVU306
 1461              	.LBB738:
 1462              	.LBI720:
 352:../../libDaisy//src/dev/oled_ssd130x.h ****     {
 1463              		.loc 13 352 10 view .LVU307
 1464              	.LBB733:
 354:../../libDaisy//src/dev/oled_ssd130x.h ****             return;
 1465              		.loc 13 354 9 is_stmt 0 view .LVU308
 1466 00d6 7F29     		cmp	r1, #127
 1467 00d8 F4D8     		bhi	.L49
 1468 00da BEF13F0F 		cmp	lr, #63
 1469 00de F1D8     		bhi	.L49
 357:../../libDaisy//src/dev/oled_ssd130x.h ****         else
 1470              		.loc 13 357 42 view .LVU309
 1471 00e0 1578     		ldrb	r5, [r2]	@ zero_extendqisi2
 356:../../libDaisy//src/dev/oled_ssd130x.h ****             buffer_[x + (y / 8) * width] |= (1 << (y % 8));
 1472              		.loc 13 356 9 view .LVU310
 1473 00e2 002F     		cmp	r7, #0
 1474 00e4 EBD0     		beq	.L68
 1475              	.L51:
 1476              	.LVL73:
 1477              	.LBB728:
 1478              	.LBI722:
 352:../../libDaisy//src/dev/oled_ssd130x.h ****     {
 1479              		.loc 13 352 10 is_stmt 1 view .LVU311
 352:../../libDaisy//src/dev/oled_ssd130x.h ****     {
 1480              		.loc 13 352 10 is_stmt 0 view .LVU312
 1481              	.LBE728:
 1482              	.LBE733:
 1483              	.LBE738:
ARM GAS  C:\Users\kgpol\AppData\Local\Temp\ccIP7kIm.s 			page 62


 1484              	.LBE746:
 416:../../libDaisy//src/hid/disp/display.h ****             {
 1485              		.loc 14 416 13 view .LVU313
 1486 00e6 0133     		adds	r3, r3, #1
 1487              	.LVL74:
 1488              	.LBB747:
 1489              	.LBB739:
 1490              	.LBB734:
 1491              	.LBB729:
 1492              	.LBB725:
 359:../../libDaisy//src/dev/oled_ssd130x.h ****     }
 1493              		.loc 13 359 42 view .LVU314
 1494 00e8 09EA0505 		and	r5, r9, r5
 1495              	.LBE725:
 1496              	.LBE729:
 1497              	.LBE734:
 1498              	.LBE739:
 1499              	.LBE747:
 416:../../libDaisy//src/hid/disp/display.h ****             {
 1500              		.loc 14 416 26 view .LVU315
 1501 00ec 0132     		adds	r2, r2, #1
 1502 00ee 0131     		adds	r1, r1, #1
 1503 00f0 9C42     		cmp	r4, r3
 1504              	.LBB748:
 1505              	.LBB740:
 1506              	.LBB735:
 1507              	.LBB730:
 1508              	.LBB726:
 359:../../libDaisy//src/dev/oled_ssd130x.h ****     }
 1509              		.loc 13 359 42 view .LVU316
 1510 00f2 02F8015C 		strb	r5, [r2, #-1]
 359:../../libDaisy//src/dev/oled_ssd130x.h ****     }
 1511              		.loc 13 359 42 view .LVU317
 1512              	.LBE726:
 1513              	.LBE730:
 1514              	.LBE735:
 1515              	.LBE740:
 1516              	.LBE748:
 416:../../libDaisy//src/hid/disp/display.h ****             {
 1517              		.loc 14 416 13 is_stmt 1 view .LVU318
 1518              	.LVL75:
 416:../../libDaisy//src/hid/disp/display.h ****             {
 1519              		.loc 14 416 26 view .LVU319
 1520 00f6 EAD1     		bne	.L53
 1521              	.LVL76:
 1522              	.L52:
 413:../../libDaisy//src/hid/disp/display.h ****         {
 1523              		.loc 14 413 9 view .LVU320
 413:../../libDaisy//src/hid/disp/display.h ****         {
 1524              		.loc 14 413 22 view .LVU321
 1525 00f8 5845     		cmp	r0, fp
 1526 00fa 0EF1010E 		add	lr, lr, #1
 1527 00fe C0D1     		bne	.L47
 1528              	.LVL77:
 1529              	.L46:
 1530              	.LBB749:
 1531              	.LBB750:
ARM GAS  C:\Users\kgpol\AppData\Local\Temp\ccIP7kIm.s 			page 63


 173:../../libDaisy//src/hid/disp/display.h ****         currentY_ = (y >= Height()) ? Height() - 1 : y;
 1532              		.loc 14 173 33 is_stmt 0 view .LVU322
 1533 0100 D8F80030 		ldr	r3, [r8]
 1534              	.LBE750:
 1535              	.LBE749:
 1536              		.loc 14 434 18 view .LVU323
 1537 0104 5444     		add	r4, r4, r10
 1538 0106 2449     		ldr	r1, .L77
 1539              	.LBB756:
 1540              	.LBB751:
 173:../../libDaisy//src/hid/disp/display.h ****         currentY_ = (y >= Height()) ? Height() - 1 : y;
 1541              		.loc 14 173 33 view .LVU324
 1542 0108 DA68     		ldr	r2, [r3, #12]
 1543              	.LBE751:
 1544              	.LBE756:
 1545              		.loc 14 434 18 view .LVU325
 1546 010a A4B2     		uxth	r4, r4
 1547              	.LVL78:
 1548              	.LBB757:
 1549              	.LBI749:
 171:../../libDaisy//src/hid/disp/display.h ****     {
 1550              		.loc 14 171 10 is_stmt 1 view .LVU326
 1551              	.LBB752:
 173:../../libDaisy//src/hid/disp/display.h ****         currentY_ = (y >= Height()) ? Height() - 1 : y;
 1552              		.loc 14 173 9 view .LVU327
 1553 010c 8A42     		cmp	r2, r1
 1554 010e 2DD1     		bne	.L72
 173:../../libDaisy//src/hid/disp/display.h ****         currentY_ = (y >= Height()) ? Height() - 1 : y;
 1555              		.loc 14 173 33 is_stmt 0 view .LVU328
 1556 0110 8020     		movs	r0, #128
 1557              	.L54:
 173:../../libDaisy//src/hid/disp/display.h ****         currentY_ = (y >= Height()) ? Height() - 1 : y;
 1558              		.loc 14 173 19 view .LVU329
 1559 0112 8442     		cmp	r4, r0
 1560 0114 1CD2     		bcs	.L73
 1561              	.LVL79:
 1562              	.L55:
 174:../../libDaisy//src/hid/disp/display.h ****     }
 1563              		.loc 14 174 34 view .LVU330
 1564 0116 9B68     		ldr	r3, [r3, #8]
 1565 0118 204A     		ldr	r2, .L77+4
 173:../../libDaisy//src/hid/disp/display.h ****         currentY_ = (y >= Height()) ? Height() - 1 : y;
 1566              		.loc 14 173 19 view .LVU331
 1567 011a A8F80440 		strh	r4, [r8, #4]	@ movhi
 174:../../libDaisy//src/hid/disp/display.h ****     }
 1568              		.loc 14 174 9 is_stmt 1 view .LVU332
 1569 011e 9342     		cmp	r3, r2
 1570 0120 21D1     		bne	.L74
 174:../../libDaisy//src/hid/disp/display.h ****     }
 1571              		.loc 14 174 34 is_stmt 0 view .LVU333
 1572 0122 4020     		movs	r0, #64
 1573              	.L57:
 174:../../libDaisy//src/hid/disp/display.h ****     }
 1574              		.loc 14 174 19 view .LVU334
 1575 0124 019B     		ldr	r3, [sp, #4]
 1576 0126 8342     		cmp	r3, r0
 1577 0128 07D3     		bcc	.L58
ARM GAS  C:\Users\kgpol\AppData\Local\Temp\ccIP7kIm.s 			page 64


 174:../../libDaisy//src/hid/disp/display.h ****     }
 1578              		.loc 14 174 46 view .LVU335
 1579 012a D8F80030 		ldr	r3, [r8]
 1580 012e 1B4A     		ldr	r2, .L77+4
 1581 0130 9B68     		ldr	r3, [r3, #8]
 1582 0132 9342     		cmp	r3, r2
 1583 0134 29D1     		bne	.L75
 1584 0136 3F23     		movs	r3, #63
 1585 0138 0193     		str	r3, [sp, #4]
 1586              	.LVL80:
 1587              	.L58:
 174:../../libDaisy//src/hid/disp/display.h ****     }
 1588              		.loc 14 174 19 view .LVU336
 1589 013a DDE90003 		ldrd	r0, r3, [sp]
 1590 013e A8F80630 		strh	r3, [r8, #6]	@ movhi
 1591              	.LVL81:
 174:../../libDaisy//src/hid/disp/display.h ****     }
 1592              		.loc 14 174 19 view .LVU337
 1593              	.LBE752:
 1594              	.LBE757:
 435:../../libDaisy//src/hid/disp/display.h **** 
 436:../../libDaisy//src/hid/disp/display.h ****         // Return written char for validation
 437:../../libDaisy//src/hid/disp/display.h ****         return ch;
 438:../../libDaisy//src/hid/disp/display.h ****     }
 1595              		.loc 14 438 5 view .LVU338
 1596 0142 05B0     		add	sp, sp, #20
 1597              		.cfi_remember_state
 1598              		.cfi_def_cfa_offset 36
 1599              		@ sp needed
 1600 0144 BDE8F08F 		pop	{r4, r5, r6, r7, r8, r9, r10, fp, pc}
 1601              	.LVL82:
 1602              	.L42:
 1603              		.cfi_restore_state
 402:../../libDaisy//src/hid/disp/display.h **** 
 1604              		.loc 14 402 20 view .LVU339
 1605 0148 0020     		movs	r0, #0
 1606              		.loc 14 438 5 view .LVU340
 1607 014a 05B0     		add	sp, sp, #20
 1608              		.cfi_remember_state
 1609              		.cfi_def_cfa_offset 36
 1610              		@ sp needed
 1611 014c BDE8F08F 		pop	{r4, r5, r6, r7, r8, r9, r10, fp, pc}
 1612              	.LVL83:
 1613              	.L73:
 1614              		.cfi_restore_state
 1615              	.LBB758:
 1616              	.LBB753:
 173:../../libDaisy//src/hid/disp/display.h ****         currentY_ = (y >= Height()) ? Height() - 1 : y;
 1617              		.loc 14 173 44 view .LVU341
 1618 0150 DA68     		ldr	r2, [r3, #12]
 1619 0152 1149     		ldr	r1, .L77
 1620 0154 8A42     		cmp	r2, r1
 1621 0156 11D1     		bne	.L76
 1622 0158 7F24     		movs	r4, #127
 1623              	.LVL84:
 173:../../libDaisy//src/hid/disp/display.h ****         currentY_ = (y >= Height()) ? Height() - 1 : y;
 1624              		.loc 14 173 44 view .LVU342
ARM GAS  C:\Users\kgpol\AppData\Local\Temp\ccIP7kIm.s 			page 65


 1625 015a DCE7     		b	.L55
 1626              	.LVL85:
 1627              	.L69:
 173:../../libDaisy//src/hid/disp/display.h ****         currentY_ = (y >= Height()) ? Height() - 1 : y;
 1628              		.loc 14 173 44 view .LVU343
 1629              	.LBE753:
 1630              	.LBE758:
 405:../../libDaisy//src/hid/disp/display.h ****            || Height() < (currentY_ + font.FontHeight))
 1631              		.loc 14 405 17 view .LVU344
 1632 015c 9847     		blx	r3
 1633              	.LVL86:
 405:../../libDaisy//src/hid/disp/display.h ****            || Height() < (currentY_ + font.FontHeight))
 1634              		.loc 14 405 17 view .LVU345
 1635 015e 6AE7     		b	.L41
 1636              	.L70:
 406:../../libDaisy//src/hid/disp/display.h ****         {
 1637              		.loc 14 406 21 discriminator 2 view .LVU346
 1638 0160 4046     		mov	r0, r8
 1639 0162 9847     		blx	r3
 1640              	.LVL87:
 1641 0164 75E7     		b	.L43
 1642              	.LVL88:
 1643              	.L74:
 1644              	.LBB759:
 1645              	.LBB754:
 174:../../libDaisy//src/hid/disp/display.h ****     }
 1646              		.loc 14 174 33 view .LVU347
 1647 0166 4046     		mov	r0, r8
 1648 0168 9847     		blx	r3
 1649              	.LVL89:
 1650 016a DBE7     		b	.L57
 1651              	.LVL90:
 1652              	.L72:
 173:../../libDaisy//src/hid/disp/display.h ****         currentY_ = (y >= Height()) ? Height() - 1 : y;
 1653              		.loc 14 173 32 view .LVU348
 1654 016c 4046     		mov	r0, r8
 1655 016e 9047     		blx	r2
 1656              	.LVL91:
 173:../../libDaisy//src/hid/disp/display.h ****         currentY_ = (y >= Height()) ? Height() - 1 : y;
 1657              		.loc 14 173 44 view .LVU349
 1658 0170 D8F80030 		ldr	r3, [r8]
 1659 0174 CDE7     		b	.L54
 1660              	.LVL92:
 1661              	.L44:
 173:../../libDaisy//src/hid/disp/display.h ****         currentY_ = (y >= Height()) ? Height() - 1 : y;
 1662              		.loc 14 173 44 view .LVU350
 1663              	.LBE754:
 1664              	.LBE759:
 434:../../libDaisy//src/hid/disp/display.h **** 
 1665              		.loc 14 434 19 view .LVU351
 1666 0176 B8F804A0 		ldrh	r10, [r8, #4]
 1667 017a C1E7     		b	.L46
 1668              	.LVL93:
 1669              	.L76:
 1670              	.LBB760:
 1671              	.LBB755:
 173:../../libDaisy//src/hid/disp/display.h ****         currentY_ = (y >= Height()) ? Height() - 1 : y;
ARM GAS  C:\Users\kgpol\AppData\Local\Temp\ccIP7kIm.s 			page 66


 1672              		.loc 14 173 43 view .LVU352
 1673 017c 4046     		mov	r0, r8
 1674 017e 9047     		blx	r2
 1675              	.LVL94:
 173:../../libDaisy//src/hid/disp/display.h ****         currentY_ = (y >= Height()) ? Height() - 1 : y;
 1676              		.loc 14 173 19 view .LVU353
 1677 0180 0138     		subs	r0, r0, #1
 174:../../libDaisy//src/hid/disp/display.h ****     }
 1678              		.loc 14 174 34 view .LVU354
 1679 0182 D8F80030 		ldr	r3, [r8]
 173:../../libDaisy//src/hid/disp/display.h ****         currentY_ = (y >= Height()) ? Height() - 1 : y;
 1680              		.loc 14 173 19 view .LVU355
 1681 0186 84B2     		uxth	r4, r0
 1682              	.LVL95:
 173:../../libDaisy//src/hid/disp/display.h ****         currentY_ = (y >= Height()) ? Height() - 1 : y;
 1683              		.loc 14 173 19 view .LVU356
 1684 0188 C5E7     		b	.L55
 1685              	.L75:
 174:../../libDaisy//src/hid/disp/display.h ****     }
 1686              		.loc 14 174 45 view .LVU357
 1687 018a 4046     		mov	r0, r8
 1688 018c 9847     		blx	r3
 1689              	.LVL96:
 174:../../libDaisy//src/hid/disp/display.h ****     }
 1690              		.loc 14 174 19 view .LVU358
 1691 018e 0138     		subs	r0, r0, #1
 1692 0190 83B2     		uxth	r3, r0
 1693 0192 0193     		str	r3, [sp, #4]
 1694              	.LVL97:
 174:../../libDaisy//src/hid/disp/display.h ****     }
 1695              		.loc 14 174 19 view .LVU359
 1696 0194 D1E7     		b	.L58
 1697              	.L78:
 1698 0196 00BF     		.align	2
 1699              	.L77:
 1700 0198 00000000 		.word	_ZNK5daisy11OledDisplayINS_13SSD130xDriverILj128ELj64ENS_24SSD130x4WireSpiTransportEEEE5Widt
 1701 019c 00000000 		.word	_ZNK5daisy11OledDisplayINS_13SSD130xDriverILj128ELj64ENS_24SSD130x4WireSpiTransportEEEE6Heig
 1702              	.LBE755:
 1703              	.LBE760:
 1704              		.cfi_endproc
 1705              	.LFE5182:
 1707              		.section	.text._ZN5daisy11OledDisplayINS_13SSD130xDriverILj128ELj64ENS_24SSD130x4WireSpiTransportE
 1708              		.align	1
 1709              		.p2align 2,,3
 1710              		.weak	_ZN5daisy11OledDisplayINS_13SSD130xDriverILj128ELj64ENS_24SSD130x4WireSpiTransportEEEE9DrawP
 1711              		.syntax unified
 1712              		.thumb
 1713              		.thumb_func
 1714              		.fpu fpv5-d16
 1716              	_ZN5daisy11OledDisplayINS_13SSD130xDriverILj128ELj64ENS_24SSD130x4WireSpiTransportEEEE9DrawPixelEjj
 1717              	.LVL98:
 1718              	.LFB5225:
  42:../../libDaisy//src/hid/disp/oled_display.h ****     {
 1719              		.loc 12 42 10 is_stmt 1 view -0
 1720              		.cfi_startproc
 1721              		@ args = 0, pretend = 0, frame = 0
 1722              		@ frame_needed = 0, uses_anonymous_args = 0
ARM GAS  C:\Users\kgpol\AppData\Local\Temp\ccIP7kIm.s 			page 67


 1723              		@ link register save eliminated.
 1724              	.LBB765:
 1725              	.LBI765:
 352:../../libDaisy//src/dev/oled_ssd130x.h ****     {
 1726              		.loc 13 352 10 view .LVU361
 1727              	.LBB766:
 354:../../libDaisy//src/dev/oled_ssd130x.h ****             return;
 1728              		.loc 13 354 9 is_stmt 0 view .LVU362
 1729 0000 7F29     		cmp	r1, #127
 1730 0002 1ED8     		bhi	.L79
 1731 0004 3F2A     		cmp	r2, #63
 1732 0006 1CD8     		bhi	.L79
 356:../../libDaisy//src/dev/oled_ssd130x.h ****             buffer_[x + (y / 8) * width] |= (1 << (y % 8));
 1733              		.loc 13 356 9 view .LVU363
 1734 0008 6BB1     		cbz	r3, .L81
 357:../../libDaisy//src/dev/oled_ssd130x.h ****         else
 1735              		.loc 13 357 28 view .LVU364
 1736 000a D308     		lsrs	r3, r2, #3
 1737              	.LVL99:
 357:../../libDaisy//src/dev/oled_ssd130x.h ****         else
 1738              		.loc 13 357 48 view .LVU365
 1739 000c 4FF0010C 		mov	ip, #1
 357:../../libDaisy//src/dev/oled_ssd130x.h ****         else
 1740              		.loc 13 357 54 view .LVU366
 1741 0010 02F00702 		and	r2, r2, #7
 1742              	.LVL100:
 357:../../libDaisy//src/dev/oled_ssd130x.h ****         else
 1743              		.loc 13 357 42 view .LVU367
 1744 0014 01EBC313 		add	r3, r1, r3, lsl #7
 357:../../libDaisy//src/dev/oled_ssd130x.h ****         else
 1745              		.loc 13 357 48 view .LVU368
 1746 0018 0CFA02F2 		lsl	r2, ip, r2
 357:../../libDaisy//src/dev/oled_ssd130x.h ****         else
 1747              		.loc 13 357 42 view .LVU369
 1748 001c C118     		adds	r1, r0, r3
 1749              	.LVL101:
 357:../../libDaisy//src/dev/oled_ssd130x.h ****         else
 1750              		.loc 13 357 42 view .LVU370
 1751 001e 0B7D     		ldrb	r3, [r1, #20]	@ zero_extendqisi2
 1752 0020 1A43     		orrs	r2, r2, r3
 1753 0022 0A75     		strb	r2, [r1, #20]
 1754 0024 7047     		bx	lr
 1755              	.LVL102:
 1756              	.L81:
 1757              	.LBB767:
 1758              	.LBI767:
 352:../../libDaisy//src/dev/oled_ssd130x.h ****     {
 1759              		.loc 13 352 10 is_stmt 1 view .LVU371
 1760              	.LBB768:
 359:../../libDaisy//src/dev/oled_ssd130x.h ****     }
 1761              		.loc 13 359 28 is_stmt 0 view .LVU372
 1762 0026 D308     		lsrs	r3, r2, #3
 1763              	.LVL103:
 359:../../libDaisy//src/dev/oled_ssd130x.h ****     }
 1764              		.loc 13 359 49 view .LVU373
 1765 0028 4FF0010C 		mov	ip, #1
 359:../../libDaisy//src/dev/oled_ssd130x.h ****     }
ARM GAS  C:\Users\kgpol\AppData\Local\Temp\ccIP7kIm.s 			page 68


 1766              		.loc 13 359 55 view .LVU374
 1767 002c 02F00702 		and	r2, r2, #7
 1768              	.LVL104:
 359:../../libDaisy//src/dev/oled_ssd130x.h ****     }
 1769              		.loc 13 359 42 view .LVU375
 1770 0030 01EBC313 		add	r3, r1, r3, lsl #7
 359:../../libDaisy//src/dev/oled_ssd130x.h ****     }
 1771              		.loc 13 359 49 view .LVU376
 1772 0034 0CFA02FC 		lsl	ip, ip, r2
 359:../../libDaisy//src/dev/oled_ssd130x.h ****     }
 1773              		.loc 13 359 42 view .LVU377
 1774 0038 C118     		adds	r1, r0, r3
 1775              	.LVL105:
 359:../../libDaisy//src/dev/oled_ssd130x.h ****     }
 1776              		.loc 13 359 42 view .LVU378
 1777 003a 0A7D     		ldrb	r2, [r1, #20]	@ zero_extendqisi2
 1778 003c 22EA0C02 		bic	r2, r2, ip
 1779 0040 0A75     		strb	r2, [r1, #20]
 1780              	.LVL106:
 1781              	.L79:
 359:../../libDaisy//src/dev/oled_ssd130x.h ****     }
 1782              		.loc 13 359 42 view .LVU379
 1783              	.LBE768:
 1784              	.LBE767:
 1785              	.LBE766:
 1786              	.LBE765:
  45:../../libDaisy//src/hid/disp/oled_display.h **** 
 1787              		.loc 12 45 5 view .LVU380
 1788 0042 7047     		bx	lr
 1789              		.cfi_endproc
 1790              	.LFE5225:
 1792              		.section	.text._ZN5daisy25OneBitGraphicsDisplayImplINS_11OledDisplayINS_13SSD130xDriverILj128ELj64
 1793              		.align	1
 1794              		.p2align 2,,3
 1795              		.weak	_ZN5daisy25OneBitGraphicsDisplayImplINS_11OledDisplayINS_13SSD130xDriverILj128ELj64ENS_24SSD
 1796              		.syntax unified
 1797              		.thumb
 1798              		.thumb_func
 1799              		.fpu fpv5-d16
 1801              	_ZN5daisy25OneBitGraphicsDisplayImplINS_11OledDisplayINS_13SSD130xDriverILj128ELj64ENS_24SSD130x4Wi
 1802              	.LVL107:
 1803              	.LFB5335:
 221:../../libDaisy//src/hid/disp/display.h ****                   uint_fast8_t y1,
 1804              		.loc 14 221 10 is_stmt 1 view -0
 1805              		.cfi_startproc
 1806              		@ args = 8, pretend = 0, frame = 8
 1807              		@ frame_needed = 0, uses_anonymous_args = 0
 221:../../libDaisy//src/hid/disp/display.h ****                   uint_fast8_t y1,
 1808              		.loc 14 221 10 is_stmt 0 view .LVU382
 1809 0000 2DE9F04F 		push	{r4, r5, r6, r7, r8, r9, r10, fp, lr}
 1810              		.cfi_def_cfa_offset 36
 1811              		.cfi_offset 4, -36
 1812              		.cfi_offset 5, -32
 1813              		.cfi_offset 6, -28
 1814              		.cfi_offset 7, -24
 1815              		.cfi_offset 8, -20
 1816              		.cfi_offset 9, -16
ARM GAS  C:\Users\kgpol\AppData\Local\Temp\ccIP7kIm.s 			page 69


 1817              		.cfi_offset 10, -12
 1818              		.cfi_offset 11, -8
 1819              		.cfi_offset 14, -4
 1820 0004 83B0     		sub	sp, sp, #12
 1821              		.cfi_def_cfa_offset 48
 227:../../libDaisy//src/hid/disp/display.h ****         int_fast16_t deltaY = abs((int_fast16_t)y2 - (int_fast16_t)y1);
 1822              		.loc 14 227 52 view .LVU383
 1823 0006 5C1A     		subs	r4, r3, r1
 221:../../libDaisy//src/hid/disp/display.h ****                   uint_fast8_t y1,
 1824              		.loc 14 221 10 view .LVU384
 1825 0008 0C9E     		ldr	r6, [sp, #48]
 227:../../libDaisy//src/hid/disp/display.h ****         int_fast16_t deltaY = abs((int_fast16_t)y2 - (int_fast16_t)y1);
 1826              		.loc 14 227 22 view .LVU385
 1827 000a 002C     		cmp	r4, #0
 221:../../libDaisy//src/hid/disp/display.h ****                   uint_fast8_t y1,
 1828              		.loc 14 221 10 view .LVU386
 1829 000c 9DF83490 		ldrb	r9, [sp, #52]	@ zero_extendqisi2
 228:../../libDaisy//src/hid/disp/display.h ****         int_fast16_t signX  = ((x1 < x2) ? 1 : -1);
 1830              		.loc 14 228 52 view .LVU387
 1831 0010 A6EB0208 		sub	r8, r6, r2
 227:../../libDaisy//src/hid/disp/display.h ****         int_fast16_t deltaY = abs((int_fast16_t)y2 - (int_fast16_t)y1);
 1832              		.loc 14 227 22 view .LVU388
 1833 0014 B8BF     		it	lt
 1834 0016 6442     		rsblt	r4, r4, #0
 1835              	.LVL108:
 228:../../libDaisy//src/hid/disp/display.h ****         int_fast16_t signX  = ((x1 < x2) ? 1 : -1);
 1836              		.loc 14 228 22 view .LVU389
 1837 0018 B8F1000F 		cmp	r8, #0
 1838 001c B8BF     		it	lt
 1839 001e C8F10008 		rsblt	r8, r8, #0
 1840              	.LVL109:
 229:../../libDaisy//src/hid/disp/display.h ****         int_fast16_t signY  = ((y1 < y2) ? 1 : -1);
 1841              		.loc 14 229 42 view .LVU390
 1842 0022 8B42     		cmp	r3, r1
 1843 0024 8CBF     		ite	hi
 1844 0026 4FF0010A 		movhi	r10, #1
 1845 002a 4FF0FF3A 		movls	r10, #-1
 1846              	.LVL110:
 230:../../libDaisy//src/hid/disp/display.h ****         int_fast16_t error  = deltaX - deltaY;
 1847              		.loc 14 230 42 view .LVU391
 1848 002e 9642     		cmp	r6, r2
 231:../../libDaisy//src/hid/disp/display.h ****         int_fast16_t error2;
 1849              		.loc 14 231 22 view .LVU392
 1850 0030 A4EB080C 		sub	ip, r4, r8
 230:../../libDaisy//src/hid/disp/display.h ****         int_fast16_t error  = deltaX - deltaY;
 1851              		.loc 14 230 42 view .LVU393
 1852 0034 51D8     		bhi	.L84
 1853              	.LVL111:
 1854              	.LBB785:
 1855              	.LBI785:
  42:../../libDaisy//src/hid/disp/oled_display.h ****     {
 1856              		.loc 12 42 10 is_stmt 1 discriminator 4 view .LVU394
 1857              	.LBB786:
 1858              	.LBI786:
 352:../../libDaisy//src/dev/oled_ssd130x.h ****     {
 1859              		.loc 13 352 10 discriminator 4 view .LVU395
 1860              	.LBE786:
ARM GAS  C:\Users\kgpol\AppData\Local\Temp\ccIP7kIm.s 			page 70


 1861              	.LBE785:
 230:../../libDaisy//src/hid/disp/display.h ****         int_fast16_t error  = deltaX - deltaY;
 1862              		.loc 14 230 42 is_stmt 0 discriminator 4 view .LVU396
 1863 0036 4FF0FF35 		mov	r5, #-1
 1864              	.LBB802:
 1865              	.LBB796:
 1866              	.LBB787:
 354:../../libDaisy//src/dev/oled_ssd130x.h ****             return;
 1867              		.loc 13 354 9 discriminator 4 view .LVU397
 1868 003a 7F2B     		cmp	r3, #127
 1869              	.LBE787:
 1870              	.LBE796:
 1871              	.LBE802:
 230:../../libDaisy//src/hid/disp/display.h ****         int_fast16_t error  = deltaX - deltaY;
 1872              		.loc 14 230 42 discriminator 4 view .LVU398
 1873 003c 0195     		str	r5, [sp, #4]
 1874              	.LBB803:
 1875              	.LBB797:
 1876              	.LBB792:
 354:../../libDaisy//src/dev/oled_ssd130x.h ****             return;
 1877              		.loc 13 354 9 discriminator 4 view .LVU399
 1878 003e 12D8     		bhi	.L85
 1879 0040 3F2E     		cmp	r6, #63
 1880 0042 10D8     		bhi	.L85
 1881              	.LVL112:
 1882              	.L96:
 357:../../libDaisy//src/dev/oled_ssd130x.h ****         else
 1883              		.loc 13 357 28 view .LVU400
 1884 0044 F508     		lsrs	r5, r6, #3
 357:../../libDaisy//src/dev/oled_ssd130x.h ****         else
 1885              		.loc 13 357 54 view .LVU401
 1886 0046 06F0070E 		and	lr, r6, #7
 357:../../libDaisy//src/dev/oled_ssd130x.h ****         else
 1887              		.loc 13 357 48 view .LVU402
 1888 004a 0127     		movs	r7, #1
 357:../../libDaisy//src/dev/oled_ssd130x.h ****         else
 1889              		.loc 13 357 42 view .LVU403
 1890 004c 03EBC515 		add	r5, r3, r5, lsl #7
 1891 0050 0544     		add	r5, r5, r0
 356:../../libDaisy//src/dev/oled_ssd130x.h ****             buffer_[x + (y / 8) * width] |= (1 << (y % 8));
 1892              		.loc 13 356 9 view .LVU404
 1893 0052 B9F1000F 		cmp	r9, #0
 1894 0056 47D0     		beq	.L86
 357:../../libDaisy//src/dev/oled_ssd130x.h ****         else
 1895              		.loc 13 357 48 view .LVU405
 1896 0058 07FA0EF7 		lsl	r7, r7, lr
 357:../../libDaisy//src/dev/oled_ssd130x.h ****         else
 1897              		.loc 13 357 42 view .LVU406
 1898 005c 95F814E0 		ldrb	lr, [r5, #20]	@ zero_extendqisi2
 1899 0060 47EA0E07 		orr	r7, r7, lr
 1900 0064 2F75     		strb	r7, [r5, #20]
 1901              	.LVL113:
 1902              	.L85:
 357:../../libDaisy//src/dev/oled_ssd130x.h ****         else
 1903              		.loc 13 357 42 view .LVU407
 1904              	.LBE792:
 1905              	.LBE797:
ARM GAS  C:\Users\kgpol\AppData\Local\Temp\ccIP7kIm.s 			page 71


 1906              	.LBE803:
 239:../../libDaisy//src/hid/disp/display.h ****         {
 1907              		.loc 14 239 26 is_stmt 1 view .LVU408
 1908 0066 9642     		cmp	r6, r2
 1909 0068 01D1     		bne	.L89
 1910              	.L108:
 239:../../libDaisy//src/hid/disp/display.h ****         {
 1911              		.loc 14 239 26 is_stmt 0 view .LVU409
 1912 006a 8B42     		cmp	r3, r1
 1913 006c 29D0     		beq	.L82
 1914              	.L89:
 1915              	.LVL114:
 243:../../libDaisy//src/hid/disp/display.h ****             {
 1916              		.loc 14 243 23 view .LVU410
 1917 006e C8F10007 		rsb	r7, r8, #0
 1918              	.L91:
 1919              	.LVL115:
 1920              	.LBB804:
 1921              	.LBI804:
  42:../../libDaisy//src/hid/disp/oled_display.h ****     {
 1922              		.loc 12 42 10 is_stmt 1 view .LVU411
 1923              	.LBB805:
 1924              	.LBI805:
 352:../../libDaisy//src/dev/oled_ssd130x.h ****     {
 1925              		.loc 13 352 10 view .LVU412
 1926              	.LBB806:
 354:../../libDaisy//src/dev/oled_ssd130x.h ****             return;
 1927              		.loc 13 354 9 is_stmt 0 view .LVU413
 1928 0072 7F29     		cmp	r1, #127
 1929 0074 14D8     		bhi	.L92
 1930 0076 3F2A     		cmp	r2, #63
 1931 0078 12D8     		bhi	.L92
 357:../../libDaisy//src/dev/oled_ssd130x.h ****         else
 1932              		.loc 13 357 28 view .LVU414
 1933 007a D508     		lsrs	r5, r2, #3
 357:../../libDaisy//src/dev/oled_ssd130x.h ****         else
 1934              		.loc 13 357 54 view .LVU415
 1935 007c 02F0070B 		and	fp, r2, #7
 357:../../libDaisy//src/dev/oled_ssd130x.h ****         else
 1936              		.loc 13 357 48 view .LVU416
 1937 0080 4FF0010E 		mov	lr, #1
 357:../../libDaisy//src/dev/oled_ssd130x.h ****         else
 1938              		.loc 13 357 42 view .LVU417
 1939 0084 01EBC515 		add	r5, r1, r5, lsl #7
 1940 0088 0544     		add	r5, r5, r0
 356:../../libDaisy//src/dev/oled_ssd130x.h ****             buffer_[x + (y / 8) * width] |= (1 << (y % 8));
 1941              		.loc 13 356 9 view .LVU418
 1942 008a B9F1000F 		cmp	r9, #0
 1943 008e 1BD0     		beq	.L93
 357:../../libDaisy//src/dev/oled_ssd130x.h ****         else
 1944              		.loc 13 357 48 view .LVU419
 1945 0090 0EFA0BFE 		lsl	lr, lr, fp
 357:../../libDaisy//src/dev/oled_ssd130x.h ****         else
 1946              		.loc 13 357 42 view .LVU420
 1947 0094 95F814B0 		ldrb	fp, [r5, #20]	@ zero_extendqisi2
 1948 0098 4EEA0B0E 		orr	lr, lr, fp
 1949 009c 85F814E0 		strb	lr, [r5, #20]
ARM GAS  C:\Users\kgpol\AppData\Local\Temp\ccIP7kIm.s 			page 72


 1950              	.L92:
 1951              	.LVL116:
 357:../../libDaisy//src/dev/oled_ssd130x.h ****         else
 1952              		.loc 13 357 42 view .LVU421
 1953              	.LBE806:
 1954              	.LBE805:
 1955              	.LBE804:
 243:../../libDaisy//src/hid/disp/display.h ****             {
 1956              		.loc 14 243 13 view .LVU422
 1957 00a0 B7EB4C0F 		cmp	r7, ip, lsl #1
 242:../../libDaisy//src/hid/disp/display.h ****             if(error2 > -deltaY)
 1958              		.loc 14 242 20 view .LVU423
 1959 00a4 4FEA4C05 		lsl	r5, ip, #1
 1960              	.LVL117:
 243:../../libDaisy//src/hid/disp/display.h ****             {
 1961              		.loc 14 243 13 view .LVU424
 1962 00a8 02DA     		bge	.L94
 245:../../libDaisy//src/hid/disp/display.h ****                 x1 += signX;
 1963              		.loc 14 245 23 view .LVU425
 1964 00aa ACEB080C 		sub	ip, ip, r8
 1965              	.LVL118:
 246:../../libDaisy//src/hid/disp/display.h ****             }
 1966              		.loc 14 246 20 view .LVU426
 1967 00ae 5144     		add	r1, r1, r10
 1968              	.LVL119:
 1969              	.L94:
 249:../../libDaisy//src/hid/disp/display.h ****             {
 1970              		.loc 14 249 13 view .LVU427
 1971 00b0 AC42     		cmp	r4, r5
 1972 00b2 02DD     		ble	.L95
 252:../../libDaisy//src/hid/disp/display.h ****             }
 1973              		.loc 14 252 20 view .LVU428
 1974 00b4 019D     		ldr	r5, [sp, #4]
 1975              	.LVL120:
 251:../../libDaisy//src/hid/disp/display.h ****                 y1 += signY;
 1976              		.loc 14 251 23 view .LVU429
 1977 00b6 A444     		add	ip, ip, r4
 1978              	.LVL121:
 252:../../libDaisy//src/hid/disp/display.h ****             }
 1979              		.loc 14 252 20 view .LVU430
 1980 00b8 2A44     		add	r2, r2, r5
 1981              	.LVL122:
 1982              	.L95:
 239:../../libDaisy//src/hid/disp/display.h ****         {
 1983              		.loc 14 239 26 is_stmt 1 view .LVU431
 1984 00ba 9942     		cmp	r1, r3
 1985 00bc D9D1     		bne	.L91
 239:../../libDaisy//src/hid/disp/display.h ****         {
 1986              		.loc 14 239 26 is_stmt 0 view .LVU432
 1987 00be 9642     		cmp	r6, r2
 1988 00c0 D7D1     		bne	.L91
 1989              	.L82:
 255:../../libDaisy//src/hid/disp/display.h **** 
 1990              		.loc 14 255 5 view .LVU433
 1991 00c2 03B0     		add	sp, sp, #12
 1992              		.cfi_remember_state
 1993              		.cfi_def_cfa_offset 36
ARM GAS  C:\Users\kgpol\AppData\Local\Temp\ccIP7kIm.s 			page 73


 1994              		@ sp needed
 1995 00c4 BDE8F08F 		pop	{r4, r5, r6, r7, r8, r9, r10, fp, pc}
 1996              	.LVL123:
 1997              	.L93:
 1998              		.cfi_restore_state
 1999              	.LBB811:
 2000              	.LBB810:
 2001              	.LBB809:
 2002              	.LBB807:
 2003              	.LBI807:
 352:../../libDaisy//src/dev/oled_ssd130x.h ****     {
 2004              		.loc 13 352 10 is_stmt 1 view .LVU434
 2005              	.LBB808:
 359:../../libDaisy//src/dev/oled_ssd130x.h ****     }
 2006              		.loc 13 359 49 is_stmt 0 view .LVU435
 2007 00c8 0EFA0BFB 		lsl	fp, lr, fp
 359:../../libDaisy//src/dev/oled_ssd130x.h ****     }
 2008              		.loc 13 359 42 view .LVU436
 2009 00cc 95F814E0 		ldrb	lr, [r5, #20]	@ zero_extendqisi2
 2010 00d0 2EEA0B0E 		bic	lr, lr, fp
 2011 00d4 85F814E0 		strb	lr, [r5, #20]
 2012 00d8 E2E7     		b	.L92
 2013              	.LVL124:
 2014              	.L84:
 359:../../libDaisy//src/dev/oled_ssd130x.h ****     }
 2015              		.loc 13 359 42 view .LVU437
 2016              	.LBE808:
 2017              	.LBE807:
 2018              	.LBE809:
 2019              	.LBE810:
 2020              	.LBE811:
 2021              	.LBB812:
  42:../../libDaisy//src/hid/disp/oled_display.h ****     {
 2022              		.loc 12 42 10 is_stmt 1 view .LVU438
 2023              	.LBB798:
 352:../../libDaisy//src/dev/oled_ssd130x.h ****     {
 2024              		.loc 13 352 10 view .LVU439
 2025              	.LBE798:
 2026              	.LBE812:
 230:../../libDaisy//src/hid/disp/display.h ****         int_fast16_t error  = deltaX - deltaY;
 2027              		.loc 14 230 42 is_stmt 0 view .LVU440
 2028 00da 0125     		movs	r5, #1
 2029              	.LBB813:
 2030              	.LBB799:
 2031              	.LBB793:
 354:../../libDaisy//src/dev/oled_ssd130x.h ****             return;
 2032              		.loc 13 354 9 view .LVU441
 2033 00dc 7F2B     		cmp	r3, #127
 2034              	.LBE793:
 2035              	.LBE799:
 2036              	.LBE813:
 230:../../libDaisy//src/hid/disp/display.h ****         int_fast16_t error  = deltaX - deltaY;
 2037              		.loc 14 230 42 view .LVU442
 2038 00de 0195     		str	r5, [sp, #4]
 2039              	.LBB814:
 2040              	.LBB800:
 2041              	.LBB794:
ARM GAS  C:\Users\kgpol\AppData\Local\Temp\ccIP7kIm.s 			page 74


 354:../../libDaisy//src/dev/oled_ssd130x.h ****             return;
 2042              		.loc 13 354 9 view .LVU443
 2043 00e0 C5D8     		bhi	.L89
 2044 00e2 3F2E     		cmp	r6, #63
 2045 00e4 AED9     		bls	.L96
 2046 00e6 C2E7     		b	.L89
 2047              	.LVL125:
 2048              	.L86:
 2049              	.LBB788:
 2050              	.LBI788:
 352:../../libDaisy//src/dev/oled_ssd130x.h ****     {
 2051              		.loc 13 352 10 is_stmt 1 view .LVU444
 2052              	.LBB789:
 359:../../libDaisy//src/dev/oled_ssd130x.h ****     }
 2053              		.loc 13 359 49 is_stmt 0 view .LVU445
 2054 00e8 07FA0EFE 		lsl	lr, r7, lr
 359:../../libDaisy//src/dev/oled_ssd130x.h ****     }
 2055              		.loc 13 359 42 view .LVU446
 2056 00ec 2F7D     		ldrb	r7, [r5, #20]	@ zero_extendqisi2
 2057              	.LBE789:
 2058              	.LBE788:
 2059              	.LBE794:
 2060              	.LBE800:
 2061              	.LBE814:
 239:../../libDaisy//src/hid/disp/display.h ****         {
 2062              		.loc 14 239 26 view .LVU447
 2063 00ee 9642     		cmp	r6, r2
 2064              	.LBB815:
 2065              	.LBB801:
 2066              	.LBB795:
 2067              	.LBB791:
 2068              	.LBB790:
 359:../../libDaisy//src/dev/oled_ssd130x.h ****     }
 2069              		.loc 13 359 42 view .LVU448
 2070 00f0 27EA0E07 		bic	r7, r7, lr
 2071 00f4 2F75     		strb	r7, [r5, #20]
 2072              	.LVL126:
 359:../../libDaisy//src/dev/oled_ssd130x.h ****     }
 2073              		.loc 13 359 42 view .LVU449
 2074              	.LBE790:
 2075              	.LBE791:
 2076              	.LBE795:
 2077              	.LBE801:
 2078              	.LBE815:
 239:../../libDaisy//src/hid/disp/display.h ****         {
 2079              		.loc 14 239 26 is_stmt 1 view .LVU450
 2080 00f6 B8D0     		beq	.L108
 2081 00f8 B9E7     		b	.L89
 2082              		.cfi_endproc
 2083              	.LFE5335:
 2085 00fa 00BF     		.section	.text._ZN5daisy25OneBitGraphicsDisplayImplINS_11OledDisplayINS_13SSD130xDriverILj128ELj64
 2086              		.align	1
 2087              		.p2align 2,,3
 2088              		.weak	_ZN5daisy25OneBitGraphicsDisplayImplINS_11OledDisplayINS_13SSD130xDriverILj128ELj64ENS_24SSD
 2089              		.syntax unified
 2090              		.thumb
 2091              		.thumb_func
ARM GAS  C:\Users\kgpol\AppData\Local\Temp\ccIP7kIm.s 			page 75


 2092              		.fpu fpv5-d16
 2094              	_ZN5daisy25OneBitGraphicsDisplayImplINS_11OledDisplayINS_13SSD130xDriverILj128ELj64ENS_24SSD130x4Wi
 2095              	.LVL127:
 2096              	.LFB5337:
 283:../../libDaisy//src/hid/disp/display.h ****                  uint_fast8_t y,
 2097              		.loc 14 283 10 view -0
 2098              		.cfi_startproc
 2099              		@ args = 12, pretend = 0, frame = 8
 2100              		@ frame_needed = 0, uses_anonymous_args = 0
 283:../../libDaisy//src/hid/disp/display.h ****                  uint_fast8_t y,
 2101              		.loc 14 283 10 is_stmt 0 view .LVU452
 2102 0000 2DE9F04F 		push	{r4, r5, r6, r7, r8, r9, r10, fp, lr}
 2103              		.cfi_def_cfa_offset 36
 2104              		.cfi_offset 4, -36
 2105              		.cfi_offset 5, -32
 2106              		.cfi_offset 6, -28
 2107              		.cfi_offset 7, -24
 2108              		.cfi_offset 8, -20
 2109              		.cfi_offset 9, -16
 2110              		.cfi_offset 10, -12
 2111              		.cfi_offset 11, -8
 2112              		.cfi_offset 14, -4
 2113 0004 2DED068B 		vpush.64	{d8, d9, d10}
 2114              		.cfi_def_cfa_offset 60
 2115              		.cfi_offset 80, -60
 2116              		.cfi_offset 81, -56
 2117              		.cfi_offset 82, -52
 2118              		.cfi_offset 83, -48
 2119              		.cfi_offset 84, -44
 2120              		.cfi_offset 85, -40
 2121 0008 83B0     		sub	sp, sp, #12
 2122              		.cfi_def_cfa_offset 72
 283:../../libDaisy//src/hid/disp/display.h ****                  uint_fast8_t y,
 2123              		.loc 14 283 10 view .LVU453
 2124 000a 1F46     		mov	r7, r3
 2125 000c 8046     		mov	r8, r0
 2126 000e 0D46     		mov	r5, r1
 2127 0010 9DF85030 		ldrb	r3, [sp, #80]	@ zero_extendqisi2
 2128              	.LVL128:
 283:../../libDaisy//src/hid/disp/display.h ****                  uint_fast8_t y,
 2129              		.loc 14 283 10 view .LVU454
 2130 0014 1646     		mov	r6, r2
 2131 0016 0193     		str	r3, [sp, #4]
 306:../../libDaisy//src/hid/disp/display.h ****         {
 2132              		.loc 14 306 9 view .LVU455
 2133 0018 139B     		ldr	r3, [sp, #76]
 2134 001a 002B     		cmp	r3, #0
 2135 001c C0F22182 		blt	.L110
 313:../../libDaisy//src/hid/disp/display.h **** 
 2136              		.loc 14 313 27 view .LVU456
 2137 0020 129A     		ldr	r2, [sp, #72]
 2138              	.LVL129:
 313:../../libDaisy//src/hid/disp/display.h **** 
 2139              		.loc 14 313 27 view .LVU457
 2140 0022 1344     		add	r3, r3, r2
 2141 0024 06EE103A 		vmov	s12, r3	@ int
 2142              	.LVL130:
ARM GAS  C:\Users\kgpol\AppData\Local\Temp\ccIP7kIm.s 			page 76


 2143              	.L111:
 312:../../libDaisy//src/hid/disp/display.h ****         end_angle_rad   = deg2rad(start_angle + sweep);
 2144              		.loc 14 312 27 view .LVU458
 2145 0028 DDED127A 		vldr.32	s15, [sp, #72]	@ int
 313:../../libDaisy//src/hid/disp/display.h **** 
 2146              		.loc 14 313 27 view .LVU459
 2147 002c B8EEC66B 		vcvt.f64.s32	d6, s12
 312:../../libDaisy//src/hid/disp/display.h ****         end_angle_rad   = deg2rad(start_angle + sweep);
 2148              		.loc 14 312 27 view .LVU460
 2149 0030 9FEDCD4B 		vldr.64	d4, .L186
 2150 0034 B8EEE77B 		vcvt.f64.s32	d7, s15
 2151 0038 9FEDCD5B 		vldr.64	d5, .L186+8
 2152 003c 27EE047B 		vmul.f64	d7, d7, d4
 313:../../libDaisy//src/hid/disp/display.h **** 
 2153              		.loc 14 313 27 view .LVU461
 2154 0040 26EE046B 		vmul.f64	d6, d6, d4
 312:../../libDaisy//src/hid/disp/display.h ****         end_angle_rad   = deg2rad(start_angle + sweep);
 2155              		.loc 14 312 27 view .LVU462
 2156 0044 87EE050B 		vdiv.f64	d0, d7, d5
 313:../../libDaisy//src/hid/disp/display.h **** 
 2157              		.loc 14 313 27 view .LVU463
 2158 0048 86EE05AB 		vdiv.f64	d10, d6, d5
 312:../../libDaisy//src/hid/disp/display.h ****         end_angle_rad   = deg2rad(start_angle + sweep);
 2159              		.loc 14 312 25 view .LVU464
 2160 004c F7EEC08B 		vcvt.f32.f64	s17, d0
 2161              	.LVL131:
 2162              	.LBB848:
 2163              	.LBB849:
 2164              		.file 17 "c:\\program files\\daisytoolchain\\arm-none-eabi\\include\\c++\\10.2.1\\cmath"
   1:c:\program files\daisytoolchain\arm-none-eabi\include\c++\10.2.1\cmath **** // -*- C++ -*- C forwarding header.
   2:c:\program files\daisytoolchain\arm-none-eabi\include\c++\10.2.1\cmath **** 
   3:c:\program files\daisytoolchain\arm-none-eabi\include\c++\10.2.1\cmath **** // Copyright (C) 1997-2020 Free Software Foundation, Inc.
   4:c:\program files\daisytoolchain\arm-none-eabi\include\c++\10.2.1\cmath **** //
   5:c:\program files\daisytoolchain\arm-none-eabi\include\c++\10.2.1\cmath **** // This file is part of the GNU ISO C++ Library.  This library is free
   6:c:\program files\daisytoolchain\arm-none-eabi\include\c++\10.2.1\cmath **** // software; you can redistribute it and/or modify it under the
   7:c:\program files\daisytoolchain\arm-none-eabi\include\c++\10.2.1\cmath **** // terms of the GNU General Public License as published by the
   8:c:\program files\daisytoolchain\arm-none-eabi\include\c++\10.2.1\cmath **** // Free Software Foundation; either version 3, or (at your option)
   9:c:\program files\daisytoolchain\arm-none-eabi\include\c++\10.2.1\cmath **** // any later version.
  10:c:\program files\daisytoolchain\arm-none-eabi\include\c++\10.2.1\cmath **** 
  11:c:\program files\daisytoolchain\arm-none-eabi\include\c++\10.2.1\cmath **** // This library is distributed in the hope that it will be useful,
  12:c:\program files\daisytoolchain\arm-none-eabi\include\c++\10.2.1\cmath **** // but WITHOUT ANY WARRANTY; without even the implied warranty of
  13:c:\program files\daisytoolchain\arm-none-eabi\include\c++\10.2.1\cmath **** // MERCHANTABILITY or FITNESS FOR A PARTICULAR PURPOSE.  See the
  14:c:\program files\daisytoolchain\arm-none-eabi\include\c++\10.2.1\cmath **** // GNU General Public License for more details.
  15:c:\program files\daisytoolchain\arm-none-eabi\include\c++\10.2.1\cmath **** 
  16:c:\program files\daisytoolchain\arm-none-eabi\include\c++\10.2.1\cmath **** // Under Section 7 of GPL version 3, you are granted additional
  17:c:\program files\daisytoolchain\arm-none-eabi\include\c++\10.2.1\cmath **** // permissions described in the GCC Runtime Library Exception, version
  18:c:\program files\daisytoolchain\arm-none-eabi\include\c++\10.2.1\cmath **** // 3.1, as published by the Free Software Foundation.
  19:c:\program files\daisytoolchain\arm-none-eabi\include\c++\10.2.1\cmath **** 
  20:c:\program files\daisytoolchain\arm-none-eabi\include\c++\10.2.1\cmath **** // You should have received a copy of the GNU General Public License and
  21:c:\program files\daisytoolchain\arm-none-eabi\include\c++\10.2.1\cmath **** // a copy of the GCC Runtime Library Exception along with this program;
  22:c:\program files\daisytoolchain\arm-none-eabi\include\c++\10.2.1\cmath **** // see the files COPYING3 and COPYING.RUNTIME respectively.  If not, see
  23:c:\program files\daisytoolchain\arm-none-eabi\include\c++\10.2.1\cmath **** // <http://www.gnu.org/licenses/>.
  24:c:\program files\daisytoolchain\arm-none-eabi\include\c++\10.2.1\cmath **** 
  25:c:\program files\daisytoolchain\arm-none-eabi\include\c++\10.2.1\cmath **** /** @file include/cmath
  26:c:\program files\daisytoolchain\arm-none-eabi\include\c++\10.2.1\cmath ****  *  This is a Standard C++ Library file.  You should @c \#include this file
  27:c:\program files\daisytoolchain\arm-none-eabi\include\c++\10.2.1\cmath ****  *  in your programs, rather than any of the @a *.h implementation files.
  28:c:\program files\daisytoolchain\arm-none-eabi\include\c++\10.2.1\cmath ****  *
ARM GAS  C:\Users\kgpol\AppData\Local\Temp\ccIP7kIm.s 			page 77


  29:c:\program files\daisytoolchain\arm-none-eabi\include\c++\10.2.1\cmath ****  *  This is the C++ version of the Standard C Library header @c math.h,
  30:c:\program files\daisytoolchain\arm-none-eabi\include\c++\10.2.1\cmath ****  *  and its contents are (mostly) the same as that header, but are all
  31:c:\program files\daisytoolchain\arm-none-eabi\include\c++\10.2.1\cmath ****  *  contained in the namespace @c std (except for names which are defined
  32:c:\program files\daisytoolchain\arm-none-eabi\include\c++\10.2.1\cmath ****  *  as macros in C).
  33:c:\program files\daisytoolchain\arm-none-eabi\include\c++\10.2.1\cmath ****  */
  34:c:\program files\daisytoolchain\arm-none-eabi\include\c++\10.2.1\cmath **** 
  35:c:\program files\daisytoolchain\arm-none-eabi\include\c++\10.2.1\cmath **** //
  36:c:\program files\daisytoolchain\arm-none-eabi\include\c++\10.2.1\cmath **** // ISO C++ 14882: 26.5  C library
  37:c:\program files\daisytoolchain\arm-none-eabi\include\c++\10.2.1\cmath **** //
  38:c:\program files\daisytoolchain\arm-none-eabi\include\c++\10.2.1\cmath **** 
  39:c:\program files\daisytoolchain\arm-none-eabi\include\c++\10.2.1\cmath **** #pragma GCC system_header
  40:c:\program files\daisytoolchain\arm-none-eabi\include\c++\10.2.1\cmath **** 
  41:c:\program files\daisytoolchain\arm-none-eabi\include\c++\10.2.1\cmath **** #include <bits/c++config.h>
  42:c:\program files\daisytoolchain\arm-none-eabi\include\c++\10.2.1\cmath **** #include <bits/cpp_type_traits.h>
  43:c:\program files\daisytoolchain\arm-none-eabi\include\c++\10.2.1\cmath **** #include <ext/type_traits.h>
  44:c:\program files\daisytoolchain\arm-none-eabi\include\c++\10.2.1\cmath **** #define _GLIBCXX_INCLUDE_NEXT_C_HEADERS
  45:c:\program files\daisytoolchain\arm-none-eabi\include\c++\10.2.1\cmath **** #include_next <math.h>
  46:c:\program files\daisytoolchain\arm-none-eabi\include\c++\10.2.1\cmath **** #undef _GLIBCXX_INCLUDE_NEXT_C_HEADERS
  47:c:\program files\daisytoolchain\arm-none-eabi\include\c++\10.2.1\cmath **** #include <bits/std_abs.h>
  48:c:\program files\daisytoolchain\arm-none-eabi\include\c++\10.2.1\cmath **** 
  49:c:\program files\daisytoolchain\arm-none-eabi\include\c++\10.2.1\cmath **** #ifndef _GLIBCXX_CMATH
  50:c:\program files\daisytoolchain\arm-none-eabi\include\c++\10.2.1\cmath **** #define _GLIBCXX_CMATH 1
  51:c:\program files\daisytoolchain\arm-none-eabi\include\c++\10.2.1\cmath **** 
  52:c:\program files\daisytoolchain\arm-none-eabi\include\c++\10.2.1\cmath **** // Get rid of those macros defined in <math.h> in lieu of real functions.
  53:c:\program files\daisytoolchain\arm-none-eabi\include\c++\10.2.1\cmath **** #undef div
  54:c:\program files\daisytoolchain\arm-none-eabi\include\c++\10.2.1\cmath **** #undef acos
  55:c:\program files\daisytoolchain\arm-none-eabi\include\c++\10.2.1\cmath **** #undef asin
  56:c:\program files\daisytoolchain\arm-none-eabi\include\c++\10.2.1\cmath **** #undef atan
  57:c:\program files\daisytoolchain\arm-none-eabi\include\c++\10.2.1\cmath **** #undef atan2
  58:c:\program files\daisytoolchain\arm-none-eabi\include\c++\10.2.1\cmath **** #undef ceil
  59:c:\program files\daisytoolchain\arm-none-eabi\include\c++\10.2.1\cmath **** #undef cos
  60:c:\program files\daisytoolchain\arm-none-eabi\include\c++\10.2.1\cmath **** #undef cosh
  61:c:\program files\daisytoolchain\arm-none-eabi\include\c++\10.2.1\cmath **** #undef exp
  62:c:\program files\daisytoolchain\arm-none-eabi\include\c++\10.2.1\cmath **** #undef fabs
  63:c:\program files\daisytoolchain\arm-none-eabi\include\c++\10.2.1\cmath **** #undef floor
  64:c:\program files\daisytoolchain\arm-none-eabi\include\c++\10.2.1\cmath **** #undef fmod
  65:c:\program files\daisytoolchain\arm-none-eabi\include\c++\10.2.1\cmath **** #undef frexp
  66:c:\program files\daisytoolchain\arm-none-eabi\include\c++\10.2.1\cmath **** #undef ldexp
  67:c:\program files\daisytoolchain\arm-none-eabi\include\c++\10.2.1\cmath **** #undef log
  68:c:\program files\daisytoolchain\arm-none-eabi\include\c++\10.2.1\cmath **** #undef log10
  69:c:\program files\daisytoolchain\arm-none-eabi\include\c++\10.2.1\cmath **** #undef modf
  70:c:\program files\daisytoolchain\arm-none-eabi\include\c++\10.2.1\cmath **** #undef pow
  71:c:\program files\daisytoolchain\arm-none-eabi\include\c++\10.2.1\cmath **** #undef sin
  72:c:\program files\daisytoolchain\arm-none-eabi\include\c++\10.2.1\cmath **** #undef sinh
  73:c:\program files\daisytoolchain\arm-none-eabi\include\c++\10.2.1\cmath **** #undef sqrt
  74:c:\program files\daisytoolchain\arm-none-eabi\include\c++\10.2.1\cmath **** #undef tan
  75:c:\program files\daisytoolchain\arm-none-eabi\include\c++\10.2.1\cmath **** #undef tanh
  76:c:\program files\daisytoolchain\arm-none-eabi\include\c++\10.2.1\cmath **** 
  77:c:\program files\daisytoolchain\arm-none-eabi\include\c++\10.2.1\cmath **** extern "C++"
  78:c:\program files\daisytoolchain\arm-none-eabi\include\c++\10.2.1\cmath **** {
  79:c:\program files\daisytoolchain\arm-none-eabi\include\c++\10.2.1\cmath **** namespace std _GLIBCXX_VISIBILITY(default)
  80:c:\program files\daisytoolchain\arm-none-eabi\include\c++\10.2.1\cmath **** {
  81:c:\program files\daisytoolchain\arm-none-eabi\include\c++\10.2.1\cmath **** _GLIBCXX_BEGIN_NAMESPACE_VERSION
  82:c:\program files\daisytoolchain\arm-none-eabi\include\c++\10.2.1\cmath **** 
  83:c:\program files\daisytoolchain\arm-none-eabi\include\c++\10.2.1\cmath ****   using ::acos;
  84:c:\program files\daisytoolchain\arm-none-eabi\include\c++\10.2.1\cmath **** 
  85:c:\program files\daisytoolchain\arm-none-eabi\include\c++\10.2.1\cmath **** #ifndef __CORRECT_ISO_CPP_MATH_H_PROTO
ARM GAS  C:\Users\kgpol\AppData\Local\Temp\ccIP7kIm.s 			page 78


  86:c:\program files\daisytoolchain\arm-none-eabi\include\c++\10.2.1\cmath ****   inline _GLIBCXX_CONSTEXPR float
  87:c:\program files\daisytoolchain\arm-none-eabi\include\c++\10.2.1\cmath ****   acos(float __x)
  88:c:\program files\daisytoolchain\arm-none-eabi\include\c++\10.2.1\cmath ****   { return __builtin_acosf(__x); }
  89:c:\program files\daisytoolchain\arm-none-eabi\include\c++\10.2.1\cmath **** 
  90:c:\program files\daisytoolchain\arm-none-eabi\include\c++\10.2.1\cmath ****   inline _GLIBCXX_CONSTEXPR long double
  91:c:\program files\daisytoolchain\arm-none-eabi\include\c++\10.2.1\cmath ****   acos(long double __x)
  92:c:\program files\daisytoolchain\arm-none-eabi\include\c++\10.2.1\cmath ****   { return __builtin_acosl(__x); }
  93:c:\program files\daisytoolchain\arm-none-eabi\include\c++\10.2.1\cmath **** #endif
  94:c:\program files\daisytoolchain\arm-none-eabi\include\c++\10.2.1\cmath **** 
  95:c:\program files\daisytoolchain\arm-none-eabi\include\c++\10.2.1\cmath ****   template<typename _Tp>
  96:c:\program files\daisytoolchain\arm-none-eabi\include\c++\10.2.1\cmath ****     inline _GLIBCXX_CONSTEXPR
  97:c:\program files\daisytoolchain\arm-none-eabi\include\c++\10.2.1\cmath ****     typename __gnu_cxx::__enable_if<__is_integer<_Tp>::__value, 
  98:c:\program files\daisytoolchain\arm-none-eabi\include\c++\10.2.1\cmath ****                                     double>::__type
  99:c:\program files\daisytoolchain\arm-none-eabi\include\c++\10.2.1\cmath ****     acos(_Tp __x)
 100:c:\program files\daisytoolchain\arm-none-eabi\include\c++\10.2.1\cmath ****     { return __builtin_acos(__x); }
 101:c:\program files\daisytoolchain\arm-none-eabi\include\c++\10.2.1\cmath **** 
 102:c:\program files\daisytoolchain\arm-none-eabi\include\c++\10.2.1\cmath ****   using ::asin;
 103:c:\program files\daisytoolchain\arm-none-eabi\include\c++\10.2.1\cmath **** 
 104:c:\program files\daisytoolchain\arm-none-eabi\include\c++\10.2.1\cmath **** #ifndef __CORRECT_ISO_CPP_MATH_H_PROTO
 105:c:\program files\daisytoolchain\arm-none-eabi\include\c++\10.2.1\cmath ****   inline _GLIBCXX_CONSTEXPR float
 106:c:\program files\daisytoolchain\arm-none-eabi\include\c++\10.2.1\cmath ****   asin(float __x)
 107:c:\program files\daisytoolchain\arm-none-eabi\include\c++\10.2.1\cmath ****   { return __builtin_asinf(__x); }
 108:c:\program files\daisytoolchain\arm-none-eabi\include\c++\10.2.1\cmath **** 
 109:c:\program files\daisytoolchain\arm-none-eabi\include\c++\10.2.1\cmath ****   inline _GLIBCXX_CONSTEXPR long double
 110:c:\program files\daisytoolchain\arm-none-eabi\include\c++\10.2.1\cmath ****   asin(long double __x)
 111:c:\program files\daisytoolchain\arm-none-eabi\include\c++\10.2.1\cmath ****   { return __builtin_asinl(__x); }
 112:c:\program files\daisytoolchain\arm-none-eabi\include\c++\10.2.1\cmath **** #endif
 113:c:\program files\daisytoolchain\arm-none-eabi\include\c++\10.2.1\cmath **** 
 114:c:\program files\daisytoolchain\arm-none-eabi\include\c++\10.2.1\cmath ****   template<typename _Tp>
 115:c:\program files\daisytoolchain\arm-none-eabi\include\c++\10.2.1\cmath ****     inline _GLIBCXX_CONSTEXPR
 116:c:\program files\daisytoolchain\arm-none-eabi\include\c++\10.2.1\cmath ****     typename __gnu_cxx::__enable_if<__is_integer<_Tp>::__value,
 117:c:\program files\daisytoolchain\arm-none-eabi\include\c++\10.2.1\cmath ****                                     double>::__type
 118:c:\program files\daisytoolchain\arm-none-eabi\include\c++\10.2.1\cmath ****     asin(_Tp __x)
 119:c:\program files\daisytoolchain\arm-none-eabi\include\c++\10.2.1\cmath ****     { return __builtin_asin(__x); }
 120:c:\program files\daisytoolchain\arm-none-eabi\include\c++\10.2.1\cmath **** 
 121:c:\program files\daisytoolchain\arm-none-eabi\include\c++\10.2.1\cmath ****   using ::atan;
 122:c:\program files\daisytoolchain\arm-none-eabi\include\c++\10.2.1\cmath **** 
 123:c:\program files\daisytoolchain\arm-none-eabi\include\c++\10.2.1\cmath **** #ifndef __CORRECT_ISO_CPP_MATH_H_PROTO
 124:c:\program files\daisytoolchain\arm-none-eabi\include\c++\10.2.1\cmath ****   inline _GLIBCXX_CONSTEXPR float
 125:c:\program files\daisytoolchain\arm-none-eabi\include\c++\10.2.1\cmath ****   atan(float __x)
 126:c:\program files\daisytoolchain\arm-none-eabi\include\c++\10.2.1\cmath ****   { return __builtin_atanf(__x); }
 127:c:\program files\daisytoolchain\arm-none-eabi\include\c++\10.2.1\cmath **** 
 128:c:\program files\daisytoolchain\arm-none-eabi\include\c++\10.2.1\cmath ****   inline _GLIBCXX_CONSTEXPR long double
 129:c:\program files\daisytoolchain\arm-none-eabi\include\c++\10.2.1\cmath ****   atan(long double __x)
 130:c:\program files\daisytoolchain\arm-none-eabi\include\c++\10.2.1\cmath ****   { return __builtin_atanl(__x); }
 131:c:\program files\daisytoolchain\arm-none-eabi\include\c++\10.2.1\cmath **** #endif
 132:c:\program files\daisytoolchain\arm-none-eabi\include\c++\10.2.1\cmath **** 
 133:c:\program files\daisytoolchain\arm-none-eabi\include\c++\10.2.1\cmath ****   template<typename _Tp>
 134:c:\program files\daisytoolchain\arm-none-eabi\include\c++\10.2.1\cmath ****     inline _GLIBCXX_CONSTEXPR
 135:c:\program files\daisytoolchain\arm-none-eabi\include\c++\10.2.1\cmath ****     typename __gnu_cxx::__enable_if<__is_integer<_Tp>::__value,
 136:c:\program files\daisytoolchain\arm-none-eabi\include\c++\10.2.1\cmath ****                                     double>::__type
 137:c:\program files\daisytoolchain\arm-none-eabi\include\c++\10.2.1\cmath ****     atan(_Tp __x)
 138:c:\program files\daisytoolchain\arm-none-eabi\include\c++\10.2.1\cmath ****     { return __builtin_atan(__x); }
 139:c:\program files\daisytoolchain\arm-none-eabi\include\c++\10.2.1\cmath **** 
 140:c:\program files\daisytoolchain\arm-none-eabi\include\c++\10.2.1\cmath ****   using ::atan2;
 141:c:\program files\daisytoolchain\arm-none-eabi\include\c++\10.2.1\cmath **** 
 142:c:\program files\daisytoolchain\arm-none-eabi\include\c++\10.2.1\cmath **** #ifndef __CORRECT_ISO_CPP_MATH_H_PROTO
ARM GAS  C:\Users\kgpol\AppData\Local\Temp\ccIP7kIm.s 			page 79


 143:c:\program files\daisytoolchain\arm-none-eabi\include\c++\10.2.1\cmath ****   inline _GLIBCXX_CONSTEXPR float
 144:c:\program files\daisytoolchain\arm-none-eabi\include\c++\10.2.1\cmath ****   atan2(float __y, float __x)
 145:c:\program files\daisytoolchain\arm-none-eabi\include\c++\10.2.1\cmath ****   { return __builtin_atan2f(__y, __x); }
 146:c:\program files\daisytoolchain\arm-none-eabi\include\c++\10.2.1\cmath **** 
 147:c:\program files\daisytoolchain\arm-none-eabi\include\c++\10.2.1\cmath ****   inline _GLIBCXX_CONSTEXPR long double
 148:c:\program files\daisytoolchain\arm-none-eabi\include\c++\10.2.1\cmath ****   atan2(long double __y, long double __x)
 149:c:\program files\daisytoolchain\arm-none-eabi\include\c++\10.2.1\cmath ****   { return __builtin_atan2l(__y, __x); }
 150:c:\program files\daisytoolchain\arm-none-eabi\include\c++\10.2.1\cmath **** #endif
 151:c:\program files\daisytoolchain\arm-none-eabi\include\c++\10.2.1\cmath **** 
 152:c:\program files\daisytoolchain\arm-none-eabi\include\c++\10.2.1\cmath ****   template<typename _Tp, typename _Up>
 153:c:\program files\daisytoolchain\arm-none-eabi\include\c++\10.2.1\cmath ****     inline _GLIBCXX_CONSTEXPR
 154:c:\program files\daisytoolchain\arm-none-eabi\include\c++\10.2.1\cmath ****     typename __gnu_cxx::__promote_2<_Tp, _Up>::__type
 155:c:\program files\daisytoolchain\arm-none-eabi\include\c++\10.2.1\cmath ****     atan2(_Tp __y, _Up __x)
 156:c:\program files\daisytoolchain\arm-none-eabi\include\c++\10.2.1\cmath ****     {
 157:c:\program files\daisytoolchain\arm-none-eabi\include\c++\10.2.1\cmath ****       typedef typename __gnu_cxx::__promote_2<_Tp, _Up>::__type __type;
 158:c:\program files\daisytoolchain\arm-none-eabi\include\c++\10.2.1\cmath ****       return atan2(__type(__y), __type(__x));
 159:c:\program files\daisytoolchain\arm-none-eabi\include\c++\10.2.1\cmath ****     }
 160:c:\program files\daisytoolchain\arm-none-eabi\include\c++\10.2.1\cmath **** 
 161:c:\program files\daisytoolchain\arm-none-eabi\include\c++\10.2.1\cmath ****   using ::ceil;
 162:c:\program files\daisytoolchain\arm-none-eabi\include\c++\10.2.1\cmath **** 
 163:c:\program files\daisytoolchain\arm-none-eabi\include\c++\10.2.1\cmath **** #ifndef __CORRECT_ISO_CPP_MATH_H_PROTO
 164:c:\program files\daisytoolchain\arm-none-eabi\include\c++\10.2.1\cmath ****   inline _GLIBCXX_CONSTEXPR float
 165:c:\program files\daisytoolchain\arm-none-eabi\include\c++\10.2.1\cmath ****   ceil(float __x)
 166:c:\program files\daisytoolchain\arm-none-eabi\include\c++\10.2.1\cmath ****   { return __builtin_ceilf(__x); }
 167:c:\program files\daisytoolchain\arm-none-eabi\include\c++\10.2.1\cmath **** 
 168:c:\program files\daisytoolchain\arm-none-eabi\include\c++\10.2.1\cmath ****   inline _GLIBCXX_CONSTEXPR long double
 169:c:\program files\daisytoolchain\arm-none-eabi\include\c++\10.2.1\cmath ****   ceil(long double __x)
 170:c:\program files\daisytoolchain\arm-none-eabi\include\c++\10.2.1\cmath ****   { return __builtin_ceill(__x); }
 171:c:\program files\daisytoolchain\arm-none-eabi\include\c++\10.2.1\cmath **** #endif
 172:c:\program files\daisytoolchain\arm-none-eabi\include\c++\10.2.1\cmath **** 
 173:c:\program files\daisytoolchain\arm-none-eabi\include\c++\10.2.1\cmath ****   template<typename _Tp>
 174:c:\program files\daisytoolchain\arm-none-eabi\include\c++\10.2.1\cmath ****     inline _GLIBCXX_CONSTEXPR
 175:c:\program files\daisytoolchain\arm-none-eabi\include\c++\10.2.1\cmath ****     typename __gnu_cxx::__enable_if<__is_integer<_Tp>::__value, 
 176:c:\program files\daisytoolchain\arm-none-eabi\include\c++\10.2.1\cmath ****                                     double>::__type
 177:c:\program files\daisytoolchain\arm-none-eabi\include\c++\10.2.1\cmath ****     ceil(_Tp __x)
 178:c:\program files\daisytoolchain\arm-none-eabi\include\c++\10.2.1\cmath ****     { return __builtin_ceil(__x); }
 179:c:\program files\daisytoolchain\arm-none-eabi\include\c++\10.2.1\cmath **** 
 180:c:\program files\daisytoolchain\arm-none-eabi\include\c++\10.2.1\cmath ****   using ::cos;
 181:c:\program files\daisytoolchain\arm-none-eabi\include\c++\10.2.1\cmath **** 
 182:c:\program files\daisytoolchain\arm-none-eabi\include\c++\10.2.1\cmath **** #ifndef __CORRECT_ISO_CPP_MATH_H_PROTO
 183:c:\program files\daisytoolchain\arm-none-eabi\include\c++\10.2.1\cmath ****   inline _GLIBCXX_CONSTEXPR float
 184:c:\program files\daisytoolchain\arm-none-eabi\include\c++\10.2.1\cmath ****   cos(float __x)
 185:c:\program files\daisytoolchain\arm-none-eabi\include\c++\10.2.1\cmath ****   { return __builtin_cosf(__x); }
 2165              		.loc 17 185 26 view .LVU465
 2166 0050 B0EE680A 		vmov.f32	s0, s17
 2167 0054 FFF7FEFF 		bl	cosf
 2168              	.LVL132:
 2169              		.loc 17 185 26 view .LVU466
 2170              	.LBE849:
 2171              	.LBE848:
 315:../../libDaisy//src/hid/disp/display.h ****         start_y = -sin(start_angle_rad) * radius;
 2172              		.loc 14 315 17 view .LVU467
 2173 0058 07EE907A 		vmov	s15, r7	@ int
 313:../../libDaisy//src/hid/disp/display.h **** 
 2174              		.loc 14 313 25 view .LVU468
 2175 005c B7EECAAB 		vcvt.f32.f64	s20, d10
 2176              	.LVL133:
ARM GAS  C:\Users\kgpol\AppData\Local\Temp\ccIP7kIm.s 			page 80


 2177              	.LBB852:
 2178              	.LBI848:
 184:c:\program files\daisytoolchain\arm-none-eabi\include\c++\10.2.1\cmath ****   { return __builtin_cosf(__x); }
 2179              		.loc 17 184 3 is_stmt 1 view .LVU469
 2180              	.LBB850:
 2181              		.loc 17 185 5 view .LVU470
 2182              		.loc 17 185 5 is_stmt 0 view .LVU471
 2183              	.LBE850:
 2184              	.LBE852:
 315:../../libDaisy//src/hid/disp/display.h ****         start_y = -sin(start_angle_rad) * radius;
 2185              		.loc 14 315 17 view .LVU472
 2186 0060 F8EE679A 		vcvt.f32.u32	s19, s15
 2187              	.LBB853:
 2188              	.LBB851:
 2189              		.loc 17 185 26 view .LVU473
 2190 0064 B0EE408A 		vmov.f32	s16, s0
 2191              	.LBE851:
 2192              	.LBE853:
 2193              	.LBB854:
 2194              	.LBB855:
 186:c:\program files\daisytoolchain\arm-none-eabi\include\c++\10.2.1\cmath **** 
 187:c:\program files\daisytoolchain\arm-none-eabi\include\c++\10.2.1\cmath ****   inline _GLIBCXX_CONSTEXPR long double
 188:c:\program files\daisytoolchain\arm-none-eabi\include\c++\10.2.1\cmath ****   cos(long double __x)
 189:c:\program files\daisytoolchain\arm-none-eabi\include\c++\10.2.1\cmath ****   { return __builtin_cosl(__x); }
 190:c:\program files\daisytoolchain\arm-none-eabi\include\c++\10.2.1\cmath **** #endif
 191:c:\program files\daisytoolchain\arm-none-eabi\include\c++\10.2.1\cmath **** 
 192:c:\program files\daisytoolchain\arm-none-eabi\include\c++\10.2.1\cmath ****   template<typename _Tp>
 193:c:\program files\daisytoolchain\arm-none-eabi\include\c++\10.2.1\cmath ****     inline _GLIBCXX_CONSTEXPR
 194:c:\program files\daisytoolchain\arm-none-eabi\include\c++\10.2.1\cmath ****     typename __gnu_cxx::__enable_if<__is_integer<_Tp>::__value,
 195:c:\program files\daisytoolchain\arm-none-eabi\include\c++\10.2.1\cmath ****                                     double>::__type
 196:c:\program files\daisytoolchain\arm-none-eabi\include\c++\10.2.1\cmath ****     cos(_Tp __x)
 197:c:\program files\daisytoolchain\arm-none-eabi\include\c++\10.2.1\cmath ****     { return __builtin_cos(__x); }
 198:c:\program files\daisytoolchain\arm-none-eabi\include\c++\10.2.1\cmath **** 
 199:c:\program files\daisytoolchain\arm-none-eabi\include\c++\10.2.1\cmath ****   using ::cosh;
 200:c:\program files\daisytoolchain\arm-none-eabi\include\c++\10.2.1\cmath **** 
 201:c:\program files\daisytoolchain\arm-none-eabi\include\c++\10.2.1\cmath **** #ifndef __CORRECT_ISO_CPP_MATH_H_PROTO
 202:c:\program files\daisytoolchain\arm-none-eabi\include\c++\10.2.1\cmath ****   inline _GLIBCXX_CONSTEXPR float
 203:c:\program files\daisytoolchain\arm-none-eabi\include\c++\10.2.1\cmath ****   cosh(float __x)
 204:c:\program files\daisytoolchain\arm-none-eabi\include\c++\10.2.1\cmath ****   { return __builtin_coshf(__x); }
 205:c:\program files\daisytoolchain\arm-none-eabi\include\c++\10.2.1\cmath **** 
 206:c:\program files\daisytoolchain\arm-none-eabi\include\c++\10.2.1\cmath ****   inline _GLIBCXX_CONSTEXPR long double
 207:c:\program files\daisytoolchain\arm-none-eabi\include\c++\10.2.1\cmath ****   cosh(long double __x)
 208:c:\program files\daisytoolchain\arm-none-eabi\include\c++\10.2.1\cmath ****   { return __builtin_coshl(__x); }
 209:c:\program files\daisytoolchain\arm-none-eabi\include\c++\10.2.1\cmath **** #endif
 210:c:\program files\daisytoolchain\arm-none-eabi\include\c++\10.2.1\cmath **** 
 211:c:\program files\daisytoolchain\arm-none-eabi\include\c++\10.2.1\cmath ****   template<typename _Tp>
 212:c:\program files\daisytoolchain\arm-none-eabi\include\c++\10.2.1\cmath ****     inline _GLIBCXX_CONSTEXPR
 213:c:\program files\daisytoolchain\arm-none-eabi\include\c++\10.2.1\cmath ****     typename __gnu_cxx::__enable_if<__is_integer<_Tp>::__value,
 214:c:\program files\daisytoolchain\arm-none-eabi\include\c++\10.2.1\cmath ****                                     double>::__type
 215:c:\program files\daisytoolchain\arm-none-eabi\include\c++\10.2.1\cmath ****     cosh(_Tp __x)
 216:c:\program files\daisytoolchain\arm-none-eabi\include\c++\10.2.1\cmath ****     { return __builtin_cosh(__x); }
 217:c:\program files\daisytoolchain\arm-none-eabi\include\c++\10.2.1\cmath **** 
 218:c:\program files\daisytoolchain\arm-none-eabi\include\c++\10.2.1\cmath ****   using ::exp;
 219:c:\program files\daisytoolchain\arm-none-eabi\include\c++\10.2.1\cmath **** 
 220:c:\program files\daisytoolchain\arm-none-eabi\include\c++\10.2.1\cmath **** #ifndef __CORRECT_ISO_CPP_MATH_H_PROTO
 221:c:\program files\daisytoolchain\arm-none-eabi\include\c++\10.2.1\cmath ****   inline _GLIBCXX_CONSTEXPR float
 222:c:\program files\daisytoolchain\arm-none-eabi\include\c++\10.2.1\cmath ****   exp(float __x)
ARM GAS  C:\Users\kgpol\AppData\Local\Temp\ccIP7kIm.s 			page 81


 223:c:\program files\daisytoolchain\arm-none-eabi\include\c++\10.2.1\cmath ****   { return __builtin_expf(__x); }
 224:c:\program files\daisytoolchain\arm-none-eabi\include\c++\10.2.1\cmath **** 
 225:c:\program files\daisytoolchain\arm-none-eabi\include\c++\10.2.1\cmath ****   inline _GLIBCXX_CONSTEXPR long double
 226:c:\program files\daisytoolchain\arm-none-eabi\include\c++\10.2.1\cmath ****   exp(long double __x)
 227:c:\program files\daisytoolchain\arm-none-eabi\include\c++\10.2.1\cmath ****   { return __builtin_expl(__x); }
 228:c:\program files\daisytoolchain\arm-none-eabi\include\c++\10.2.1\cmath **** #endif
 229:c:\program files\daisytoolchain\arm-none-eabi\include\c++\10.2.1\cmath **** 
 230:c:\program files\daisytoolchain\arm-none-eabi\include\c++\10.2.1\cmath ****   template<typename _Tp>
 231:c:\program files\daisytoolchain\arm-none-eabi\include\c++\10.2.1\cmath ****     inline _GLIBCXX_CONSTEXPR
 232:c:\program files\daisytoolchain\arm-none-eabi\include\c++\10.2.1\cmath ****     typename __gnu_cxx::__enable_if<__is_integer<_Tp>::__value,
 233:c:\program files\daisytoolchain\arm-none-eabi\include\c++\10.2.1\cmath ****                                     double>::__type
 234:c:\program files\daisytoolchain\arm-none-eabi\include\c++\10.2.1\cmath ****     exp(_Tp __x)
 235:c:\program files\daisytoolchain\arm-none-eabi\include\c++\10.2.1\cmath ****     { return __builtin_exp(__x); }
 236:c:\program files\daisytoolchain\arm-none-eabi\include\c++\10.2.1\cmath **** 
 237:c:\program files\daisytoolchain\arm-none-eabi\include\c++\10.2.1\cmath ****   using ::fabs;
 238:c:\program files\daisytoolchain\arm-none-eabi\include\c++\10.2.1\cmath **** 
 239:c:\program files\daisytoolchain\arm-none-eabi\include\c++\10.2.1\cmath **** #ifndef __CORRECT_ISO_CPP_MATH_H_PROTO
 240:c:\program files\daisytoolchain\arm-none-eabi\include\c++\10.2.1\cmath ****   inline _GLIBCXX_CONSTEXPR float
 241:c:\program files\daisytoolchain\arm-none-eabi\include\c++\10.2.1\cmath ****   fabs(float __x)
 242:c:\program files\daisytoolchain\arm-none-eabi\include\c++\10.2.1\cmath ****   { return __builtin_fabsf(__x); }
 243:c:\program files\daisytoolchain\arm-none-eabi\include\c++\10.2.1\cmath **** 
 244:c:\program files\daisytoolchain\arm-none-eabi\include\c++\10.2.1\cmath ****   inline _GLIBCXX_CONSTEXPR long double
 245:c:\program files\daisytoolchain\arm-none-eabi\include\c++\10.2.1\cmath ****   fabs(long double __x)
 246:c:\program files\daisytoolchain\arm-none-eabi\include\c++\10.2.1\cmath ****   { return __builtin_fabsl(__x); }
 247:c:\program files\daisytoolchain\arm-none-eabi\include\c++\10.2.1\cmath **** #endif
 248:c:\program files\daisytoolchain\arm-none-eabi\include\c++\10.2.1\cmath **** 
 249:c:\program files\daisytoolchain\arm-none-eabi\include\c++\10.2.1\cmath ****   template<typename _Tp>
 250:c:\program files\daisytoolchain\arm-none-eabi\include\c++\10.2.1\cmath ****     inline _GLIBCXX_CONSTEXPR
 251:c:\program files\daisytoolchain\arm-none-eabi\include\c++\10.2.1\cmath ****     typename __gnu_cxx::__enable_if<__is_integer<_Tp>::__value,
 252:c:\program files\daisytoolchain\arm-none-eabi\include\c++\10.2.1\cmath ****                                     double>::__type
 253:c:\program files\daisytoolchain\arm-none-eabi\include\c++\10.2.1\cmath ****     fabs(_Tp __x)
 254:c:\program files\daisytoolchain\arm-none-eabi\include\c++\10.2.1\cmath ****     { return __builtin_fabs(__x); }
 255:c:\program files\daisytoolchain\arm-none-eabi\include\c++\10.2.1\cmath **** 
 256:c:\program files\daisytoolchain\arm-none-eabi\include\c++\10.2.1\cmath ****   using ::floor;
 257:c:\program files\daisytoolchain\arm-none-eabi\include\c++\10.2.1\cmath **** 
 258:c:\program files\daisytoolchain\arm-none-eabi\include\c++\10.2.1\cmath **** #ifndef __CORRECT_ISO_CPP_MATH_H_PROTO
 259:c:\program files\daisytoolchain\arm-none-eabi\include\c++\10.2.1\cmath ****   inline _GLIBCXX_CONSTEXPR float
 260:c:\program files\daisytoolchain\arm-none-eabi\include\c++\10.2.1\cmath ****   floor(float __x)
 261:c:\program files\daisytoolchain\arm-none-eabi\include\c++\10.2.1\cmath ****   { return __builtin_floorf(__x); }
 262:c:\program files\daisytoolchain\arm-none-eabi\include\c++\10.2.1\cmath **** 
 263:c:\program files\daisytoolchain\arm-none-eabi\include\c++\10.2.1\cmath ****   inline _GLIBCXX_CONSTEXPR long double
 264:c:\program files\daisytoolchain\arm-none-eabi\include\c++\10.2.1\cmath ****   floor(long double __x)
 265:c:\program files\daisytoolchain\arm-none-eabi\include\c++\10.2.1\cmath ****   { return __builtin_floorl(__x); }
 266:c:\program files\daisytoolchain\arm-none-eabi\include\c++\10.2.1\cmath **** #endif
 267:c:\program files\daisytoolchain\arm-none-eabi\include\c++\10.2.1\cmath **** 
 268:c:\program files\daisytoolchain\arm-none-eabi\include\c++\10.2.1\cmath ****   template<typename _Tp>
 269:c:\program files\daisytoolchain\arm-none-eabi\include\c++\10.2.1\cmath ****     inline _GLIBCXX_CONSTEXPR
 270:c:\program files\daisytoolchain\arm-none-eabi\include\c++\10.2.1\cmath ****     typename __gnu_cxx::__enable_if<__is_integer<_Tp>::__value,
 271:c:\program files\daisytoolchain\arm-none-eabi\include\c++\10.2.1\cmath ****                                     double>::__type
 272:c:\program files\daisytoolchain\arm-none-eabi\include\c++\10.2.1\cmath ****     floor(_Tp __x)
 273:c:\program files\daisytoolchain\arm-none-eabi\include\c++\10.2.1\cmath ****     { return __builtin_floor(__x); }
 274:c:\program files\daisytoolchain\arm-none-eabi\include\c++\10.2.1\cmath **** 
 275:c:\program files\daisytoolchain\arm-none-eabi\include\c++\10.2.1\cmath ****   using ::fmod;
 276:c:\program files\daisytoolchain\arm-none-eabi\include\c++\10.2.1\cmath **** 
 277:c:\program files\daisytoolchain\arm-none-eabi\include\c++\10.2.1\cmath **** #ifndef __CORRECT_ISO_CPP_MATH_H_PROTO
 278:c:\program files\daisytoolchain\arm-none-eabi\include\c++\10.2.1\cmath ****   inline _GLIBCXX_CONSTEXPR float
 279:c:\program files\daisytoolchain\arm-none-eabi\include\c++\10.2.1\cmath ****   fmod(float __x, float __y)
ARM GAS  C:\Users\kgpol\AppData\Local\Temp\ccIP7kIm.s 			page 82


 280:c:\program files\daisytoolchain\arm-none-eabi\include\c++\10.2.1\cmath ****   { return __builtin_fmodf(__x, __y); }
 281:c:\program files\daisytoolchain\arm-none-eabi\include\c++\10.2.1\cmath **** 
 282:c:\program files\daisytoolchain\arm-none-eabi\include\c++\10.2.1\cmath ****   inline _GLIBCXX_CONSTEXPR long double
 283:c:\program files\daisytoolchain\arm-none-eabi\include\c++\10.2.1\cmath ****   fmod(long double __x, long double __y)
 284:c:\program files\daisytoolchain\arm-none-eabi\include\c++\10.2.1\cmath ****   { return __builtin_fmodl(__x, __y); }
 285:c:\program files\daisytoolchain\arm-none-eabi\include\c++\10.2.1\cmath **** #endif
 286:c:\program files\daisytoolchain\arm-none-eabi\include\c++\10.2.1\cmath **** 
 287:c:\program files\daisytoolchain\arm-none-eabi\include\c++\10.2.1\cmath ****   template<typename _Tp, typename _Up>
 288:c:\program files\daisytoolchain\arm-none-eabi\include\c++\10.2.1\cmath ****     inline _GLIBCXX_CONSTEXPR
 289:c:\program files\daisytoolchain\arm-none-eabi\include\c++\10.2.1\cmath ****     typename __gnu_cxx::__promote_2<_Tp, _Up>::__type
 290:c:\program files\daisytoolchain\arm-none-eabi\include\c++\10.2.1\cmath ****     fmod(_Tp __x, _Up __y)
 291:c:\program files\daisytoolchain\arm-none-eabi\include\c++\10.2.1\cmath ****     {
 292:c:\program files\daisytoolchain\arm-none-eabi\include\c++\10.2.1\cmath ****       typedef typename __gnu_cxx::__promote_2<_Tp, _Up>::__type __type;
 293:c:\program files\daisytoolchain\arm-none-eabi\include\c++\10.2.1\cmath ****       return fmod(__type(__x), __type(__y));
 294:c:\program files\daisytoolchain\arm-none-eabi\include\c++\10.2.1\cmath ****     }
 295:c:\program files\daisytoolchain\arm-none-eabi\include\c++\10.2.1\cmath **** 
 296:c:\program files\daisytoolchain\arm-none-eabi\include\c++\10.2.1\cmath ****   using ::frexp;
 297:c:\program files\daisytoolchain\arm-none-eabi\include\c++\10.2.1\cmath **** 
 298:c:\program files\daisytoolchain\arm-none-eabi\include\c++\10.2.1\cmath **** #ifndef __CORRECT_ISO_CPP_MATH_H_PROTO
 299:c:\program files\daisytoolchain\arm-none-eabi\include\c++\10.2.1\cmath ****   inline float
 300:c:\program files\daisytoolchain\arm-none-eabi\include\c++\10.2.1\cmath ****   frexp(float __x, int* __exp)
 301:c:\program files\daisytoolchain\arm-none-eabi\include\c++\10.2.1\cmath ****   { return __builtin_frexpf(__x, __exp); }
 302:c:\program files\daisytoolchain\arm-none-eabi\include\c++\10.2.1\cmath **** 
 303:c:\program files\daisytoolchain\arm-none-eabi\include\c++\10.2.1\cmath ****   inline long double
 304:c:\program files\daisytoolchain\arm-none-eabi\include\c++\10.2.1\cmath ****   frexp(long double __x, int* __exp)
 305:c:\program files\daisytoolchain\arm-none-eabi\include\c++\10.2.1\cmath ****   { return __builtin_frexpl(__x, __exp); }
 306:c:\program files\daisytoolchain\arm-none-eabi\include\c++\10.2.1\cmath **** #endif
 307:c:\program files\daisytoolchain\arm-none-eabi\include\c++\10.2.1\cmath **** 
 308:c:\program files\daisytoolchain\arm-none-eabi\include\c++\10.2.1\cmath ****   template<typename _Tp>
 309:c:\program files\daisytoolchain\arm-none-eabi\include\c++\10.2.1\cmath ****     inline _GLIBCXX_CONSTEXPR
 310:c:\program files\daisytoolchain\arm-none-eabi\include\c++\10.2.1\cmath ****     typename __gnu_cxx::__enable_if<__is_integer<_Tp>::__value, 
 311:c:\program files\daisytoolchain\arm-none-eabi\include\c++\10.2.1\cmath ****                                     double>::__type
 312:c:\program files\daisytoolchain\arm-none-eabi\include\c++\10.2.1\cmath ****     frexp(_Tp __x, int* __exp)
 313:c:\program files\daisytoolchain\arm-none-eabi\include\c++\10.2.1\cmath ****     { return __builtin_frexp(__x, __exp); }
 314:c:\program files\daisytoolchain\arm-none-eabi\include\c++\10.2.1\cmath **** 
 315:c:\program files\daisytoolchain\arm-none-eabi\include\c++\10.2.1\cmath ****   using ::ldexp;
 316:c:\program files\daisytoolchain\arm-none-eabi\include\c++\10.2.1\cmath **** 
 317:c:\program files\daisytoolchain\arm-none-eabi\include\c++\10.2.1\cmath **** #ifndef __CORRECT_ISO_CPP_MATH_H_PROTO
 318:c:\program files\daisytoolchain\arm-none-eabi\include\c++\10.2.1\cmath ****   inline _GLIBCXX_CONSTEXPR float
 319:c:\program files\daisytoolchain\arm-none-eabi\include\c++\10.2.1\cmath ****   ldexp(float __x, int __exp)
 320:c:\program files\daisytoolchain\arm-none-eabi\include\c++\10.2.1\cmath ****   { return __builtin_ldexpf(__x, __exp); }
 321:c:\program files\daisytoolchain\arm-none-eabi\include\c++\10.2.1\cmath **** 
 322:c:\program files\daisytoolchain\arm-none-eabi\include\c++\10.2.1\cmath ****   inline _GLIBCXX_CONSTEXPR long double
 323:c:\program files\daisytoolchain\arm-none-eabi\include\c++\10.2.1\cmath ****   ldexp(long double __x, int __exp)
 324:c:\program files\daisytoolchain\arm-none-eabi\include\c++\10.2.1\cmath ****   { return __builtin_ldexpl(__x, __exp); }
 325:c:\program files\daisytoolchain\arm-none-eabi\include\c++\10.2.1\cmath **** #endif
 326:c:\program files\daisytoolchain\arm-none-eabi\include\c++\10.2.1\cmath **** 
 327:c:\program files\daisytoolchain\arm-none-eabi\include\c++\10.2.1\cmath ****   template<typename _Tp>
 328:c:\program files\daisytoolchain\arm-none-eabi\include\c++\10.2.1\cmath ****     inline _GLIBCXX_CONSTEXPR
 329:c:\program files\daisytoolchain\arm-none-eabi\include\c++\10.2.1\cmath ****     typename __gnu_cxx::__enable_if<__is_integer<_Tp>::__value, 
 330:c:\program files\daisytoolchain\arm-none-eabi\include\c++\10.2.1\cmath ****                                     double>::__type
 331:c:\program files\daisytoolchain\arm-none-eabi\include\c++\10.2.1\cmath ****     ldexp(_Tp __x, int __exp)
 332:c:\program files\daisytoolchain\arm-none-eabi\include\c++\10.2.1\cmath ****     { return __builtin_ldexp(__x, __exp); }
 333:c:\program files\daisytoolchain\arm-none-eabi\include\c++\10.2.1\cmath **** 
 334:c:\program files\daisytoolchain\arm-none-eabi\include\c++\10.2.1\cmath ****   using ::log;
 335:c:\program files\daisytoolchain\arm-none-eabi\include\c++\10.2.1\cmath **** 
 336:c:\program files\daisytoolchain\arm-none-eabi\include\c++\10.2.1\cmath **** #ifndef __CORRECT_ISO_CPP_MATH_H_PROTO
ARM GAS  C:\Users\kgpol\AppData\Local\Temp\ccIP7kIm.s 			page 83


 337:c:\program files\daisytoolchain\arm-none-eabi\include\c++\10.2.1\cmath ****   inline _GLIBCXX_CONSTEXPR float
 338:c:\program files\daisytoolchain\arm-none-eabi\include\c++\10.2.1\cmath ****   log(float __x)
 339:c:\program files\daisytoolchain\arm-none-eabi\include\c++\10.2.1\cmath ****   { return __builtin_logf(__x); }
 340:c:\program files\daisytoolchain\arm-none-eabi\include\c++\10.2.1\cmath **** 
 341:c:\program files\daisytoolchain\arm-none-eabi\include\c++\10.2.1\cmath ****   inline _GLIBCXX_CONSTEXPR long double
 342:c:\program files\daisytoolchain\arm-none-eabi\include\c++\10.2.1\cmath ****   log(long double __x)
 343:c:\program files\daisytoolchain\arm-none-eabi\include\c++\10.2.1\cmath ****   { return __builtin_logl(__x); }
 344:c:\program files\daisytoolchain\arm-none-eabi\include\c++\10.2.1\cmath **** #endif
 345:c:\program files\daisytoolchain\arm-none-eabi\include\c++\10.2.1\cmath **** 
 346:c:\program files\daisytoolchain\arm-none-eabi\include\c++\10.2.1\cmath ****   template<typename _Tp>
 347:c:\program files\daisytoolchain\arm-none-eabi\include\c++\10.2.1\cmath ****     inline _GLIBCXX_CONSTEXPR
 348:c:\program files\daisytoolchain\arm-none-eabi\include\c++\10.2.1\cmath ****     typename __gnu_cxx::__enable_if<__is_integer<_Tp>::__value, 
 349:c:\program files\daisytoolchain\arm-none-eabi\include\c++\10.2.1\cmath ****                                     double>::__type
 350:c:\program files\daisytoolchain\arm-none-eabi\include\c++\10.2.1\cmath ****     log(_Tp __x)
 351:c:\program files\daisytoolchain\arm-none-eabi\include\c++\10.2.1\cmath ****     { return __builtin_log(__x); }
 352:c:\program files\daisytoolchain\arm-none-eabi\include\c++\10.2.1\cmath **** 
 353:c:\program files\daisytoolchain\arm-none-eabi\include\c++\10.2.1\cmath ****   using ::log10;
 354:c:\program files\daisytoolchain\arm-none-eabi\include\c++\10.2.1\cmath **** 
 355:c:\program files\daisytoolchain\arm-none-eabi\include\c++\10.2.1\cmath **** #ifndef __CORRECT_ISO_CPP_MATH_H_PROTO
 356:c:\program files\daisytoolchain\arm-none-eabi\include\c++\10.2.1\cmath ****   inline _GLIBCXX_CONSTEXPR float
 357:c:\program files\daisytoolchain\arm-none-eabi\include\c++\10.2.1\cmath ****   log10(float __x)
 358:c:\program files\daisytoolchain\arm-none-eabi\include\c++\10.2.1\cmath ****   { return __builtin_log10f(__x); }
 359:c:\program files\daisytoolchain\arm-none-eabi\include\c++\10.2.1\cmath **** 
 360:c:\program files\daisytoolchain\arm-none-eabi\include\c++\10.2.1\cmath ****   inline _GLIBCXX_CONSTEXPR long double
 361:c:\program files\daisytoolchain\arm-none-eabi\include\c++\10.2.1\cmath ****   log10(long double __x)
 362:c:\program files\daisytoolchain\arm-none-eabi\include\c++\10.2.1\cmath ****   { return __builtin_log10l(__x); }
 363:c:\program files\daisytoolchain\arm-none-eabi\include\c++\10.2.1\cmath **** #endif
 364:c:\program files\daisytoolchain\arm-none-eabi\include\c++\10.2.1\cmath **** 
 365:c:\program files\daisytoolchain\arm-none-eabi\include\c++\10.2.1\cmath ****   template<typename _Tp>
 366:c:\program files\daisytoolchain\arm-none-eabi\include\c++\10.2.1\cmath ****     inline _GLIBCXX_CONSTEXPR
 367:c:\program files\daisytoolchain\arm-none-eabi\include\c++\10.2.1\cmath ****     typename __gnu_cxx::__enable_if<__is_integer<_Tp>::__value,
 368:c:\program files\daisytoolchain\arm-none-eabi\include\c++\10.2.1\cmath ****                                     double>::__type
 369:c:\program files\daisytoolchain\arm-none-eabi\include\c++\10.2.1\cmath ****     log10(_Tp __x)
 370:c:\program files\daisytoolchain\arm-none-eabi\include\c++\10.2.1\cmath ****     { return __builtin_log10(__x); }
 371:c:\program files\daisytoolchain\arm-none-eabi\include\c++\10.2.1\cmath **** 
 372:c:\program files\daisytoolchain\arm-none-eabi\include\c++\10.2.1\cmath ****   using ::modf;
 373:c:\program files\daisytoolchain\arm-none-eabi\include\c++\10.2.1\cmath **** 
 374:c:\program files\daisytoolchain\arm-none-eabi\include\c++\10.2.1\cmath **** #ifndef __CORRECT_ISO_CPP_MATH_H_PROTO
 375:c:\program files\daisytoolchain\arm-none-eabi\include\c++\10.2.1\cmath ****   inline float
 376:c:\program files\daisytoolchain\arm-none-eabi\include\c++\10.2.1\cmath ****   modf(float __x, float* __iptr)
 377:c:\program files\daisytoolchain\arm-none-eabi\include\c++\10.2.1\cmath ****   { return __builtin_modff(__x, __iptr); }
 378:c:\program files\daisytoolchain\arm-none-eabi\include\c++\10.2.1\cmath **** 
 379:c:\program files\daisytoolchain\arm-none-eabi\include\c++\10.2.1\cmath ****   inline long double
 380:c:\program files\daisytoolchain\arm-none-eabi\include\c++\10.2.1\cmath ****   modf(long double __x, long double* __iptr)
 381:c:\program files\daisytoolchain\arm-none-eabi\include\c++\10.2.1\cmath ****   { return __builtin_modfl(__x, __iptr); }
 382:c:\program files\daisytoolchain\arm-none-eabi\include\c++\10.2.1\cmath **** #endif
 383:c:\program files\daisytoolchain\arm-none-eabi\include\c++\10.2.1\cmath **** 
 384:c:\program files\daisytoolchain\arm-none-eabi\include\c++\10.2.1\cmath ****   using ::pow;
 385:c:\program files\daisytoolchain\arm-none-eabi\include\c++\10.2.1\cmath **** 
 386:c:\program files\daisytoolchain\arm-none-eabi\include\c++\10.2.1\cmath **** #ifndef __CORRECT_ISO_CPP_MATH_H_PROTO
 387:c:\program files\daisytoolchain\arm-none-eabi\include\c++\10.2.1\cmath ****   inline _GLIBCXX_CONSTEXPR float
 388:c:\program files\daisytoolchain\arm-none-eabi\include\c++\10.2.1\cmath ****   pow(float __x, float __y)
 389:c:\program files\daisytoolchain\arm-none-eabi\include\c++\10.2.1\cmath ****   { return __builtin_powf(__x, __y); }
 390:c:\program files\daisytoolchain\arm-none-eabi\include\c++\10.2.1\cmath **** 
 391:c:\program files\daisytoolchain\arm-none-eabi\include\c++\10.2.1\cmath ****   inline _GLIBCXX_CONSTEXPR long double
 392:c:\program files\daisytoolchain\arm-none-eabi\include\c++\10.2.1\cmath ****   pow(long double __x, long double __y)
 393:c:\program files\daisytoolchain\arm-none-eabi\include\c++\10.2.1\cmath ****   { return __builtin_powl(__x, __y); }
ARM GAS  C:\Users\kgpol\AppData\Local\Temp\ccIP7kIm.s 			page 84


 394:c:\program files\daisytoolchain\arm-none-eabi\include\c++\10.2.1\cmath **** 
 395:c:\program files\daisytoolchain\arm-none-eabi\include\c++\10.2.1\cmath **** #if __cplusplus < 201103L
 396:c:\program files\daisytoolchain\arm-none-eabi\include\c++\10.2.1\cmath ****   // _GLIBCXX_RESOLVE_LIB_DEFECTS
 397:c:\program files\daisytoolchain\arm-none-eabi\include\c++\10.2.1\cmath ****   // DR 550. What should the return type of pow(float,int) be?
 398:c:\program files\daisytoolchain\arm-none-eabi\include\c++\10.2.1\cmath ****   inline double
 399:c:\program files\daisytoolchain\arm-none-eabi\include\c++\10.2.1\cmath ****   pow(double __x, int __i)
 400:c:\program files\daisytoolchain\arm-none-eabi\include\c++\10.2.1\cmath ****   { return __builtin_powi(__x, __i); }
 401:c:\program files\daisytoolchain\arm-none-eabi\include\c++\10.2.1\cmath **** 
 402:c:\program files\daisytoolchain\arm-none-eabi\include\c++\10.2.1\cmath ****   inline float
 403:c:\program files\daisytoolchain\arm-none-eabi\include\c++\10.2.1\cmath ****   pow(float __x, int __n)
 404:c:\program files\daisytoolchain\arm-none-eabi\include\c++\10.2.1\cmath ****   { return __builtin_powif(__x, __n); }
 405:c:\program files\daisytoolchain\arm-none-eabi\include\c++\10.2.1\cmath **** 
 406:c:\program files\daisytoolchain\arm-none-eabi\include\c++\10.2.1\cmath ****   inline long double
 407:c:\program files\daisytoolchain\arm-none-eabi\include\c++\10.2.1\cmath ****   pow(long double __x, int __n)
 408:c:\program files\daisytoolchain\arm-none-eabi\include\c++\10.2.1\cmath ****   { return __builtin_powil(__x, __n); }
 409:c:\program files\daisytoolchain\arm-none-eabi\include\c++\10.2.1\cmath **** #endif
 410:c:\program files\daisytoolchain\arm-none-eabi\include\c++\10.2.1\cmath **** #endif
 411:c:\program files\daisytoolchain\arm-none-eabi\include\c++\10.2.1\cmath **** 
 412:c:\program files\daisytoolchain\arm-none-eabi\include\c++\10.2.1\cmath ****   template<typename _Tp, typename _Up>
 413:c:\program files\daisytoolchain\arm-none-eabi\include\c++\10.2.1\cmath ****     inline _GLIBCXX_CONSTEXPR
 414:c:\program files\daisytoolchain\arm-none-eabi\include\c++\10.2.1\cmath ****     typename __gnu_cxx::__promote_2<_Tp, _Up>::__type
 415:c:\program files\daisytoolchain\arm-none-eabi\include\c++\10.2.1\cmath ****     pow(_Tp __x, _Up __y)
 416:c:\program files\daisytoolchain\arm-none-eabi\include\c++\10.2.1\cmath ****     {
 417:c:\program files\daisytoolchain\arm-none-eabi\include\c++\10.2.1\cmath ****       typedef typename __gnu_cxx::__promote_2<_Tp, _Up>::__type __type;
 418:c:\program files\daisytoolchain\arm-none-eabi\include\c++\10.2.1\cmath ****       return pow(__type(__x), __type(__y));
 419:c:\program files\daisytoolchain\arm-none-eabi\include\c++\10.2.1\cmath ****     }
 420:c:\program files\daisytoolchain\arm-none-eabi\include\c++\10.2.1\cmath **** 
 421:c:\program files\daisytoolchain\arm-none-eabi\include\c++\10.2.1\cmath ****   using ::sin;
 422:c:\program files\daisytoolchain\arm-none-eabi\include\c++\10.2.1\cmath **** 
 423:c:\program files\daisytoolchain\arm-none-eabi\include\c++\10.2.1\cmath **** #ifndef __CORRECT_ISO_CPP_MATH_H_PROTO
 424:c:\program files\daisytoolchain\arm-none-eabi\include\c++\10.2.1\cmath ****   inline _GLIBCXX_CONSTEXPR float
 425:c:\program files\daisytoolchain\arm-none-eabi\include\c++\10.2.1\cmath ****   sin(float __x)
 426:c:\program files\daisytoolchain\arm-none-eabi\include\c++\10.2.1\cmath ****   { return __builtin_sinf(__x); }
 2195              		.loc 17 426 26 view .LVU474
 2196 0068 B0EE680A 		vmov.f32	s0, s17
 2197 006c FFF7FEFF 		bl	sinf
 2198              	.LVL134:
 2199              	.LBE855:
 2200              	.LBE854:
 316:../../libDaisy//src/hid/disp/display.h ****         end_x   = cos(end_angle_rad) * radius;
 2201              		.loc 14 316 17 view .LVU475
 2202 0070 60EE698A 		vnmul.f32	s17, s0, s19
 2203              	.LVL135:
 2204              	.LBB857:
 2205              	.LBB858:
 185:c:\program files\daisytoolchain\arm-none-eabi\include\c++\10.2.1\cmath **** 
 2206              		.loc 17 185 26 view .LVU476
 2207 0074 B0EE4A0A 		vmov.f32	s0, s20
 2208 0078 FFF7FEFF 		bl	cosf
 2209              	.LVL136:
 2210 007c B0EE409A 		vmov.f32	s18, s0
 2211              	.LBE858:
 2212              	.LBE857:
 2213              	.LBB860:
 2214              	.LBB861:
 2215              		.loc 17 426 26 view .LVU477
 2216 0080 B0EE4A0A 		vmov.f32	s0, s20
ARM GAS  C:\Users\kgpol\AppData\Local\Temp\ccIP7kIm.s 			page 85


 2217 0084 FFF7FEFF 		bl	sinf
 2218              	.LVL137:
 2219              	.LBE861:
 2220              	.LBE860:
 318:../../libDaisy//src/hid/disp/display.h **** 
 2221              		.loc 14 318 17 view .LVU478
 2222 0088 20EE690A 		vnmul.f32	s0, s0, s19
 315:../../libDaisy//src/hid/disp/display.h ****         start_y = -sin(start_angle_rad) * radius;
 2223              		.loc 14 315 17 view .LVU479
 2224 008c 29EE888A 		vmul.f32	s16, s19, s16
 2225              	.LVL138:
 2226              	.LBB863:
 2227              	.LBI854:
 425:c:\program files\daisytoolchain\arm-none-eabi\include\c++\10.2.1\cmath ****   { return __builtin_sinf(__x); }
 2228              		.loc 17 425 3 is_stmt 1 view .LVU480
 2229              	.LBB856:
 2230              		.loc 17 426 5 view .LVU481
 2231              		.loc 17 426 5 is_stmt 0 view .LVU482
 2232              	.LBE856:
 2233              	.LBE863:
 2234              	.LBB864:
 2235              	.LBI857:
 184:c:\program files\daisytoolchain\arm-none-eabi\include\c++\10.2.1\cmath ****   { return __builtin_cosf(__x); }
 2236              		.loc 17 184 3 is_stmt 1 view .LVU483
 2237              	.LBB859:
 185:c:\program files\daisytoolchain\arm-none-eabi\include\c++\10.2.1\cmath **** 
 2238              		.loc 17 185 5 view .LVU484
 185:c:\program files\daisytoolchain\arm-none-eabi\include\c++\10.2.1\cmath **** 
 2239              		.loc 17 185 5 is_stmt 0 view .LVU485
 2240              	.LBE859:
 2241              	.LBE864:
 317:../../libDaisy//src/hid/disp/display.h ****         end_y   = -sin(end_angle_rad) * radius;
 2242              		.loc 14 317 17 view .LVU486
 2243 0090 29EE899A 		vmul.f32	s18, s19, s18
 2244              	.LVL139:
 2245              	.LBB865:
 2246              	.LBI860:
 425:c:\program files\daisytoolchain\arm-none-eabi\include\c++\10.2.1\cmath ****   { return __builtin_sinf(__x); }
 2247              		.loc 17 425 3 is_stmt 1 view .LVU487
 2248              	.LBB862:
 2249              		.loc 17 426 5 view .LVU488
 2250              		.loc 17 426 5 is_stmt 0 view .LVU489
 2251              	.LBE862:
 2252              	.LBE865:
 322:../../libDaisy//src/hid/disp/display.h ****            < 2.0f)
 2253              		.loc 14 322 25 view .LVU490
 2254 0094 70EE687A 		vsub.f32	s15, s0, s17
 321:../../libDaisy//src/hid/disp/display.h ****                + (end_y - start_y) * (end_y - start_y)
 2255              		.loc 14 321 9 view .LVU491
 2256 0098 F0EE006A 		vmov.f32	s13, #2.0e+0
 321:../../libDaisy//src/hid/disp/display.h ****                + (end_y - start_y) * (end_y - start_y)
 2257              		.loc 14 321 19 view .LVU492
 2258 009c 39EE487A 		vsub.f32	s14, s18, s16
 322:../../libDaisy//src/hid/disp/display.h ****            < 2.0f)
 2259              		.loc 14 322 36 view .LVU493
 2260 00a0 67EEA77A 		vmul.f32	s15, s15, s15
 322:../../libDaisy//src/hid/disp/display.h ****            < 2.0f)
ARM GAS  C:\Users\kgpol\AppData\Local\Temp\ccIP7kIm.s 			page 86


 2261              		.loc 14 322 16 view .LVU494
 2262 00a4 E7EE077A 		vfma.f32	s15, s14, s14
 321:../../libDaisy//src/hid/disp/display.h ****                + (end_y - start_y) * (end_y - start_y)
 2263              		.loc 14 321 9 view .LVU495
 2264 00a8 F4EEE67A 		vcmpe.f32	s15, s13
 2265 00ac F1EE10FA 		vmrs	APSR_nzcv, FPSCR
 2266 00b0 06D5     		bpl	.L168
 325:../../libDaisy//src/hid/disp/display.h ****                 circle = true;
 2267              		.loc 14 325 13 view .LVU496
 2268 00b2 139B     		ldr	r3, [sp, #76]
 2269 00b4 B42B     		cmp	r3, #180
 2270 00b6 40F39680 		ble	.L109
 326:../../libDaisy//src/hid/disp/display.h ****             else
 2271              		.loc 14 326 24 view .LVU497
 2272 00ba 4FF00109 		mov	r9, #1
 2273 00be 01E0     		b	.L112
 2274              	.L168:
 304:../../libDaisy//src/hid/disp/display.h **** 
 2275              		.loc 14 304 14 view .LVU498
 2276 00c0 4FF00009 		mov	r9, #0
 2277              	.L112:
 2278              	.LVL140:
 302:../../libDaisy//src/hid/disp/display.h **** 
 2279              		.loc 14 302 27 view .LVU499
 2280 00c4 0124     		movs	r4, #1
 332:../../libDaisy//src/hid/disp/display.h ****         t_y = 0;
 2281              		.loc 14 332 13 view .LVU500
 2282 00c6 7842     		rsbs	r0, r7, #0
 2283              	.LVL141:
 333:../../libDaisy//src/hid/disp/display.h ****         err = 2 - 2 * radius;
 2284              		.loc 14 333 13 view .LVU501
 2285 00c8 4FF0000C 		mov	ip, #0
 2286 00cc 0095     		str	r5, [sp]
 334:../../libDaisy//src/hid/disp/display.h **** 
 2287              		.loc 14 334 17 view .LVU502
 2288 00ce E31B     		subs	r3, r4, r7
 302:../../libDaisy//src/hid/disp/display.h **** 
 2289              		.loc 14 302 17 view .LVU503
 2290 00d0 2146     		mov	r1, r4
 302:../../libDaisy//src/hid/disp/display.h **** 
 2291              		.loc 14 302 22 view .LVU504
 2292 00d2 2746     		mov	r7, r4
 2293              	.LVL142:
 302:../../libDaisy//src/hid/disp/display.h **** 
 2294              		.loc 14 302 12 view .LVU505
 2295 00d4 2246     		mov	r2, r4
 334:../../libDaisy//src/hid/disp/display.h **** 
 2296              		.loc 14 334 17 view .LVU506
 2297 00d6 A340     		lsls	r3, r3, r4
 2298              	.LVL143:
 2299              	.L138:
 338:../../libDaisy//src/hid/disp/display.h ****             {
 2300              		.loc 14 338 13 view .LVU507
 2301 00d8 B9F1000F 		cmp	r9, #0
 2302 00dc 6AD1     		bne	.L114
 343:../../libDaisy//src/hid/disp/display.h ****                 t_exy  = end_x * t_y;
 2303              		.loc 14 343 34 view .LVU508
ARM GAS  C:\Users\kgpol\AppData\Local\Temp\ccIP7kIm.s 			page 87


 2304 00de 4242     		rsbs	r2, r0, #0
 2305              	.LVL144:
 340:../../libDaisy//src/hid/disp/display.h ****                 t_syx  = start_y * t_x;
 2306              		.loc 14 340 24 view .LVU509
 2307 00e0 06EE90CA 		vmov	s13, ip	@ int
 342:../../libDaisy//src/hid/disp/display.h ****                 t_synx = start_y * -t_x;
 2308              		.loc 14 342 34 view .LVU510
 2309 00e4 CCF10001 		rsb	r1, ip, #0
 2310              	.LVL145:
 343:../../libDaisy//src/hid/disp/display.h ****                 t_exy  = end_x * t_y;
 2311              		.loc 14 343 34 view .LVU511
 2312 00e8 07EE102A 		vmov	s14, r2	@ int
 340:../../libDaisy//src/hid/disp/display.h ****                 t_syx  = start_y * t_x;
 2313              		.loc 14 340 24 view .LVU512
 2314 00ec B8EEE66A 		vcvt.f32.s32	s12, s13
 342:../../libDaisy//src/hid/disp/display.h ****                 t_synx = start_y * -t_x;
 2315              		.loc 14 342 34 view .LVU513
 2316 00f0 07EE901A 		vmov	s15, r1	@ int
 341:../../libDaisy//src/hid/disp/display.h ****                 t_sxny = start_x * -t_y;
 2317              		.loc 14 341 24 view .LVU514
 2318 00f4 06EE900A 		vmov	s13, r0	@ int
 343:../../libDaisy//src/hid/disp/display.h ****                 t_exy  = end_x * t_y;
 2319              		.loc 14 343 34 view .LVU515
 2320 00f8 B8EEC77A 		vcvt.f32.s32	s14, s14
 349:../../libDaisy//src/hid/disp/display.h ****                 {
 2321              		.loc 14 349 17 view .LVU516
 2322 00fc 139A     		ldr	r2, [sp, #76]
 340:../../libDaisy//src/hid/disp/display.h ****                 t_syx  = start_y * t_x;
 2323              		.loc 14 340 24 view .LVU517
 2324 00fe 66EE084A 		vmul.f32	s9, s12, s16
 2325              	.LVL146:
 342:../../libDaisy//src/hid/disp/display.h ****                 t_synx = start_y * -t_x;
 2326              		.loc 14 342 34 view .LVU518
 2327 0102 F8EEE77A 		vcvt.f32.s32	s15, s15
 349:../../libDaisy//src/hid/disp/display.h ****                 {
 2328              		.loc 14 349 17 view .LVU519
 2329 0106 B42A     		cmp	r2, #180
 343:../../libDaisy//src/hid/disp/display.h ****                 t_exy  = end_x * t_y;
 2330              		.loc 14 343 24 view .LVU520
 2331 0108 27EE284A 		vmul.f32	s8, s14, s17
 341:../../libDaisy//src/hid/disp/display.h ****                 t_sxny = start_x * -t_y;
 2332              		.loc 14 341 24 view .LVU521
 2333 010c F8EEE66A 		vcvt.f32.s32	s13, s13
 342:../../libDaisy//src/hid/disp/display.h ****                 t_synx = start_y * -t_x;
 2334              		.loc 14 342 24 view .LVU522
 2335 0110 67EE885A 		vmul.f32	s11, s15, s16
 351:../../libDaisy//src/hid/disp/display.h ****                     d2 = (t_sxy - t_syx < 0 || t_exy - t_eyx > 0);
 2336              		.loc 14 351 33 view .LVU523
 2337 0114 74EEC43A 		vsub.f32	s7, s9, s8
 341:../../libDaisy//src/hid/disp/display.h ****                 t_sxny = start_x * -t_y;
 2338              		.loc 14 341 24 view .LVU524
 2339 0118 26EEA85A 		vmul.f32	s10, s13, s17
 2340              	.LVL147:
 344:../../libDaisy//src/hid/disp/display.h ****                 t_eyx  = end_y * t_x;
 2341              		.loc 14 344 24 view .LVU525
 2342 011c 26EE096A 		vmul.f32	s12, s12, s18
 2343              	.LVL148:
ARM GAS  C:\Users\kgpol\AppData\Local\Temp\ccIP7kIm.s 			page 88


 345:../../libDaisy//src/hid/disp/display.h ****                 t_exny = end_x * -t_y;
 2344              		.loc 14 345 24 view .LVU526
 2345 0120 66EE806A 		vmul.f32	s13, s13, s0
 2346              	.LVL149:
 346:../../libDaisy//src/hid/disp/display.h ****                 t_eynx = end_y * -t_x;
 2347              		.loc 14 346 24 view .LVU527
 2348 0124 67EE897A 		vmul.f32	s15, s15, s18
 2349              	.LVL150:
 347:../../libDaisy//src/hid/disp/display.h **** 
 2350              		.loc 14 347 24 view .LVU528
 2351 0128 27EE007A 		vmul.f32	s14, s14, s0
 2352              	.LVL151:
 351:../../libDaisy//src/hid/disp/display.h ****                     d2 = (t_sxy - t_syx < 0 || t_exy - t_eyx > 0);
 2353              		.loc 14 351 46 view .LVU529
 2354 012c F5EEC03A 		vcmpe.f32	s7, #0
 349:../../libDaisy//src/hid/disp/display.h ****                 {
 2355              		.loc 14 349 17 view .LVU530
 2356 0130 40F3F280 		ble	.L115
 351:../../libDaisy//src/hid/disp/display.h ****                     d2 = (t_sxy - t_syx < 0 || t_exy - t_eyx > 0);
 2357              		.loc 14 351 46 view .LVU531
 2358 0134 F1EE10FA 		vmrs	APSR_nzcv, FPSCR
 2359 0138 00F17F81 		bmi	.L141
 351:../../libDaisy//src/hid/disp/display.h ****                     d2 = (t_sxy - t_syx < 0 || t_exy - t_eyx > 0);
 2360              		.loc 14 351 55 discriminator 2 view .LVU532
 2361 013c 76EE473A 		vsub.f32	s7, s12, s14
 352:../../libDaisy//src/hid/disp/display.h ****                     d3 = (t_sxny - t_syx < 0 || t_exny - t_eyx > 0);
 2362              		.loc 14 352 33 discriminator 2 view .LVU533
 2363 0140 74EEC54A 		vsub.f32	s9, s9, s10
 2364              	.LVL152:
 351:../../libDaisy//src/hid/disp/display.h ****                     d2 = (t_sxy - t_syx < 0 || t_exy - t_eyx > 0);
 2365              		.loc 14 351 46 discriminator 2 view .LVU534
 2366 0144 F5EEC03A 		vcmpe.f32	s7, #0
 2367 0148 F1EE10FA 		vmrs	APSR_nzcv, FPSCR
 352:../../libDaisy//src/hid/disp/display.h ****                     d3 = (t_sxny - t_syx < 0 || t_exny - t_eyx > 0);
 2368              		.loc 14 352 45 discriminator 2 view .LVU535
 2369 014c F5EEC04A 		vcmpe.f32	s9, #0
 351:../../libDaisy//src/hid/disp/display.h ****                     d2 = (t_sxy - t_syx < 0 || t_exy - t_eyx > 0);
 2370              		.loc 14 351 46 discriminator 2 view .LVU536
 2371 0150 CCBF     		ite	gt
 2372 0152 0122     		movgt	r2, #1
 2373 0154 0022     		movle	r2, #0
 2374              	.LVL153:
 352:../../libDaisy//src/hid/disp/display.h ****                     d3 = (t_sxny - t_syx < 0 || t_exny - t_eyx > 0);
 2375              		.loc 14 352 45 discriminator 2 view .LVU537
 2376 0156 F1EE10FA 		vmrs	APSR_nzcv, FPSCR
 2377 015a 00F17781 		bmi	.L142
 2378              	.L184:
 352:../../libDaisy//src/hid/disp/display.h ****                     d3 = (t_sxny - t_syx < 0 || t_exny - t_eyx > 0);
 2379              		.loc 14 352 54 discriminator 2 view .LVU538
 2380 015e 36EE666A 		vsub.f32	s12, s12, s13
 2381              	.LVL154:
 353:../../libDaisy//src/hid/disp/display.h ****                     d4 = (t_sxny - t_synx < 0 || t_exny - t_eynx > 0);
 2382              		.loc 14 353 34 discriminator 2 view .LVU539
 2383 0162 35EEC55A 		vsub.f32	s10, s11, s10
 2384              	.LVL155:
 352:../../libDaisy//src/hid/disp/display.h ****                     d3 = (t_sxny - t_syx < 0 || t_exny - t_eyx > 0);
 2385              		.loc 14 352 45 discriminator 2 view .LVU540
ARM GAS  C:\Users\kgpol\AppData\Local\Temp\ccIP7kIm.s 			page 89


 2386 0166 B5EEC06A 		vcmpe.f32	s12, #0
 2387 016a F1EE10FA 		vmrs	APSR_nzcv, FPSCR
 353:../../libDaisy//src/hid/disp/display.h ****                     d4 = (t_sxny - t_synx < 0 || t_exny - t_eynx > 0);
 2388              		.loc 14 353 46 discriminator 2 view .LVU541
 2389 016e B5EEC05A 		vcmpe.f32	s10, #0
 352:../../libDaisy//src/hid/disp/display.h ****                     d3 = (t_sxny - t_syx < 0 || t_exny - t_eyx > 0);
 2390              		.loc 14 352 45 discriminator 2 view .LVU542
 2391 0172 CCBF     		ite	gt
 2392 0174 0121     		movgt	r1, #1
 2393 0176 0021     		movle	r1, #0
 2394              	.LVL156:
 353:../../libDaisy//src/hid/disp/display.h ****                     d4 = (t_sxny - t_synx < 0 || t_exny - t_eynx > 0);
 2395              		.loc 14 353 46 discriminator 2 view .LVU543
 2396 0178 F1EE10FA 		vmrs	APSR_nzcv, FPSCR
 2397 017c 00F16F81 		bmi	.L143
 2398              	.L185:
 353:../../libDaisy//src/hid/disp/display.h ****                     d4 = (t_sxny - t_synx < 0 || t_exny - t_eynx > 0);
 2399              		.loc 14 353 56 discriminator 2 view .LVU544
 2400 0180 77EEE66A 		vsub.f32	s13, s15, s13
 2401              	.LVL157:
 353:../../libDaisy//src/hid/disp/display.h ****                     d4 = (t_sxny - t_synx < 0 || t_exny - t_eynx > 0);
 2402              		.loc 14 353 46 discriminator 2 view .LVU545
 2403 0184 F5EEC06A 		vcmpe.f32	s13, #0
 2404 0188 F1EE10FA 		vmrs	APSR_nzcv, FPSCR
 2405 018c CCBF     		ite	gt
 2406 018e 0127     		movgt	r7, #1
 2407              	.LVL158:
 353:../../libDaisy//src/hid/disp/display.h ****                     d4 = (t_sxny - t_synx < 0 || t_exny - t_eynx > 0);
 2408              		.loc 14 353 46 discriminator 2 view .LVU546
 2409 0190 0027     		movle	r7, #0
 2410              	.L118:
 2411              	.LVL159:
 354:../../libDaisy//src/hid/disp/display.h ****                 }
 2412              		.loc 14 354 34 discriminator 6 view .LVU547
 2413 0192 75EEC45A 		vsub.f32	s11, s11, s8
 2414              	.LVL160:
 354:../../libDaisy//src/hid/disp/display.h ****                 }
 2415              		.loc 14 354 47 discriminator 6 view .LVU548
 2416 0196 F5EEC05A 		vcmpe.f32	s11, #0
 2417 019a F1EE10FA 		vmrs	APSR_nzcv, FPSCR
 2418 019e 00F14781 		bmi	.L144
 2419              	.L174:
 361:../../libDaisy//src/hid/disp/display.h ****                 }
 2420              		.loc 14 361 57 discriminator 1 view .LVU549
 2421 01a2 77EEC77A 		vsub.f32	s15, s15, s14
 2422              	.LVL161:
 361:../../libDaisy//src/hid/disp/display.h ****                 }
 2423              		.loc 14 361 47 discriminator 1 view .LVU550
 2424 01a6 F5EEC07A 		vcmpe.f32	s15, #0
 2425 01aa F1EE10FA 		vmrs	APSR_nzcv, FPSCR
 2426 01ae CCBF     		ite	gt
 2427 01b0 0124     		movgt	r4, #1
 2428              	.LVL162:
 361:../../libDaisy//src/hid/disp/display.h ****                 }
 2429              		.loc 14 361 47 discriminator 1 view .LVU551
 2430 01b2 0024     		movle	r4, #0
 2431              	.LVL163:
ARM GAS  C:\Users\kgpol\AppData\Local\Temp\ccIP7kIm.s 			page 90


 2432              	.L114:
 365:../../libDaisy//src/hid/disp/display.h ****                 ((ChildType*)(this))
 2433              		.loc 14 365 13 view .LVU552
 2434 01b4 002A     		cmp	r2, #0
 2435 01b6 40F08A80 		bne	.L175
 2436              	.L126:
 368:../../libDaisy//src/hid/disp/display.h ****                 ((ChildType*)(this))
 2437              		.loc 14 368 13 view .LVU553
 2438 01ba 0029     		cmp	r1, #0
 2439 01bc 64D1     		bne	.L176
 2440              	.L128:
 371:../../libDaisy//src/hid/disp/display.h ****                 ((ChildType*)(this))
 2441              		.loc 14 371 13 view .LVU554
 2442 01be BFB9     		cbnz	r7, .L177
 2443              	.L130:
 374:../../libDaisy//src/hid/disp/display.h ****                 ((ChildType*)(this))
 2444              		.loc 14 374 13 view .LVU555
 2445 01c0 C4BB     		cbnz	r4, .L178
 2446              	.L132:
 2447              	.LVL164:
 379:../../libDaisy//src/hid/disp/display.h ****             {
 2448              		.loc 14 379 13 view .LVU556
 2449 01c2 9C45     		cmp	ip, r3
 2450 01c4 58DB     		blt	.L149
 2451              	.L180:
 381:../../libDaisy//src/hid/disp/display.h ****                 err = err + (t_y * 2 + 1);
 2452              		.loc 14 381 17 view .LVU557
 2453 01c6 0CF1010C 		add	ip, ip, #1
 2454              	.LVL165:
 382:../../libDaisy//src/hid/disp/display.h ****                 if(-t_x == t_y && e2 <= t_x)
 2455              		.loc 14 382 38 view .LVU558
 2456 01ca 03EB4C0E 		add	lr, r3, ip, lsl #1
 383:../../libDaisy//src/hid/disp/display.h ****                 {
 2457              		.loc 14 383 17 view .LVU559
 2458 01ce 1CEB000F 		cmn	ip, r0
 382:../../libDaisy//src/hid/disp/display.h ****                 if(-t_x == t_y && e2 <= t_x)
 2459              		.loc 14 382 21 view .LVU560
 2460 01d2 0EF1010E 		add	lr, lr, #1
 2461              	.LVL166:
 383:../../libDaisy//src/hid/disp/display.h ****                 {
 2462              		.loc 14 383 17 view .LVU561
 2463 01d6 00F0C080 		beq	.L179
 2464              	.LVL167:
 2465              	.L134:
 388:../../libDaisy//src/hid/disp/display.h ****             {
 2466              		.loc 14 388 13 view .LVU562
 2467 01da 9842     		cmp	r0, r3
 2468 01dc 4FDB     		blt	.L135
 2469              	.L150:
 388:../../libDaisy//src/hid/disp/display.h ****             {
 2470              		.loc 14 388 13 view .LVU563
 2471 01de 7346     		mov	r3, lr
 2472              	.LVL168:
 2473              	.L136:
 393:../../libDaisy//src/hid/disp/display.h ****     }
 2474              		.loc 14 393 21 is_stmt 1 view .LVU564
 2475 01e0 0028     		cmp	r0, #0
ARM GAS  C:\Users\kgpol\AppData\Local\Temp\ccIP7kIm.s 			page 91


 2476 01e2 7FF779AF 		ble	.L138
 2477              	.LVL169:
 2478              	.L109:
 394:../../libDaisy//src/hid/disp/display.h **** 
 2479              		.loc 14 394 5 is_stmt 0 view .LVU565
 2480 01e6 03B0     		add	sp, sp, #12
 2481              		.cfi_remember_state
 2482              		.cfi_def_cfa_offset 60
 2483              		@ sp needed
 2484 01e8 BDEC068B 		vldm	sp!, {d8-d10}
 2485              		.cfi_restore 84
 2486              		.cfi_restore 85
 2487              		.cfi_restore 82
 2488              		.cfi_restore 83
 2489              		.cfi_restore 80
 2490              		.cfi_restore 81
 2491              		.cfi_def_cfa_offset 36
 2492              	.LVL170:
 394:../../libDaisy//src/hid/disp/display.h **** 
 2493              		.loc 14 394 5 view .LVU566
 2494 01ec BDE8F08F 		pop	{r4, r5, r6, r7, r8, r9, r10, fp, pc}
 2495              	.LVL171:
 2496              	.L177:
 2497              		.cfi_restore_state
 373:../../libDaisy//src/hid/disp/display.h ****             if(d4)
 2498              		.loc 14 373 43 view .LVU567
 2499 01f0 009D     		ldr	r5, [sp]
 2500 01f2 A6EB0C0E 		sub	lr, r6, ip
 2501 01f6 00EB050A 		add	r10, r0, r5
 2502              	.LVL172:
 2503              	.LBB866:
 2504              	.LBI866:
  42:../../libDaisy//src/hid/disp/oled_display.h ****     {
 2505              		.loc 12 42 10 is_stmt 1 view .LVU568
 2506              	.LBB867:
 2507              	.LBI867:
 352:../../libDaisy//src/dev/oled_ssd130x.h ****     {
 2508              		.loc 13 352 10 view .LVU569
 2509              	.LBB868:
 354:../../libDaisy//src/dev/oled_ssd130x.h ****             return;
 2510              		.loc 13 354 9 is_stmt 0 view .LVU570
 2511 01fa BAF17F0F 		cmp	r10, #127
 2512 01fe DFD8     		bhi	.L130
 2513 0200 BEF13F0F 		cmp	lr, #63
 2514 0204 DCD8     		bhi	.L130
 357:../../libDaisy//src/dev/oled_ssd130x.h ****         else
 2515              		.loc 13 357 28 view .LVU571
 2516 0206 4FEADE0B 		lsr	fp, lr, #3
 356:../../libDaisy//src/dev/oled_ssd130x.h ****             buffer_[x + (y / 8) * width] |= (1 << (y % 8));
 2517              		.loc 13 356 9 view .LVU572
 2518 020a 019D     		ldr	r5, [sp, #4]
 357:../../libDaisy//src/dev/oled_ssd130x.h ****         else
 2519              		.loc 13 357 42 view .LVU573
 2520 020c 0AEBCB1A 		add	r10, r10, fp, lsl #7
 2521              	.LVL173:
 356:../../libDaisy//src/dev/oled_ssd130x.h ****             buffer_[x + (y / 8) * width] |= (1 << (y % 8));
 2522              		.loc 13 356 9 view .LVU574
ARM GAS  C:\Users\kgpol\AppData\Local\Temp\ccIP7kIm.s 			page 92


 2523 0210 002D     		cmp	r5, #0
 2524 0212 00F0B180 		beq	.L131
 357:../../libDaisy//src/dev/oled_ssd130x.h ****         else
 2525              		.loc 13 357 54 view .LVU575
 2526 0216 0EF0070B 		and	fp, lr, #7
 357:../../libDaisy//src/dev/oled_ssd130x.h ****         else
 2527              		.loc 13 357 42 view .LVU576
 2528 021a C244     		add	r10, r10, r8
 357:../../libDaisy//src/dev/oled_ssd130x.h ****         else
 2529              		.loc 13 357 48 view .LVU577
 2530 021c 4FF0010E 		mov	lr, #1
 2531              	.LVL174:
 357:../../libDaisy//src/dev/oled_ssd130x.h ****         else
 2532              		.loc 13 357 48 view .LVU578
 2533 0220 0EFA0BFE 		lsl	lr, lr, fp
 357:../../libDaisy//src/dev/oled_ssd130x.h ****         else
 2534              		.loc 13 357 42 view .LVU579
 2535 0224 9AF814B0 		ldrb	fp, [r10, #20]	@ zero_extendqisi2
 2536 0228 4EEA0B0E 		orr	lr, lr, fp
 2537 022c 8AF814E0 		strb	lr, [r10, #20]
 2538              	.LVL175:
 357:../../libDaisy//src/dev/oled_ssd130x.h ****         else
 2539              		.loc 13 357 42 view .LVU580
 2540              	.LBE868:
 2541              	.LBE867:
 2542              	.LBE866:
 374:../../libDaisy//src/hid/disp/display.h ****                 ((ChildType*)(this))
 2543              		.loc 14 374 13 view .LVU581
 2544 0230 002C     		cmp	r4, #0
 2545 0232 C6D0     		beq	.L132
 2546              	.L178:
 376:../../libDaisy//src/hid/disp/display.h **** 
 2547              		.loc 14 376 43 view .LVU582
 2548 0234 009D     		ldr	r5, [sp]
 2549 0236 A6EB0C0E 		sub	lr, r6, ip
 2550 023a A5EB000A 		sub	r10, r5, r0
 2551              	.LVL176:
 2552              	.LBB873:
 2553              	.LBI873:
  42:../../libDaisy//src/hid/disp/oled_display.h ****     {
 2554              		.loc 12 42 10 is_stmt 1 view .LVU583
 2555              	.LBB874:
 2556              	.LBI874:
 352:../../libDaisy//src/dev/oled_ssd130x.h ****     {
 2557              		.loc 13 352 10 view .LVU584
 2558              	.LBB875:
 354:../../libDaisy//src/dev/oled_ssd130x.h ****             return;
 2559              		.loc 13 354 9 is_stmt 0 view .LVU585
 2560 023e BAF17F0F 		cmp	r10, #127
 2561 0242 BED8     		bhi	.L132
 2562 0244 BEF13F0F 		cmp	lr, #63
 2563 0248 BBD8     		bhi	.L132
 357:../../libDaisy//src/dev/oled_ssd130x.h ****         else
 2564              		.loc 13 357 28 view .LVU586
 2565 024a 4FEADE0B 		lsr	fp, lr, #3
 356:../../libDaisy//src/dev/oled_ssd130x.h ****             buffer_[x + (y / 8) * width] |= (1 << (y % 8));
 2566              		.loc 13 356 9 view .LVU587
ARM GAS  C:\Users\kgpol\AppData\Local\Temp\ccIP7kIm.s 			page 93


 2567 024e 019D     		ldr	r5, [sp, #4]
 357:../../libDaisy//src/dev/oled_ssd130x.h ****         else
 2568              		.loc 13 357 42 view .LVU588
 2569 0250 0AEBCB1A 		add	r10, r10, fp, lsl #7
 2570              	.LVL177:
 356:../../libDaisy//src/dev/oled_ssd130x.h ****             buffer_[x + (y / 8) * width] |= (1 << (y % 8));
 2571              		.loc 13 356 9 view .LVU589
 2572 0254 002D     		cmp	r5, #0
 2573 0256 00F0AE80 		beq	.L133
 357:../../libDaisy//src/dev/oled_ssd130x.h ****         else
 2574              		.loc 13 357 54 view .LVU590
 2575 025a 0EF0070B 		and	fp, lr, #7
 357:../../libDaisy//src/dev/oled_ssd130x.h ****         else
 2576              		.loc 13 357 42 view .LVU591
 2577 025e C244     		add	r10, r10, r8
 357:../../libDaisy//src/dev/oled_ssd130x.h ****         else
 2578              		.loc 13 357 48 view .LVU592
 2579 0260 4FF0010E 		mov	lr, #1
 2580              	.LVL178:
 357:../../libDaisy//src/dev/oled_ssd130x.h ****         else
 2581              		.loc 13 357 48 view .LVU593
 2582              	.LBE875:
 2583              	.LBE874:
 2584              	.LBE873:
 379:../../libDaisy//src/hid/disp/display.h ****             {
 2585              		.loc 14 379 13 view .LVU594
 2586 0264 9C45     		cmp	ip, r3
 2587              	.LBB882:
 2588              	.LBB880:
 2589              	.LBB878:
 357:../../libDaisy//src/dev/oled_ssd130x.h ****         else
 2590              		.loc 13 357 48 view .LVU595
 2591 0266 0EFA0BFE 		lsl	lr, lr, fp
 357:../../libDaisy//src/dev/oled_ssd130x.h ****         else
 2592              		.loc 13 357 42 view .LVU596
 2593 026a 9AF814B0 		ldrb	fp, [r10, #20]	@ zero_extendqisi2
 2594 026e 4EEA0B0E 		orr	lr, lr, fp
 2595 0272 8AF814E0 		strb	lr, [r10, #20]
 2596              	.LVL179:
 357:../../libDaisy//src/dev/oled_ssd130x.h ****         else
 2597              		.loc 13 357 42 view .LVU597
 2598              	.LBE878:
 2599              	.LBE880:
 2600              	.LBE882:
 379:../../libDaisy//src/hid/disp/display.h ****             {
 2601              		.loc 14 379 13 view .LVU598
 2602 0276 A6DA     		bge	.L180
 2603              	.L149:
 388:../../libDaisy//src/hid/disp/display.h ****             {
 2604              		.loc 14 388 13 view .LVU599
 2605 0278 9842     		cmp	r0, r3
 2606 027a 9E46     		mov	lr, r3
 2607              	.LVL180:
 388:../../libDaisy//src/hid/disp/display.h ****             {
 2608              		.loc 14 388 13 view .LVU600
 2609 027c AFDA     		bge	.L150
 2610              	.LVL181:
ARM GAS  C:\Users\kgpol\AppData\Local\Temp\ccIP7kIm.s 			page 94


 2611              	.L135:
 390:../../libDaisy//src/hid/disp/display.h ****                 err = err + (t_x * 2 + 1);
 2612              		.loc 14 390 17 view .LVU601
 2613 027e 0130     		adds	r0, r0, #1
 2614              	.LVL182:
 391:../../libDaisy//src/hid/disp/display.h ****             }
 2615              		.loc 14 391 38 view .LVU602
 2616 0280 0EEB4003 		add	r3, lr, r0, lsl #1
 391:../../libDaisy//src/hid/disp/display.h ****             }
 2617              		.loc 14 391 21 view .LVU603
 2618 0284 0133     		adds	r3, r3, #1
 2619              	.LVL183:
 391:../../libDaisy//src/hid/disp/display.h ****             }
 2620              		.loc 14 391 21 view .LVU604
 2621 0286 ABE7     		b	.L136
 2622              	.L176:
 370:../../libDaisy//src/hid/disp/display.h ****             if(d3)
 2623              		.loc 14 370 43 view .LVU605
 2624 0288 009D     		ldr	r5, [sp]
 2625 028a 0CEB060E 		add	lr, ip, r6
 2626 028e 00EB050A 		add	r10, r0, r5
 2627              	.LVL184:
 2628              	.LBB883:
 2629              	.LBI883:
  42:../../libDaisy//src/hid/disp/oled_display.h ****     {
 2630              		.loc 12 42 10 is_stmt 1 view .LVU606
 2631              	.LBB884:
 2632              	.LBI884:
 352:../../libDaisy//src/dev/oled_ssd130x.h ****     {
 2633              		.loc 13 352 10 view .LVU607
 2634              	.LBB885:
 354:../../libDaisy//src/dev/oled_ssd130x.h ****             return;
 2635              		.loc 13 354 9 is_stmt 0 view .LVU608
 2636 0292 BAF17F0F 		cmp	r10, #127
 2637 0296 92D8     		bhi	.L128
 2638 0298 BEF13F0F 		cmp	lr, #63
 2639 029c 8FD8     		bhi	.L128
 357:../../libDaisy//src/dev/oled_ssd130x.h ****         else
 2640              		.loc 13 357 28 view .LVU609
 2641 029e 4FEADE0B 		lsr	fp, lr, #3
 356:../../libDaisy//src/dev/oled_ssd130x.h ****             buffer_[x + (y / 8) * width] |= (1 << (y % 8));
 2642              		.loc 13 356 9 view .LVU610
 2643 02a2 019D     		ldr	r5, [sp, #4]
 357:../../libDaisy//src/dev/oled_ssd130x.h ****         else
 2644              		.loc 13 357 42 view .LVU611
 2645 02a4 0AEBCB1A 		add	r10, r10, fp, lsl #7
 2646              	.LVL185:
 356:../../libDaisy//src/dev/oled_ssd130x.h ****             buffer_[x + (y / 8) * width] |= (1 << (y % 8));
 2647              		.loc 13 356 9 view .LVU612
 2648 02a8 002D     		cmp	r5, #0
 2649 02aa 73D0     		beq	.L129
 357:../../libDaisy//src/dev/oled_ssd130x.h ****         else
 2650              		.loc 13 357 54 view .LVU613
 2651 02ac 0EF0070B 		and	fp, lr, #7
 357:../../libDaisy//src/dev/oled_ssd130x.h ****         else
 2652              		.loc 13 357 42 view .LVU614
 2653 02b0 C244     		add	r10, r10, r8
ARM GAS  C:\Users\kgpol\AppData\Local\Temp\ccIP7kIm.s 			page 95


 357:../../libDaisy//src/dev/oled_ssd130x.h ****         else
 2654              		.loc 13 357 48 view .LVU615
 2655 02b2 4FF0010E 		mov	lr, #1
 2656              	.LVL186:
 357:../../libDaisy//src/dev/oled_ssd130x.h ****         else
 2657              		.loc 13 357 48 view .LVU616
 2658 02b6 0EFA0BFE 		lsl	lr, lr, fp
 357:../../libDaisy//src/dev/oled_ssd130x.h ****         else
 2659              		.loc 13 357 42 view .LVU617
 2660 02ba 9AF814B0 		ldrb	fp, [r10, #20]	@ zero_extendqisi2
 2661 02be 4EEA0B0E 		orr	lr, lr, fp
 2662 02c2 8AF814E0 		strb	lr, [r10, #20]
 2663              	.LVL187:
 357:../../libDaisy//src/dev/oled_ssd130x.h ****         else
 2664              		.loc 13 357 42 view .LVU618
 2665              	.LBE885:
 2666              	.LBE884:
 2667              	.LBE883:
 371:../../libDaisy//src/hid/disp/display.h ****                 ((ChildType*)(this))
 2668              		.loc 14 371 13 view .LVU619
 2669 02c6 002F     		cmp	r7, #0
 2670 02c8 3FF47AAF 		beq	.L130
 2671 02cc 90E7     		b	.L177
 2672              	.L175:
 367:../../libDaisy//src/hid/disp/display.h ****             if(d2)
 2673              		.loc 14 367 43 view .LVU620
 2674 02ce 009D     		ldr	r5, [sp]
 2675 02d0 0CEB060E 		add	lr, ip, r6
 2676 02d4 A5EB000A 		sub	r10, r5, r0
 2677              	.LVL188:
 2678              	.LBB890:
 2679              	.LBI890:
  42:../../libDaisy//src/hid/disp/oled_display.h ****     {
 2680              		.loc 12 42 10 is_stmt 1 view .LVU621
 2681              	.LBB891:
 2682              	.LBI891:
 352:../../libDaisy//src/dev/oled_ssd130x.h ****     {
 2683              		.loc 13 352 10 view .LVU622
 2684              	.LBB892:
 354:../../libDaisy//src/dev/oled_ssd130x.h ****             return;
 2685              		.loc 13 354 9 is_stmt 0 view .LVU623
 2686 02d8 BAF17F0F 		cmp	r10, #127
 2687 02dc 3FF66DAF 		bhi	.L126
 2688 02e0 BEF13F0F 		cmp	lr, #63
 2689 02e4 3FF669AF 		bhi	.L126
 357:../../libDaisy//src/dev/oled_ssd130x.h ****         else
 2690              		.loc 13 357 28 view .LVU624
 2691 02e8 4FEADE0B 		lsr	fp, lr, #3
 356:../../libDaisy//src/dev/oled_ssd130x.h ****             buffer_[x + (y / 8) * width] |= (1 << (y % 8));
 2692              		.loc 13 356 9 view .LVU625
 2693 02ec 019D     		ldr	r5, [sp, #4]
 357:../../libDaisy//src/dev/oled_ssd130x.h ****         else
 2694              		.loc 13 357 42 view .LVU626
 2695 02ee 0AEBCB1A 		add	r10, r10, fp, lsl #7
 2696              	.LVL189:
 356:../../libDaisy//src/dev/oled_ssd130x.h ****             buffer_[x + (y / 8) * width] |= (1 << (y % 8));
 2697              		.loc 13 356 9 view .LVU627
ARM GAS  C:\Users\kgpol\AppData\Local\Temp\ccIP7kIm.s 			page 96


 2698 02f2 002D     		cmp	r5, #0
 2699 02f4 6DD0     		beq	.L127
 357:../../libDaisy//src/dev/oled_ssd130x.h ****         else
 2700              		.loc 13 357 54 view .LVU628
 2701 02f6 0EF0070B 		and	fp, lr, #7
 357:../../libDaisy//src/dev/oled_ssd130x.h ****         else
 2702              		.loc 13 357 42 view .LVU629
 2703 02fa C244     		add	r10, r10, r8
 357:../../libDaisy//src/dev/oled_ssd130x.h ****         else
 2704              		.loc 13 357 48 view .LVU630
 2705 02fc 4FF0010E 		mov	lr, #1
 2706              	.LVL190:
 357:../../libDaisy//src/dev/oled_ssd130x.h ****         else
 2707              		.loc 13 357 48 view .LVU631
 2708 0300 0EFA0BFE 		lsl	lr, lr, fp
 357:../../libDaisy//src/dev/oled_ssd130x.h ****         else
 2709              		.loc 13 357 42 view .LVU632
 2710 0304 9AF814B0 		ldrb	fp, [r10, #20]	@ zero_extendqisi2
 2711 0308 4EEA0B0E 		orr	lr, lr, fp
 2712 030c 8AF814E0 		strb	lr, [r10, #20]
 2713              	.LVL191:
 357:../../libDaisy//src/dev/oled_ssd130x.h ****         else
 2714              		.loc 13 357 42 view .LVU633
 2715              	.LBE892:
 2716              	.LBE891:
 2717              	.LBE890:
 368:../../libDaisy//src/hid/disp/display.h ****                 ((ChildType*)(this))
 2718              		.loc 14 368 13 view .LVU634
 2719 0310 0029     		cmp	r1, #0
 2720 0312 3FF454AF 		beq	.L128
 2721 0316 B7E7     		b	.L176
 2722              	.LVL192:
 2723              	.L115:
 358:../../libDaisy//src/hid/disp/display.h ****                     d2 = (t_sxy - t_syx < 0 && t_exy - t_eyx > 0);
 2724              		.loc 14 358 46 view .LVU635
 2725 0318 F1EE10FA 		vmrs	APSR_nzcv, FPSCR
 2726 031c 7ED4     		bmi	.L181
 2727 031e 4A46     		mov	r2, r9
 2728              	.L119:
 2729              	.LVL193:
 359:../../libDaisy//src/hid/disp/display.h ****                     d3 = (t_sxny - t_syx < 0 && t_exny - t_eyx > 0);
 2730              		.loc 14 359 33 discriminator 6 view .LVU636
 2731 0320 74EEC54A 		vsub.f32	s9, s9, s10
 2732              	.LVL194:
 359:../../libDaisy//src/hid/disp/display.h ****                     d3 = (t_sxny - t_syx < 0 && t_exny - t_eyx > 0);
 2733              		.loc 14 359 45 discriminator 6 view .LVU637
 2734 0324 F5EEC04A 		vcmpe.f32	s9, #0
 2735 0328 F1EE10FA 		vmrs	APSR_nzcv, FPSCR
 2736 032c 6CD4     		bmi	.L182
 359:../../libDaisy//src/hid/disp/display.h ****                     d3 = (t_sxny - t_syx < 0 && t_exny - t_eyx > 0);
 2737              		.loc 14 359 45 view .LVU638
 2738 032e 0021     		movs	r1, #0
 2739              	.LVL195:
 2740              	.L121:
 360:../../libDaisy//src/hid/disp/display.h ****                     d4 = (t_sxny - t_synx < 0 && t_exny - t_eynx > 0);
 2741              		.loc 14 360 34 discriminator 6 view .LVU639
 2742 0330 35EEC55A 		vsub.f32	s10, s11, s10
ARM GAS  C:\Users\kgpol\AppData\Local\Temp\ccIP7kIm.s 			page 97


 2743              	.LVL196:
 360:../../libDaisy//src/hid/disp/display.h ****                     d4 = (t_sxny - t_synx < 0 && t_exny - t_eynx > 0);
 2744              		.loc 14 360 46 discriminator 6 view .LVU640
 2745 0334 B5EEC05A 		vcmpe.f32	s10, #0
 2746 0338 F1EE10FA 		vmrs	APSR_nzcv, FPSCR
 2747 033c 5AD4     		bmi	.L183
 360:../../libDaisy//src/hid/disp/display.h ****                     d4 = (t_sxny - t_synx < 0 && t_exny - t_eynx > 0);
 2748              		.loc 14 360 46 view .LVU641
 2749 033e 0027     		movs	r7, #0
 2750              	.LVL197:
 2751              	.L123:
 361:../../libDaisy//src/hid/disp/display.h ****                 }
 2752              		.loc 14 361 34 discriminator 6 view .LVU642
 2753 0340 75EEC45A 		vsub.f32	s11, s11, s8
 2754              	.LVL198:
 361:../../libDaisy//src/hid/disp/display.h ****                 }
 2755              		.loc 14 361 47 discriminator 6 view .LVU643
 2756 0344 F5EEC05A 		vcmpe.f32	s11, #0
 2757 0348 F1EE10FA 		vmrs	APSR_nzcv, FPSCR
 2758 034c 3FF529AF 		bmi	.L174
 361:../../libDaisy//src/hid/disp/display.h ****                 }
 2759              		.loc 14 361 47 view .LVU644
 2760 0350 0024     		movs	r4, #0
 2761              	.LVL199:
 365:../../libDaisy//src/hid/disp/display.h ****                 ((ChildType*)(this))
 2762              		.loc 14 365 13 view .LVU645
 2763 0352 002A     		cmp	r2, #0
 2764 0354 3FF431AF 		beq	.L126
 2765 0358 B9E7     		b	.L175
 2766              	.LVL200:
 2767              	.L179:
 383:../../libDaisy//src/hid/disp/display.h ****                 {
 2768              		.loc 14 383 32 discriminator 1 view .LVU646
 2769 035a 9842     		cmp	r0, r3
 2770 035c 8FDB     		blt	.L135
 385:../../libDaisy//src/hid/disp/display.h ****                 }
 2771              		.loc 14 385 24 view .LVU647
 2772 035e 0023     		movs	r3, #0
 2773              	.LVL201:
 385:../../libDaisy//src/hid/disp/display.h ****                 }
 2774              		.loc 14 385 24 view .LVU648
 2775 0360 3BE7     		b	.L134
 2776              	.L187:
 2777 0362 00BFAFF3 		.align	3
 2777      0080
 2778              	.L186:
 2779 0368 7A008BFC 		.word	-57999238
 2780 036c FA210940 		.word	1074340346
 2781 0370 00000000 		.word	0
 2782 0374 00806640 		.word	1080459264
 2783              	.LVL202:
 2784              	.L131:
 2785              	.LBB897:
 2786              	.LBB872:
 2787              	.LBB871:
 2788              	.LBB869:
 2789              	.LBI869:
ARM GAS  C:\Users\kgpol\AppData\Local\Temp\ccIP7kIm.s 			page 98


 352:../../libDaisy//src/dev/oled_ssd130x.h ****     {
 2790              		.loc 13 352 10 is_stmt 1 view .LVU649
 2791              	.LBB870:
 359:../../libDaisy//src/dev/oled_ssd130x.h ****     }
 2792              		.loc 13 359 42 is_stmt 0 view .LVU650
 2793 0378 C244     		add	r10, r10, r8
 2794              	.LVL203:
 359:../../libDaisy//src/dev/oled_ssd130x.h ****     }
 2795              		.loc 13 359 49 view .LVU651
 2796 037a 4FF0010B 		mov	fp, #1
 2797              	.LVL204:
 359:../../libDaisy//src/dev/oled_ssd130x.h ****     }
 2798              		.loc 13 359 55 view .LVU652
 2799 037e 0EF0070E 		and	lr, lr, #7
 2800              	.LVL205:
 359:../../libDaisy//src/dev/oled_ssd130x.h ****     }
 2801              		.loc 13 359 49 view .LVU653
 2802 0382 0BFA0EFE 		lsl	lr, fp, lr
 359:../../libDaisy//src/dev/oled_ssd130x.h ****     }
 2803              		.loc 13 359 42 view .LVU654
 2804 0386 9AF814B0 		ldrb	fp, [r10, #20]	@ zero_extendqisi2
 2805 038a 2BEA0E0E 		bic	lr, fp, lr
 2806 038e 8AF814E0 		strb	lr, [r10, #20]
 2807              	.LVL206:
 359:../../libDaisy//src/dev/oled_ssd130x.h ****     }
 2808              		.loc 13 359 42 view .LVU655
 2809 0392 15E7     		b	.L130
 2810              	.LVL207:
 2811              	.L129:
 359:../../libDaisy//src/dev/oled_ssd130x.h ****     }
 2812              		.loc 13 359 42 view .LVU656
 2813              	.LBE870:
 2814              	.LBE869:
 2815              	.LBE871:
 2816              	.LBE872:
 2817              	.LBE897:
 2818              	.LBB898:
 2819              	.LBB889:
 2820              	.LBB888:
 2821              	.LBB886:
 2822              	.LBI886:
 352:../../libDaisy//src/dev/oled_ssd130x.h ****     {
 2823              		.loc 13 352 10 is_stmt 1 view .LVU657
 2824              	.LBB887:
 359:../../libDaisy//src/dev/oled_ssd130x.h ****     }
 2825              		.loc 13 359 42 is_stmt 0 view .LVU658
 2826 0394 C244     		add	r10, r10, r8
 2827              	.LVL208:
 359:../../libDaisy//src/dev/oled_ssd130x.h ****     }
 2828              		.loc 13 359 49 view .LVU659
 2829 0396 4FF0010B 		mov	fp, #1
 2830              	.LVL209:
 359:../../libDaisy//src/dev/oled_ssd130x.h ****     }
 2831              		.loc 13 359 55 view .LVU660
 2832 039a 0EF0070E 		and	lr, lr, #7
 2833              	.LVL210:
 359:../../libDaisy//src/dev/oled_ssd130x.h ****     }
ARM GAS  C:\Users\kgpol\AppData\Local\Temp\ccIP7kIm.s 			page 99


 2834              		.loc 13 359 49 view .LVU661
 2835 039e 0BFA0EFE 		lsl	lr, fp, lr
 359:../../libDaisy//src/dev/oled_ssd130x.h ****     }
 2836              		.loc 13 359 42 view .LVU662
 2837 03a2 9AF814B0 		ldrb	fp, [r10, #20]	@ zero_extendqisi2
 2838 03a6 2BEA0E0E 		bic	lr, fp, lr
 2839 03aa 8AF814E0 		strb	lr, [r10, #20]
 2840              	.LVL211:
 359:../../libDaisy//src/dev/oled_ssd130x.h ****     }
 2841              		.loc 13 359 42 view .LVU663
 2842              	.LBE887:
 2843              	.LBE886:
 2844              	.LBE888:
 2845              	.LBE889:
 2846              	.LBE898:
 371:../../libDaisy//src/hid/disp/display.h ****                 ((ChildType*)(this))
 2847              		.loc 14 371 13 view .LVU664
 2848 03ae 002F     		cmp	r7, #0
 2849 03b0 3FF406AF 		beq	.L130
 2850 03b4 1CE7     		b	.L177
 2851              	.LVL212:
 2852              	.L133:
 2853              	.LBB899:
 2854              	.LBB881:
 2855              	.LBB879:
 2856              	.LBB876:
 2857              	.LBI876:
 352:../../libDaisy//src/dev/oled_ssd130x.h ****     {
 2858              		.loc 13 352 10 is_stmt 1 view .LVU665
 2859              	.LBB877:
 359:../../libDaisy//src/dev/oled_ssd130x.h ****     }
 2860              		.loc 13 359 42 is_stmt 0 view .LVU666
 2861 03b6 C244     		add	r10, r10, r8
 2862              	.LVL213:
 359:../../libDaisy//src/dev/oled_ssd130x.h ****     }
 2863              		.loc 13 359 49 view .LVU667
 2864 03b8 4FF0010B 		mov	fp, #1
 2865              	.LVL214:
 359:../../libDaisy//src/dev/oled_ssd130x.h ****     }
 2866              		.loc 13 359 55 view .LVU668
 2867 03bc 0EF0070E 		and	lr, lr, #7
 2868              	.LVL215:
 359:../../libDaisy//src/dev/oled_ssd130x.h ****     }
 2869              		.loc 13 359 49 view .LVU669
 2870 03c0 0BFA0EFE 		lsl	lr, fp, lr
 359:../../libDaisy//src/dev/oled_ssd130x.h ****     }
 2871              		.loc 13 359 42 view .LVU670
 2872 03c4 9AF814B0 		ldrb	fp, [r10, #20]	@ zero_extendqisi2
 2873 03c8 2BEA0E0E 		bic	lr, fp, lr
 2874 03cc 8AF814E0 		strb	lr, [r10, #20]
 2875              	.LVL216:
 359:../../libDaisy//src/dev/oled_ssd130x.h ****     }
 2876              		.loc 13 359 42 view .LVU671
 2877 03d0 F7E6     		b	.L132
 2878              	.LVL217:
 2879              	.L127:
 359:../../libDaisy//src/dev/oled_ssd130x.h ****     }
ARM GAS  C:\Users\kgpol\AppData\Local\Temp\ccIP7kIm.s 			page 100


 2880              		.loc 13 359 42 view .LVU672
 2881              	.LBE877:
 2882              	.LBE876:
 2883              	.LBE879:
 2884              	.LBE881:
 2885              	.LBE899:
 2886              	.LBB900:
 2887              	.LBB896:
 2888              	.LBB895:
 2889              	.LBB893:
 2890              	.LBI893:
 352:../../libDaisy//src/dev/oled_ssd130x.h ****     {
 2891              		.loc 13 352 10 is_stmt 1 view .LVU673
 2892              	.LBB894:
 359:../../libDaisy//src/dev/oled_ssd130x.h ****     }
 2893              		.loc 13 359 42 is_stmt 0 view .LVU674
 2894 03d2 C244     		add	r10, r10, r8
 2895              	.LVL218:
 359:../../libDaisy//src/dev/oled_ssd130x.h ****     }
 2896              		.loc 13 359 49 view .LVU675
 2897 03d4 4FF0010B 		mov	fp, #1
 2898              	.LVL219:
 359:../../libDaisy//src/dev/oled_ssd130x.h ****     }
 2899              		.loc 13 359 55 view .LVU676
 2900 03d8 0EF0070E 		and	lr, lr, #7
 2901              	.LVL220:
 359:../../libDaisy//src/dev/oled_ssd130x.h ****     }
 2902              		.loc 13 359 49 view .LVU677
 2903 03dc 0BFA0EFE 		lsl	lr, fp, lr
 359:../../libDaisy//src/dev/oled_ssd130x.h ****     }
 2904              		.loc 13 359 42 view .LVU678
 2905 03e0 9AF814B0 		ldrb	fp, [r10, #20]	@ zero_extendqisi2
 2906 03e4 2BEA0E0E 		bic	lr, fp, lr
 2907 03e8 8AF814E0 		strb	lr, [r10, #20]
 2908              	.LVL221:
 359:../../libDaisy//src/dev/oled_ssd130x.h ****     }
 2909              		.loc 13 359 42 view .LVU679
 2910              	.LBE894:
 2911              	.LBE893:
 2912              	.LBE895:
 2913              	.LBE896:
 2914              	.LBE900:
 368:../../libDaisy//src/hid/disp/display.h ****                 ((ChildType*)(this))
 2915              		.loc 14 368 13 view .LVU680
 2916 03ec 0029     		cmp	r1, #0
 2917 03ee 3FF4E6AE 		beq	.L128
 2918 03f2 49E7     		b	.L176
 2919              	.LVL222:
 2920              	.L183:
 360:../../libDaisy//src/hid/disp/display.h ****                     d4 = (t_sxny - t_synx < 0 && t_exny - t_eynx > 0);
 2921              		.loc 14 360 56 discriminator 1 view .LVU681
 2922 03f4 77EEE66A 		vsub.f32	s13, s15, s13
 2923              	.LVL223:
 360:../../libDaisy//src/hid/disp/display.h ****                     d4 = (t_sxny - t_synx < 0 && t_exny - t_eynx > 0);
 2924              		.loc 14 360 46 discriminator 1 view .LVU682
 2925 03f8 F5EEC06A 		vcmpe.f32	s13, #0
 2926 03fc F1EE10FA 		vmrs	APSR_nzcv, FPSCR
ARM GAS  C:\Users\kgpol\AppData\Local\Temp\ccIP7kIm.s 			page 101


 2927 0400 CCBF     		ite	gt
 2928 0402 0127     		movgt	r7, #1
 2929              	.LVL224:
 360:../../libDaisy//src/hid/disp/display.h ****                     d4 = (t_sxny - t_synx < 0 && t_exny - t_eynx > 0);
 2930              		.loc 14 360 46 discriminator 1 view .LVU683
 2931 0404 0027     		movle	r7, #0
 2932 0406 9BE7     		b	.L123
 2933              	.LVL225:
 2934              	.L182:
 359:../../libDaisy//src/hid/disp/display.h ****                     d3 = (t_sxny - t_syx < 0 && t_exny - t_eyx > 0);
 2935              		.loc 14 359 54 discriminator 1 view .LVU684
 2936 0408 36EE666A 		vsub.f32	s12, s12, s13
 2937              	.LVL226:
 359:../../libDaisy//src/hid/disp/display.h ****                     d3 = (t_sxny - t_syx < 0 && t_exny - t_eyx > 0);
 2938              		.loc 14 359 45 discriminator 1 view .LVU685
 2939 040c B5EEC06A 		vcmpe.f32	s12, #0
 2940 0410 F1EE10FA 		vmrs	APSR_nzcv, FPSCR
 2941 0414 CCBF     		ite	gt
 2942 0416 0121     		movgt	r1, #1
 2943 0418 0021     		movle	r1, #0
 2944 041a 89E7     		b	.L121
 2945              	.LVL227:
 2946              	.L181:
 358:../../libDaisy//src/hid/disp/display.h ****                     d2 = (t_sxy - t_syx < 0 && t_exy - t_eyx > 0);
 2947              		.loc 14 358 55 discriminator 1 view .LVU686
 2948 041c 76EE473A 		vsub.f32	s7, s12, s14
 358:../../libDaisy//src/hid/disp/display.h ****                     d2 = (t_sxy - t_syx < 0 && t_exy - t_eyx > 0);
 2949              		.loc 14 358 46 discriminator 1 view .LVU687
 2950 0420 F5EEC03A 		vcmpe.f32	s7, #0
 2951 0424 F1EE10FA 		vmrs	APSR_nzcv, FPSCR
 2952 0428 CCBF     		ite	gt
 2953 042a 0122     		movgt	r2, #1
 2954 042c 0022     		movle	r2, #0
 2955 042e 77E7     		b	.L119
 2956              	.LVL228:
 2957              	.L144:
 354:../../libDaisy//src/hid/disp/display.h ****                 }
 2958              		.loc 14 354 47 view .LVU688
 2959 0430 0124     		movs	r4, #1
 2960              	.LVL229:
 365:../../libDaisy//src/hid/disp/display.h ****                 ((ChildType*)(this))
 2961              		.loc 14 365 13 view .LVU689
 2962 0432 002A     		cmp	r2, #0
 2963 0434 3FF4C1AE 		beq	.L126
 365:../../libDaisy//src/hid/disp/display.h ****                 ((ChildType*)(this))
 2964              		.loc 14 365 13 view .LVU690
 2965 0438 49E7     		b	.L175
 2966              	.LVL230:
 2967              	.L141:
 352:../../libDaisy//src/hid/disp/display.h ****                     d3 = (t_sxny - t_syx < 0 || t_exny - t_eyx > 0);
 2968              		.loc 14 352 33 view .LVU691
 2969 043a 74EEC54A 		vsub.f32	s9, s9, s10
 2970              	.LVL231:
 351:../../libDaisy//src/hid/disp/display.h ****                     d2 = (t_sxy - t_syx < 0 || t_exy - t_eyx > 0);
 2971              		.loc 14 351 46 view .LVU692
 2972 043e 0122     		movs	r2, #1
 2973              	.LVL232:
ARM GAS  C:\Users\kgpol\AppData\Local\Temp\ccIP7kIm.s 			page 102


 352:../../libDaisy//src/hid/disp/display.h ****                     d3 = (t_sxny - t_syx < 0 || t_exny - t_eyx > 0);
 2974              		.loc 14 352 45 view .LVU693
 2975 0440 F5EEC04A 		vcmpe.f32	s9, #0
 2976 0444 F1EE10FA 		vmrs	APSR_nzcv, FPSCR
 2977 0448 7FF589AE 		bpl	.L184
 2978              	.L142:
 353:../../libDaisy//src/hid/disp/display.h ****                     d4 = (t_sxny - t_synx < 0 || t_exny - t_eynx > 0);
 2979              		.loc 14 353 34 view .LVU694
 2980 044c 35EEC55A 		vsub.f32	s10, s11, s10
 2981              	.LVL233:
 352:../../libDaisy//src/hid/disp/display.h ****                     d3 = (t_sxny - t_syx < 0 || t_exny - t_eyx > 0);
 2982              		.loc 14 352 45 view .LVU695
 2983 0450 0121     		movs	r1, #1
 2984              	.LVL234:
 353:../../libDaisy//src/hid/disp/display.h ****                     d4 = (t_sxny - t_synx < 0 || t_exny - t_eynx > 0);
 2985              		.loc 14 353 46 view .LVU696
 2986 0452 B5EEC05A 		vcmpe.f32	s10, #0
 2987 0456 F1EE10FA 		vmrs	APSR_nzcv, FPSCR
 2988 045a 7FF591AE 		bpl	.L185
 2989              	.LVL235:
 2990              	.L143:
 353:../../libDaisy//src/hid/disp/display.h ****                     d4 = (t_sxny - t_synx < 0 || t_exny - t_eynx > 0);
 2991              		.loc 14 353 46 view .LVU697
 2992 045e 0127     		movs	r7, #1
 2993              	.LVL236:
 353:../../libDaisy//src/hid/disp/display.h ****                     d4 = (t_sxny - t_synx < 0 || t_exny - t_eynx > 0);
 2994              		.loc 14 353 46 view .LVU698
 2995 0460 97E6     		b	.L118
 2996              	.LVL237:
 2997              	.L110:
 308:../../libDaisy//src/hid/disp/display.h ****             sweep = -sweep;
 2998              		.loc 14 308 25 view .LVU699
 2999 0462 DDE91223 		ldrd	r2, r3, [sp, #72]
 3000              	.LVL238:
 308:../../libDaisy//src/hid/disp/display.h ****             sweep = -sweep;
 3001              		.loc 14 308 25 view .LVU700
 3002 0466 1344     		add	r3, r3, r2
 3003              	.LVL239:
 308:../../libDaisy//src/hid/disp/display.h ****             sweep = -sweep;
 3004              		.loc 14 308 25 view .LVU701
 3005 0468 06EE102A 		vmov	s12, r2	@ int
 3006 046c 1293     		str	r3, [sp, #72]
 3007 046e 139B     		ldr	r3, [sp, #76]
 3008              	.LVL240:
 308:../../libDaisy//src/hid/disp/display.h ****             sweep = -sweep;
 3009              		.loc 14 308 25 view .LVU702
 3010 0470 5B42     		rsbs	r3, r3, #0
 3011 0472 1393     		str	r3, [sp, #76]
 3012              	.LVL241:
 308:../../libDaisy//src/hid/disp/display.h ****             sweep = -sweep;
 3013              		.loc 14 308 25 view .LVU703
 3014 0474 D8E5     		b	.L111
 3015              		.cfi_endproc
 3016              	.LFE5337:
 3018 0476 00BF     		.section	.text._ZN5daisy25OneBitGraphicsDisplayImplINS_11OledDisplayINS_13SSD130xDriverILj128ELj64
 3019              		.align	1
 3020              		.p2align 2,,3
ARM GAS  C:\Users\kgpol\AppData\Local\Temp\ccIP7kIm.s 			page 103


 3021              		.weak	_ZN5daisy25OneBitGraphicsDisplayImplINS_11OledDisplayINS_13SSD130xDriverILj128ELj64ENS_24SSD
 3022              		.syntax unified
 3023              		.thumb
 3024              		.thumb_func
 3025              		.fpu fpv5-d16
 3027              	_ZN5daisy25OneBitGraphicsDisplayImplINS_11OledDisplayINS_13SSD130xDriverILj128ELj64ENS_24SSD130x4Wi
 3028              	.LVL242:
 3029              	.LFB5049:
 439:../../libDaisy//src/hid/disp/display.h **** 
 440:../../libDaisy//src/hid/disp/display.h ****     char WriteString(const char* str, FontDef font, bool on) override
 3030              		.loc 14 440 10 is_stmt 1 view -0
 3031              		.cfi_startproc
 3032              		@ args = 4, pretend = 0, frame = 32
 3033              		@ frame_needed = 0, uses_anonymous_args = 0
 3034              		.loc 14 440 10 is_stmt 0 view .LVU705
 3035 0000 2DE9F04F 		push	{r4, r5, r6, r7, r8, r9, r10, fp, lr}
 3036              		.cfi_def_cfa_offset 36
 3037              		.cfi_offset 4, -36
 3038              		.cfi_offset 5, -32
 3039              		.cfi_offset 6, -28
 3040              		.cfi_offset 7, -24
 3041              		.cfi_offset 8, -20
 3042              		.cfi_offset 9, -16
 3043              		.cfi_offset 10, -12
 3044              		.cfi_offset 11, -8
 3045              		.cfi_offset 14, -4
 3046 0004 89B0     		sub	sp, sp, #36
 3047              		.cfi_def_cfa_offset 72
 3048              		.loc 14 440 10 view .LVU706
 3049 0006 08AC     		add	r4, sp, #32
 3050 0008 9DF84870 		ldrb	r7, [sp, #72]	@ zero_extendqisi2
 3051 000c 0191     		str	r1, [sp, #4]
 3052 000e 04E90C00 		stmdb	r4, {r2, r3}
 441:../../libDaisy//src/hid/disp/display.h ****     {
 442:../../libDaisy//src/hid/disp/display.h ****         // Write until null-byte
 443:../../libDaisy//src/hid/disp/display.h ****         while(*str)
 3053              		.loc 14 443 9 is_stmt 1 view .LVU707
 3054 0012 0B78     		ldrb	r3, [r1]	@ zero_extendqisi2
 3055 0014 002B     		cmp	r3, #0
 3056 0016 00F0AB80 		beq	.L212
 3057 001a 1A46     		mov	r2, r3
 3058 001c 9DF81880 		ldrb	r8, [sp, #24]	@ zero_extendqisi2
 3059 0020 9DF81930 		ldrb	r3, [sp, #25]	@ zero_extendqisi2
 3060 0024 0646     		mov	r6, r0
 3061 0026 4546     		mov	r5, r8
 3062 0028 9046     		mov	r8, r2
 3063 002a 0393     		str	r3, [sp, #12]
 3064 002c 079B     		ldr	r3, [sp, #28]
 3065 002e 0593     		str	r3, [sp, #20]
 3066              	.LVL243:
 3067              	.L213:
 3068              	.LBB929:
 3069              	.LBI929:
 396:../../libDaisy//src/hid/disp/display.h ****     {
 3070              		.loc 14 396 10 view .LVU708
 3071              	.LBB930:
 401:../../libDaisy//src/hid/disp/display.h ****             return 0;
ARM GAS  C:\Users\kgpol\AppData\Local\Temp\ccIP7kIm.s 			page 104


 3072              		.loc 14 401 20 is_stmt 0 view .LVU709
 3073 0030 A8F12004 		sub	r4, r8, #32
 401:../../libDaisy//src/hid/disp/display.h ****             return 0;
 3074              		.loc 14 401 9 view .LVU710
 3075 0034 E3B2     		uxtb	r3, r4
 3076 0036 5E2B     		cmp	r3, #94
 3077 0038 00F29E80 		bhi	.L194
 405:../../libDaisy//src/hid/disp/display.h ****            || Height() < (currentY_ + font.FontHeight))
 3078              		.loc 14 405 17 view .LVU711
 3079 003c 3368     		ldr	r3, [r6]
 3080 003e 5E4A     		ldr	r2, .L234
 3081 0040 DB68     		ldr	r3, [r3, #12]
 3082 0042 9342     		cmp	r3, r2
 3083 0044 40F09B80 		bne	.L227
 3084 0048 8020     		movs	r0, #128
 3085              	.L193:
 405:../../libDaisy//src/hid/disp/display.h ****            || Height() < (currentY_ + font.FontHeight))
 3086              		.loc 14 405 23 view .LVU712
 3087 004a B388     		ldrh	r3, [r6, #4]
 405:../../libDaisy//src/hid/disp/display.h ****            || Height() < (currentY_ + font.FontHeight))
 3088              		.loc 14 405 33 view .LVU713
 3089 004c 2B44     		add	r3, r3, r5
 406:../../libDaisy//src/hid/disp/display.h ****         {
 3090              		.loc 14 406 12 view .LVU714
 3091 004e 8342     		cmp	r3, r0
 3092 0050 00F39280 		bgt	.L194
 406:../../libDaisy//src/hid/disp/display.h ****         {
 3093              		.loc 14 406 21 view .LVU715
 3094 0054 3368     		ldr	r3, [r6]
 3095 0056 594A     		ldr	r2, .L234+4
 3096 0058 9B68     		ldr	r3, [r3, #8]
 3097 005a 9342     		cmp	r3, r2
 3098 005c 40F09280 		bne	.L228
 3099 0060 4020     		movs	r0, #64
 3100              	.L195:
 406:../../libDaisy//src/hid/disp/display.h ****         {
 3101              		.loc 14 406 27 view .LVU716
 3102 0062 F188     		ldrh	r1, [r6, #6]
 406:../../libDaisy//src/hid/disp/display.h ****         {
 3103              		.loc 14 406 37 view .LVU717
 3104 0064 039A     		ldr	r2, [sp, #12]
 406:../../libDaisy//src/hid/disp/display.h ****         {
 3105              		.loc 14 406 27 view .LVU718
 3106 0066 0291     		str	r1, [sp, #8]
 406:../../libDaisy//src/hid/disp/display.h ****         {
 3107              		.loc 14 406 37 view .LVU719
 3108 0068 8B18     		adds	r3, r1, r2
 406:../../libDaisy//src/hid/disp/display.h ****         {
 3109              		.loc 14 406 12 view .LVU720
 3110 006a 8342     		cmp	r3, r0
 3111 006c 00F38480 		bgt	.L194
 3112              	.LVL244:
 413:../../libDaisy//src/hid/disp/display.h ****         {
 3113              		.loc 14 413 22 is_stmt 1 view .LVU721
 3114 0070 002A     		cmp	r2, #0
 3115 0072 00F09180 		beq	.L196
 415:../../libDaisy//src/hid/disp/display.h ****             for(j = 0; j < font.FontWidth; j++)
ARM GAS  C:\Users\kgpol\AppData\Local\Temp\ccIP7kIm.s 			page 105


 3116              		.loc 14 415 37 is_stmt 0 view .LVU722
 3117 0076 02FB04F4 		mul	r4, r2, r4
 3118 007a 6FF00049 		mvn	r9, #-2147483648
 3119 007e 059B     		ldr	r3, [sp, #20]
 3120 0080 A144     		add	r9, r9, r4
 3121 0082 1444     		add	r4, r4, r2
 434:../../libDaisy//src/hid/disp/display.h **** 
 3122              		.loc 14 434 19 view .LVU723
 3123 0084 B6F804B0 		ldrh	fp, [r6, #4]
 3124 0088 03EB4909 		add	r9, r3, r9, lsl #1
 3125 008c 023B     		subs	r3, r3, #2
 3126 008e CDF81080 		str	r8, [sp, #16]
 3127 0092 03EB4403 		add	r3, r3, r4, lsl #1
 3128 0096 0C46     		mov	r4, r1
 3129 0098 9A46     		mov	r10, r3
 3130              	.LVL245:
 3131              	.L199:
 415:../../libDaisy//src/hid/disp/display.h ****             for(j = 0; j < font.FontWidth; j++)
 3132              		.loc 14 415 15 view .LVU724
 3133 009a 39F802CF 		ldrh	ip, [r9, #2]!
 3134              	.LVL246:
 416:../../libDaisy//src/hid/disp/display.h ****             {
 3135              		.loc 14 416 26 is_stmt 1 view .LVU725
 3136 009e A5B3     		cbz	r5, .L204
 3137              	.LBB931:
 3138              	.LBB932:
 3139              	.LBB933:
 3140              	.LBB934:
 3141              	.LBB935:
 359:../../libDaisy//src/dev/oled_ssd130x.h ****     }
 3142              		.loc 13 359 55 is_stmt 0 view .LVU726
 3143 00a0 04F00703 		and	r3, r4, #7
 359:../../libDaisy//src/dev/oled_ssd130x.h ****     }
 3144              		.loc 13 359 49 view .LVU727
 3145 00a4 4FF0010E 		mov	lr, #1
 359:../../libDaisy//src/dev/oled_ssd130x.h ****     }
 3146              		.loc 13 359 28 view .LVU728
 3147 00a8 E208     		lsrs	r2, r4, #3
 3148 00aa 5946     		mov	r1, fp
 359:../../libDaisy//src/dev/oled_ssd130x.h ****     }
 3149              		.loc 13 359 49 view .LVU729
 3150 00ac 0EFA03FE 		lsl	lr, lr, r3
 3151 00b0 0BF11403 		add	r3, fp, #20
 359:../../libDaisy//src/dev/oled_ssd130x.h ****     }
 3152              		.loc 13 359 42 view .LVU730
 3153 00b4 4FFA8EFE 		sxtb	lr, lr
 3154 00b8 03EBC212 		add	r2, r3, r2, lsl #7
 3155              	.LBE935:
 3156              	.LBE934:
 3157              	.LBE933:
 3158              	.LBE932:
 3159              	.LBE931:
 416:../../libDaisy//src/hid/disp/display.h ****             {
 3160              		.loc 14 416 19 view .LVU731
 3161 00bc 0023     		movs	r3, #0
 3162              	.LBB953:
 3163              	.LBB948:
ARM GAS  C:\Users\kgpol\AppData\Local\Temp\ccIP7kIm.s 			page 106


 3164              	.LBB943:
 3165              	.LBB939:
 3166              	.LBB936:
 359:../../libDaisy//src/dev/oled_ssd130x.h ****     }
 3167              		.loc 13 359 42 view .LVU732
 3168 00be 6FEA0E08 		mvn	r8, lr
 3169 00c2 3244     		add	r2, r2, r6
 3170 00c4 0DE0     		b	.L205
 3171              	.LVL247:
 3172              	.L229:
 359:../../libDaisy//src/dev/oled_ssd130x.h ****     }
 3173              		.loc 13 359 42 view .LVU733
 3174              	.LBE936:
 3175              	.LBE939:
 3176              	.LBE943:
 3177              	.LBE948:
 3178              	.LBE953:
 3179              	.LBB954:
 3180              	.LBI954:
  42:../../libDaisy//src/hid/disp/oled_display.h ****     {
 3181              		.loc 12 42 10 is_stmt 1 view .LVU734
 3182              	.LBB955:
 3183              	.LBI955:
 352:../../libDaisy//src/dev/oled_ssd130x.h ****     {
 3184              		.loc 13 352 10 view .LVU735
 3185              	.LBB956:
 354:../../libDaisy//src/dev/oled_ssd130x.h ****             return;
 3186              		.loc 13 354 9 is_stmt 0 view .LVU736
 3187 00c6 7F29     		cmp	r1, #127
 3188 00c8 06D8     		bhi	.L201
 3189 00ca 3F2C     		cmp	r4, #63
 3190 00cc 04D8     		bhi	.L201
 357:../../libDaisy//src/dev/oled_ssd130x.h ****         else
 3191              		.loc 13 357 42 view .LVU737
 3192 00ce 1078     		ldrb	r0, [r2]	@ zero_extendqisi2
 356:../../libDaisy//src/dev/oled_ssd130x.h ****             buffer_[x + (y / 8) * width] |= (1 << (y % 8));
 3193              		.loc 13 356 9 view .LVU738
 3194 00d0 97B1     		cbz	r7, .L203
 3195              	.L226:
 356:../../libDaisy//src/dev/oled_ssd130x.h ****             buffer_[x + (y / 8) * width] |= (1 << (y % 8));
 3196              		.loc 13 356 9 view .LVU739
 3197              	.LBE956:
 3198              	.LBE955:
 3199              	.LBE954:
 3200              	.LBB957:
 3201              	.LBB949:
 3202              	.LBB944:
 357:../../libDaisy//src/dev/oled_ssd130x.h ****         else
 3203              		.loc 13 357 42 view .LVU740
 3204 00d2 4EEA0000 		orr	r0, lr, r0
 3205 00d6 1070     		strb	r0, [r2]
 3206              	.L201:
 3207              	.LBE944:
 3208              	.LBE949:
 3209              	.LBE957:
 416:../../libDaisy//src/hid/disp/display.h ****             {
 3210              		.loc 14 416 13 is_stmt 1 view .LVU741
ARM GAS  C:\Users\kgpol\AppData\Local\Temp\ccIP7kIm.s 			page 107


 3211 00d8 0133     		adds	r3, r3, #1
 3212              	.LVL248:
 416:../../libDaisy//src/hid/disp/display.h ****             {
 3213              		.loc 14 416 26 view .LVU742
 3214 00da 0132     		adds	r2, r2, #1
 3215 00dc 0131     		adds	r1, r1, #1
 3216 00de AB42     		cmp	r3, r5
 3217 00e0 13D0     		beq	.L204
 3218              	.LVL249:
 3219              	.L205:
 418:../../libDaisy//src/hid/disp/display.h ****                 {
 3220              		.loc 14 418 23 is_stmt 0 view .LVU743
 3221 00e2 0CFA03F0 		lsl	r0, ip, r3
 418:../../libDaisy//src/hid/disp/display.h ****                 {
 3222              		.loc 14 418 17 view .LVU744
 3223 00e6 0004     		lsls	r0, r0, #16
 3224 00e8 EDD4     		bmi	.L229
 3225              	.LVL250:
 3226              	.LBB958:
 3227              	.LBI931:
  42:../../libDaisy//src/hid/disp/oled_display.h ****     {
 3228              		.loc 12 42 10 is_stmt 1 view .LVU745
 3229              	.LBB950:
 3230              	.LBI932:
 352:../../libDaisy//src/dev/oled_ssd130x.h ****     {
 3231              		.loc 13 352 10 view .LVU746
 3232              	.LBB945:
 354:../../libDaisy//src/dev/oled_ssd130x.h ****             return;
 3233              		.loc 13 354 9 is_stmt 0 view .LVU747
 3234 00ea 7F29     		cmp	r1, #127
 3235 00ec F4D8     		bhi	.L201
 3236 00ee 3F2C     		cmp	r4, #63
 3237 00f0 F2D8     		bhi	.L201
 357:../../libDaisy//src/dev/oled_ssd130x.h ****         else
 3238              		.loc 13 357 42 view .LVU748
 3239 00f2 1078     		ldrb	r0, [r2]	@ zero_extendqisi2
 356:../../libDaisy//src/dev/oled_ssd130x.h ****             buffer_[x + (y / 8) * width] |= (1 << (y % 8));
 3240              		.loc 13 356 9 view .LVU749
 3241 00f4 002F     		cmp	r7, #0
 3242 00f6 ECD0     		beq	.L226
 3243              	.L203:
 3244              	.LVL251:
 3245              	.LBB940:
 3246              	.LBI934:
 352:../../libDaisy//src/dev/oled_ssd130x.h ****     {
 3247              		.loc 13 352 10 is_stmt 1 view .LVU750
 352:../../libDaisy//src/dev/oled_ssd130x.h ****     {
 3248              		.loc 13 352 10 is_stmt 0 view .LVU751
 3249              	.LBE940:
 3250              	.LBE945:
 3251              	.LBE950:
 3252              	.LBE958:
 416:../../libDaisy//src/hid/disp/display.h ****             {
 3253              		.loc 14 416 13 view .LVU752
 3254 00f8 0133     		adds	r3, r3, #1
 3255              	.LVL252:
 3256              	.LBB959:
ARM GAS  C:\Users\kgpol\AppData\Local\Temp\ccIP7kIm.s 			page 108


 3257              	.LBB951:
 3258              	.LBB946:
 3259              	.LBB941:
 3260              	.LBB937:
 359:../../libDaisy//src/dev/oled_ssd130x.h ****     }
 3261              		.loc 13 359 42 view .LVU753
 3262 00fa 08EA0000 		and	r0, r8, r0
 3263              	.LBE937:
 3264              	.LBE941:
 3265              	.LBE946:
 3266              	.LBE951:
 3267              	.LBE959:
 416:../../libDaisy//src/hid/disp/display.h ****             {
 3268              		.loc 14 416 26 view .LVU754
 3269 00fe 0132     		adds	r2, r2, #1
 3270 0100 0131     		adds	r1, r1, #1
 3271 0102 AB42     		cmp	r3, r5
 3272              	.LBB960:
 3273              	.LBB952:
 3274              	.LBB947:
 3275              	.LBB942:
 3276              	.LBB938:
 359:../../libDaisy//src/dev/oled_ssd130x.h ****     }
 3277              		.loc 13 359 42 view .LVU755
 3278 0104 02F8010C 		strb	r0, [r2, #-1]
 359:../../libDaisy//src/dev/oled_ssd130x.h ****     }
 3279              		.loc 13 359 42 view .LVU756
 3280              	.LBE938:
 3281              	.LBE942:
 3282              	.LBE947:
 3283              	.LBE952:
 3284              	.LBE960:
 416:../../libDaisy//src/hid/disp/display.h ****             {
 3285              		.loc 14 416 13 is_stmt 1 view .LVU757
 3286              	.LVL253:
 416:../../libDaisy//src/hid/disp/display.h ****             {
 3287              		.loc 14 416 26 view .LVU758
 3288 0108 EBD1     		bne	.L205
 3289              	.LVL254:
 3290              	.L204:
 413:../../libDaisy//src/hid/disp/display.h ****         {
 3291              		.loc 14 413 9 view .LVU759
 413:../../libDaisy//src/hid/disp/display.h ****         {
 3292              		.loc 14 413 22 view .LVU760
 3293 010a D145     		cmp	r9, r10
 3294 010c 04F10104 		add	r4, r4, #1
 3295 0110 C3D1     		bne	.L199
 3296 0112 DDF81080 		ldr	r8, [sp, #16]
 3297              	.LVL255:
 3298              	.L198:
 3299              	.LBB961:
 3300              	.LBB962:
 173:../../libDaisy//src/hid/disp/display.h ****         currentY_ = (y >= Height()) ? Height() - 1 : y;
 3301              		.loc 14 173 33 is_stmt 0 view .LVU761
 3302 0116 3268     		ldr	r2, [r6]
 3303              	.LBE962:
 3304              	.LBE961:
ARM GAS  C:\Users\kgpol\AppData\Local\Temp\ccIP7kIm.s 			page 109


 434:../../libDaisy//src/hid/disp/display.h **** 
 3305              		.loc 14 434 18 view .LVU762
 3306 0118 0BEB0504 		add	r4, fp, r5
 3307 011c 2649     		ldr	r1, .L234
 3308              	.LBB967:
 3309              	.LBB963:
 173:../../libDaisy//src/hid/disp/display.h ****         currentY_ = (y >= Height()) ? Height() - 1 : y;
 3310              		.loc 14 173 33 view .LVU763
 3311 011e D368     		ldr	r3, [r2, #12]
 3312              	.LBE963:
 3313              	.LBE967:
 434:../../libDaisy//src/hid/disp/display.h **** 
 3314              		.loc 14 434 18 view .LVU764
 3315 0120 A4B2     		uxth	r4, r4
 3316              	.LVL256:
 3317              	.LBB968:
 3318              	.LBI961:
 171:../../libDaisy//src/hid/disp/display.h ****     {
 3319              		.loc 14 171 10 is_stmt 1 view .LVU765
 3320              	.LBB964:
 173:../../libDaisy//src/hid/disp/display.h ****         currentY_ = (y >= Height()) ? Height() - 1 : y;
 3321              		.loc 14 173 9 view .LVU766
 3322 0122 8B42     		cmp	r3, r1
 3323 0124 34D1     		bne	.L230
 173:../../libDaisy//src/hid/disp/display.h ****         currentY_ = (y >= Height()) ? Height() - 1 : y;
 3324              		.loc 14 173 33 is_stmt 0 view .LVU767
 3325 0126 8020     		movs	r0, #128
 3326              	.L206:
 173:../../libDaisy//src/hid/disp/display.h ****         currentY_ = (y >= Height()) ? Height() - 1 : y;
 3327              		.loc 14 173 19 view .LVU768
 3328 0128 8442     		cmp	r4, r0
 3329 012a 04D3     		bcc	.L207
 173:../../libDaisy//src/hid/disp/display.h ****         currentY_ = (y >= Height()) ? Height() - 1 : y;
 3330              		.loc 14 173 44 view .LVU769
 3331 012c D368     		ldr	r3, [r2, #12]
 3332 012e 2249     		ldr	r1, .L234
 3333 0130 8B42     		cmp	r3, r1
 3334 0132 3AD1     		bne	.L231
 3335 0134 7F24     		movs	r4, #127
 3336              	.LVL257:
 3337              	.L207:
 174:../../libDaisy//src/hid/disp/display.h ****     }
 3338              		.loc 14 174 34 view .LVU770
 3339 0136 9368     		ldr	r3, [r2, #8]
 3340 0138 204A     		ldr	r2, .L234+4
 173:../../libDaisy//src/hid/disp/display.h ****         currentY_ = (y >= Height()) ? Height() - 1 : y;
 3341              		.loc 14 173 19 view .LVU771
 3342 013a B480     		strh	r4, [r6, #4]	@ movhi
 174:../../libDaisy//src/hid/disp/display.h ****     }
 3343              		.loc 14 174 9 is_stmt 1 view .LVU772
 3344 013c 9342     		cmp	r3, r2
 3345 013e 24D1     		bne	.L232
 174:../../libDaisy//src/hid/disp/display.h ****     }
 3346              		.loc 14 174 34 is_stmt 0 view .LVU773
 3347 0140 4020     		movs	r0, #64
 3348              	.L209:
 174:../../libDaisy//src/hid/disp/display.h ****     }
ARM GAS  C:\Users\kgpol\AppData\Local\Temp\ccIP7kIm.s 			page 110


 3349              		.loc 14 174 19 view .LVU774
 3350 0142 029B     		ldr	r3, [sp, #8]
 3351 0144 8342     		cmp	r3, r0
 3352 0146 06D3     		bcc	.L210
 174:../../libDaisy//src/hid/disp/display.h ****     }
 3353              		.loc 14 174 46 view .LVU775
 3354 0148 3368     		ldr	r3, [r6]
 3355 014a 1C4A     		ldr	r2, .L234+4
 3356 014c 9B68     		ldr	r3, [r3, #8]
 3357 014e 9342     		cmp	r3, r2
 3358 0150 25D1     		bne	.L233
 3359 0152 3F23     		movs	r3, #63
 3360 0154 0293     		str	r3, [sp, #8]
 3361              	.LVL258:
 3362              	.L210:
 174:../../libDaisy//src/hid/disp/display.h ****     }
 3363              		.loc 14 174 19 view .LVU776
 3364 0156 029B     		ldr	r3, [sp, #8]
 3365 0158 F380     		strh	r3, [r6, #6]	@ movhi
 3366              	.LVL259:
 3367              	.L192:
 174:../../libDaisy//src/hid/disp/display.h ****     }
 3368              		.loc 14 174 19 view .LVU777
 3369              	.LBE964:
 3370              	.LBE968:
 3371              	.LBE930:
 3372              	.LBE929:
 444:../../libDaisy//src/hid/disp/display.h ****         {
 445:../../libDaisy//src/hid/disp/display.h ****             if(((ChildType*)(this))->ChildType::WriteChar(*str, font, on)
 446:../../libDaisy//src/hid/disp/display.h ****                != *str)
 3373              		.loc 14 446 16 view .LVU778
 3374 015a 019B     		ldr	r3, [sp, #4]
 3375 015c 1878     		ldrb	r0, [r3]	@ zero_extendqisi2
 445:../../libDaisy//src/hid/disp/display.h ****                != *str)
 3376              		.loc 14 445 13 view .LVU779
 3377 015e 4045     		cmp	r0, r8
 3378 0160 07D1     		bne	.L190
 3379              	.LVL260:
 443:../../libDaisy//src/hid/disp/display.h ****         {
 3380              		.loc 14 443 9 is_stmt 1 view .LVU780
 3381 0162 13F8018F 		ldrb	r8, [r3, #1]!	@ zero_extendqisi2
 3382              	.LVL261:
 443:../../libDaisy//src/hid/disp/display.h ****         {
 3383              		.loc 14 443 9 is_stmt 0 view .LVU781
 3384 0166 0193     		str	r3, [sp, #4]
 3385 0168 B8F1000F 		cmp	r8, #0
 3386 016c 7FF460AF 		bne	.L213
 3387              	.LVL262:
 3388              	.L212:
 3389              	.LBB973:
 3390              	.LBB971:
 402:../../libDaisy//src/hid/disp/display.h **** 
 3391              		.loc 14 402 20 view .LVU782
 3392 0170 0020     		movs	r0, #0
 3393              	.L190:
 3394              	.LBE971:
 3395              	.LBE973:
ARM GAS  C:\Users\kgpol\AppData\Local\Temp\ccIP7kIm.s 			page 111


 447:../../libDaisy//src/hid/disp/display.h ****             {
 448:../../libDaisy//src/hid/disp/display.h ****                 // Char could not be written
 449:../../libDaisy//src/hid/disp/display.h ****                 return *str;
 450:../../libDaisy//src/hid/disp/display.h ****             }
 451:../../libDaisy//src/hid/disp/display.h **** 
 452:../../libDaisy//src/hid/disp/display.h ****             // Next char
 453:../../libDaisy//src/hid/disp/display.h ****             str++;
 454:../../libDaisy//src/hid/disp/display.h ****         }
 455:../../libDaisy//src/hid/disp/display.h **** 
 456:../../libDaisy//src/hid/disp/display.h ****         // Everything ok
 457:../../libDaisy//src/hid/disp/display.h ****         return *str;
 458:../../libDaisy//src/hid/disp/display.h ****     }
 3396              		.loc 14 458 5 view .LVU783
 3397 0172 09B0     		add	sp, sp, #36
 3398              		.cfi_remember_state
 3399              		.cfi_def_cfa_offset 36
 3400              		@ sp needed
 3401 0174 BDE8F08F 		pop	{r4, r5, r6, r7, r8, r9, r10, fp, pc}
 3402              	.LVL263:
 3403              	.L194:
 3404              		.cfi_restore_state
 3405              	.LBB974:
 3406              	.LBB972:
 402:../../libDaisy//src/hid/disp/display.h **** 
 3407              		.loc 14 402 20 view .LVU784
 3408 0178 4FF00008 		mov	r8, #0
 3409              	.LVL264:
 402:../../libDaisy//src/hid/disp/display.h **** 
 3410              		.loc 14 402 20 view .LVU785
 3411 017c EDE7     		b	.L192
 3412              	.LVL265:
 3413              	.L227:
 405:../../libDaisy//src/hid/disp/display.h ****            || Height() < (currentY_ + font.FontHeight))
 3414              		.loc 14 405 17 view .LVU786
 3415 017e 3046     		mov	r0, r6
 3416 0180 9847     		blx	r3
 3417              	.LVL266:
 3418 0182 62E7     		b	.L193
 3419              	.L228:
 406:../../libDaisy//src/hid/disp/display.h ****         {
 3420              		.loc 14 406 21 view .LVU787
 3421 0184 3046     		mov	r0, r6
 3422 0186 9847     		blx	r3
 3423              	.LVL267:
 3424 0188 6BE7     		b	.L195
 3425              	.LVL268:
 3426              	.L232:
 3427              	.LBB969:
 3428              	.LBB965:
 174:../../libDaisy//src/hid/disp/display.h ****     }
 3429              		.loc 14 174 33 view .LVU788
 3430 018a 3046     		mov	r0, r6
 3431 018c 9847     		blx	r3
 3432              	.LVL269:
 3433 018e D8E7     		b	.L209
 3434              	.LVL270:
 3435              	.L230:
ARM GAS  C:\Users\kgpol\AppData\Local\Temp\ccIP7kIm.s 			page 112


 173:../../libDaisy//src/hid/disp/display.h ****         currentY_ = (y >= Height()) ? Height() - 1 : y;
 3436              		.loc 14 173 32 view .LVU789
 3437 0190 3046     		mov	r0, r6
 3438 0192 9847     		blx	r3
 3439              	.LVL271:
 173:../../libDaisy//src/hid/disp/display.h ****         currentY_ = (y >= Height()) ? Height() - 1 : y;
 3440              		.loc 14 173 44 view .LVU790
 3441 0194 3268     		ldr	r2, [r6]
 3442 0196 C7E7     		b	.L206
 3443              	.LVL272:
 3444              	.L196:
 173:../../libDaisy//src/hid/disp/display.h ****         currentY_ = (y >= Height()) ? Height() - 1 : y;
 3445              		.loc 14 173 44 view .LVU791
 3446              	.LBE965:
 3447              	.LBE969:
 434:../../libDaisy//src/hid/disp/display.h **** 
 3448              		.loc 14 434 19 view .LVU792
 3449 0198 B6F804B0 		ldrh	fp, [r6, #4]
 3450 019c BBE7     		b	.L198
 3451              	.LVL273:
 3452              	.L233:
 3453              	.LBB970:
 3454              	.LBB966:
 174:../../libDaisy//src/hid/disp/display.h ****     }
 3455              		.loc 14 174 45 view .LVU793
 3456 019e 3046     		mov	r0, r6
 3457 01a0 9847     		blx	r3
 3458              	.LVL274:
 174:../../libDaisy//src/hid/disp/display.h ****     }
 3459              		.loc 14 174 19 view .LVU794
 3460 01a2 0138     		subs	r0, r0, #1
 3461 01a4 83B2     		uxth	r3, r0
 3462 01a6 0293     		str	r3, [sp, #8]
 3463              	.LVL275:
 174:../../libDaisy//src/hid/disp/display.h ****     }
 3464              		.loc 14 174 19 view .LVU795
 3465 01a8 D5E7     		b	.L210
 3466              	.LVL276:
 3467              	.L231:
 173:../../libDaisy//src/hid/disp/display.h ****         currentY_ = (y >= Height()) ? Height() - 1 : y;
 3468              		.loc 14 173 43 view .LVU796
 3469 01aa 3046     		mov	r0, r6
 3470 01ac 9847     		blx	r3
 3471              	.LVL277:
 173:../../libDaisy//src/hid/disp/display.h ****         currentY_ = (y >= Height()) ? Height() - 1 : y;
 3472              		.loc 14 173 19 view .LVU797
 3473 01ae 0138     		subs	r0, r0, #1
 174:../../libDaisy//src/hid/disp/display.h ****     }
 3474              		.loc 14 174 34 view .LVU798
 3475 01b0 3268     		ldr	r2, [r6]
 173:../../libDaisy//src/hid/disp/display.h ****         currentY_ = (y >= Height()) ? Height() - 1 : y;
 3476              		.loc 14 173 19 view .LVU799
 3477 01b2 84B2     		uxth	r4, r0
 3478              	.LVL278:
 173:../../libDaisy//src/hid/disp/display.h ****         currentY_ = (y >= Height()) ? Height() - 1 : y;
 3479              		.loc 14 173 19 view .LVU800
 3480 01b4 BFE7     		b	.L207
ARM GAS  C:\Users\kgpol\AppData\Local\Temp\ccIP7kIm.s 			page 113


 3481              	.L235:
 3482 01b6 00BF     		.align	2
 3483              	.L234:
 3484 01b8 00000000 		.word	_ZNK5daisy11OledDisplayINS_13SSD130xDriverILj128ELj64ENS_24SSD130x4WireSpiTransportEEEE5Widt
 3485 01bc 00000000 		.word	_ZNK5daisy11OledDisplayINS_13SSD130xDriverILj128ELj64ENS_24SSD130x4WireSpiTransportEEEE6Heig
 3486              	.LBE966:
 3487              	.LBE970:
 3488              	.LBE972:
 3489              	.LBE974:
 3490              		.cfi_endproc
 3491              	.LFE5049:
 3493              		.section	.rodata._ZL13UpdateDisplayv.str1.4,"aMS",%progbits,1
 3494              		.align	2
 3495              	.LC10:
 3496 0000 53796E63 		.ascii	"Sync: On\000"
 3496      3A204F6E 
 3496      00
 3497 0009 000000   		.align	2
 3498              	.LC11:
 3499 000c 53796E63 		.ascii	"Sync: Off\000"
 3499      3A204F66 
 3499      6600
 3500 0016 0000     		.align	2
 3501              	.LC12:
 3502 0018 4C696E6B 		.ascii	"Link: On\000"
 3502      3A204F6E 
 3502      00
 3503 0021 000000   		.align	2
 3504              	.LC13:
 3505 0024 4C696E6B 		.ascii	"Link: Off\000"
 3505      3A204F66 
 3505      6600
 3506 002e 0000     		.align	2
 3507              	.LC14:
 3508 0030 7E4B4720 		.ascii	"~KG DELAY beta v0.1~\000"
 3508      44454C41 
 3508      59206265 
 3508      74612076 
 3508      302E317E 
 3509 0045 000000   		.align	2
 3510              	.LC15:
 3511 0048 52616E67 		.ascii	"Range: X Fast\000"
 3511      653A2058 
 3511      20466173 
 3511      7400
 3512 0056 0000     		.align	2
 3513              	.LC16:
 3514 0058 52616E67 		.ascii	"Range: Fast\000"
 3514      653A2046 
 3514      61737400 
 3515              		.align	2
 3516              	.LC17:
 3517 0064 52616E67 		.ascii	"Range: Med\000"
 3517      653A204D 
 3517      656400
 3518 006f 00       		.align	2
 3519              	.LC18:
ARM GAS  C:\Users\kgpol\AppData\Local\Temp\ccIP7kIm.s 			page 114


 3520 0070 52616E67 		.ascii	"Range: Slow\000"
 3520      653A2053 
 3520      6C6F7700 
 3521              		.section	.text._ZL13UpdateDisplayv,"ax",%progbits
 3522              		.align	1
 3523              		.p2align 2,,3
 3524              		.syntax unified
 3525              		.thumb
 3526              		.thumb_func
 3527              		.fpu fpv5-d16
 3529              	_ZL13UpdateDisplayv:
 3530              	.LFB4713:
 145:delay-module.cpp ****     // Max 18 characters per line at 7x10 font size
 3531              		.loc 16 145 1 is_stmt 1 view -0
 3532              		.cfi_startproc
 3533              		@ args = 0, pretend = 0, frame = 160
 3534              		@ frame_needed = 0, uses_anonymous_args = 0
 149:delay-module.cpp **** 
 3535              		.loc 16 149 5 view .LVU802
 152:delay-module.cpp **** 
 3536              		.loc 16 152 5 view .LVU803
 3537              	.LVL279:
 3538              	.LBB1260:
 3539              	.LBI1260:
  34:../../libDaisy//src/hid/disp/oled_display.h **** 
 3540              		.loc 12 34 10 view .LVU804
 3541              	.LBB1261:
 3542              	.LBI1261:
 362:../../libDaisy//src/dev/oled_ssd130x.h ****     {
 3543              		.loc 13 362 10 view .LVU805
 3544              	.LBB1262:
 364:../../libDaisy//src/dev/oled_ssd130x.h ****         {
 3545              		.loc 13 364 29 view .LVU806
 3546              	.LBE1262:
 3547              	.LBE1261:
 3548              	.LBE1260:
 145:delay-module.cpp ****     // Max 18 characters per line at 7x10 font size
 3549              		.loc 16 145 1 is_stmt 0 view .LVU807
 3550 0000 2DE9F04F 		push	{r4, r5, r6, r7, r8, r9, r10, fp, lr}
 3551              		.cfi_def_cfa_offset 36
 3552              		.cfi_offset 4, -36
 3553              		.cfi_offset 5, -32
 3554              		.cfi_offset 6, -28
 3555              		.cfi_offset 7, -24
 3556              		.cfi_offset 8, -20
 3557              		.cfi_offset 9, -16
 3558              		.cfi_offset 10, -12
 3559              		.cfi_offset 11, -8
 3560              		.cfi_offset 14, -4
 3561              	.LBB1267:
 3562              	.LBB1265:
 3563              	.LBB1263:
 366:../../libDaisy//src/dev/oled_ssd130x.h ****         }
 3564              		.loc 13 366 24 view .LVU808
 3565 0004 4FF48062 		mov	r2, #1024
 3566              	.LBE1263:
 3567              	.LBE1265:
ARM GAS  C:\Users\kgpol\AppData\Local\Temp\ccIP7kIm.s 			page 115


 3568              	.LBE1267:
 145:delay-module.cpp ****     // Max 18 characters per line at 7x10 font size
 3569              		.loc 16 145 1 view .LVU809
 3570 0008 A9B0     		sub	sp, sp, #164
 3571              		.cfi_def_cfa_offset 200
 3572              	.LBB1268:
 3573              	.LBB1266:
 3574              	.LBB1264:
 366:../../libDaisy//src/dev/oled_ssd130x.h ****         }
 3575              		.loc 13 366 24 view .LVU810
 3576 000a 0021     		movs	r1, #0
 3577 000c 7448     		ldr	r0, .L329
 3578 000e FFF7FEFF 		bl	memset
 3579              	.LVL280:
 366:../../libDaisy//src/dev/oled_ssd130x.h ****         }
 3580              		.loc 13 366 24 view .LVU811
 3581              	.LBE1264:
 3582              	.LBE1266:
 3583              	.LBE1268:
 155:delay-module.cpp ****     display.SetCursor(0, 0);
 3584              		.loc 16 155 5 is_stmt 1 view .LVU812
 155:delay-module.cpp ****     display.SetCursor(0, 0);
 3585              		.loc 16 155 12 is_stmt 0 view .LVU813
 3586 0012 7449     		ldr	r1, .L329+4
 3587 0014 744A     		ldr	r2, .L329+8
 3588 0016 08A8     		add	r0, sp, #32
 3589 0018 744B     		ldr	r3, .L329+12
 3590 001a 0978     		ldrb	r1, [r1]	@ zero_extendqisi2
 3591              	.LBB1269:
 3592              	.LBB1270:
 173:../../libDaisy//src/hid/disp/display.h ****         currentY_ = (y >= Height()) ? Height() - 1 : y;
 3593              		.loc 14 173 19 view .LVU814
 3594 001c DFF8DCB1 		ldr	fp, .L329+28
 3595              	.LBE1270:
 3596              	.LBE1269:
 155:delay-module.cpp ****     display.SetCursor(0, 0);
 3597              		.loc 16 155 12 view .LVU815
 3598 0020 0029     		cmp	r1, #0
 3599 0022 14BF     		ite	ne
 3600 0024 1146     		movne	r1, r2
 3601 0026 1946     		moveq	r1, r3
 3602 0028 FFF7FEFF 		bl	sprintf
 3603              	.LVL281:
 156:delay-module.cpp ****     display.WriteString(str_buffer, Font_7x10, true);
 3604              		.loc 16 156 5 is_stmt 1 view .LVU816
 3605              	.LBB1272:
 3606              	.LBI1269:
 171:../../libDaisy//src/hid/disp/display.h ****     {
 3607              		.loc 14 171 10 view .LVU817
 3608              	.LBB1271:
 173:../../libDaisy//src/hid/disp/display.h ****         currentY_ = (y >= Height()) ? Height() - 1 : y;
 3609              		.loc 14 173 9 view .LVU818
 174:../../libDaisy//src/hid/disp/display.h ****     }
 3610              		.loc 14 174 9 view .LVU819
 3611 002c 704A     		ldr	r2, .L329+16
 173:../../libDaisy//src/hid/disp/display.h ****         currentY_ = (y >= Height()) ? Height() - 1 : y;
 3612              		.loc 14 173 19 is_stmt 0 view .LVU820
ARM GAS  C:\Users\kgpol\AppData\Local\Temp\ccIP7kIm.s 			page 116


 3613 002e 0023     		movs	r3, #0
 3614 0030 5178     		ldrb	r1, [r2, #1]	@ zero_extendqisi2
 3615 0032 1478     		ldrb	r4, [r2]	@ zero_extendqisi2
 3616 0034 CBF80430 		str	r3, [fp, #4]
 3617              	.LVL282:
 173:../../libDaisy//src/hid/disp/display.h ****         currentY_ = (y >= Height()) ? Height() - 1 : y;
 3618              		.loc 14 173 19 view .LVU821
 3619              	.LBE1271:
 3620              	.LBE1272:
 157:delay-module.cpp **** 
 3621              		.loc 16 157 5 is_stmt 1 view .LVU822
 157:delay-module.cpp **** 
 3622              		.loc 16 157 5 is_stmt 0 view .LVU823
 3623 0038 5268     		ldr	r2, [r2, #4]
 3624              	.LBB1273:
 3625              	.LBB1274:
 443:../../libDaisy//src/hid/disp/display.h ****         {
 3626              		.loc 14 443 9 view .LVU824
 3627 003a 9DF82030 		ldrb	r3, [sp, #32]	@ zero_extendqisi2
 3628 003e 0391     		str	r1, [sp, #12]
 3629              	.LVL283:
 443:../../libDaisy//src/hid/disp/display.h ****         {
 3630              		.loc 14 443 9 view .LVU825
 3631 0040 0593     		str	r3, [sp, #20]
 3632 0042 0492     		str	r2, [sp, #16]
 3633              	.LVL284:
 443:../../libDaisy//src/hid/disp/display.h ****         {
 3634              		.loc 14 443 9 view .LVU826
 3635              	.LBE1274:
 3636              	.LBI1273:
 440:../../libDaisy//src/hid/disp/display.h ****     {
 3637              		.loc 14 440 10 is_stmt 1 view .LVU827
 3638              	.LBB1326:
 443:../../libDaisy//src/hid/disp/display.h ****         {
 3639              		.loc 14 443 9 view .LVU828
 3640 0044 002B     		cmp	r3, #0
 3641 0046 00F0AC82 		beq	.L238
 3642 004a 08AA     		add	r2, sp, #32
 3643              	.LVL285:
 443:../../libDaisy//src/hid/disp/display.h ****         {
 3644              		.loc 14 443 9 is_stmt 0 view .LVU829
 3645 004c 0192     		str	r2, [sp, #4]
 3646              	.LVL286:
 3647              	.L242:
 3648              	.LBB1275:
 3649              	.LBI1275:
 396:../../libDaisy//src/hid/disp/display.h ****     {
 3650              		.loc 14 396 10 is_stmt 1 view .LVU830
 3651              	.LBB1276:
 401:../../libDaisy//src/hid/disp/display.h ****             return 0;
 3652              		.loc 14 401 20 is_stmt 0 view .LVU831
 3653 004e 203B     		subs	r3, r3, #32
 3654              	.LVL287:
 401:../../libDaisy//src/hid/disp/display.h ****             return 0;
 3655              		.loc 14 401 9 view .LVU832
 3656 0050 DAB2     		uxtb	r2, r3
 3657 0052 5E2A     		cmp	r2, #94
ARM GAS  C:\Users\kgpol\AppData\Local\Temp\ccIP7kIm.s 			page 117


 3658 0054 68D8     		bhi	.L241
 405:../../libDaisy//src/hid/disp/display.h ****            || Height() < (currentY_ + font.FontHeight))
 3659              		.loc 14 405 23 view .LVU833
 3660 0056 BBF80480 		ldrh	r8, [fp, #4]
 405:../../libDaisy//src/hid/disp/display.h ****            || Height() < (currentY_ + font.FontHeight))
 3661              		.loc 14 405 33 view .LVU834
 3662 005a 08EB040E 		add	lr, r8, r4
 406:../../libDaisy//src/hid/disp/display.h ****         {
 3663              		.loc 14 406 12 view .LVU835
 3664 005e BEF1800F 		cmp	lr, #128
 3665 0062 61DC     		bgt	.L241
 406:../../libDaisy//src/hid/disp/display.h ****         {
 3666              		.loc 14 406 27 view .LVU836
 3667 0064 BBF80620 		ldrh	r2, [fp, #6]
 406:../../libDaisy//src/hid/disp/display.h ****         {
 3668              		.loc 14 406 37 view .LVU837
 3669 0068 0399     		ldr	r1, [sp, #12]
 406:../../libDaisy//src/hid/disp/display.h ****         {
 3670              		.loc 14 406 27 view .LVU838
 3671 006a 0292     		str	r2, [sp, #8]
 406:../../libDaisy//src/hid/disp/display.h ****         {
 3672              		.loc 14 406 37 view .LVU839
 3673 006c 0A44     		add	r2, r2, r1
 406:../../libDaisy//src/hid/disp/display.h ****         {
 3674              		.loc 14 406 12 view .LVU840
 3675 006e 402A     		cmp	r2, #64
 3676 0070 5ADC     		bgt	.L241
 3677              	.LVL288:
 413:../../libDaisy//src/hid/disp/display.h ****         {
 3678              		.loc 14 413 22 is_stmt 1 view .LVU841
 3679 0072 0029     		cmp	r1, #0
 3680 0074 43D0     		beq	.L244
 415:../../libDaisy//src/hid/disp/display.h ****             for(j = 0; j < font.FontWidth; j++)
 3681              		.loc 14 415 37 is_stmt 0 view .LVU842
 3682 0076 039A     		ldr	r2, [sp, #12]
 3683 0078 6FF0004C 		mvn	ip, #-2147483648
 3684 007c 029D     		ldr	r5, [sp, #8]
 3685 007e 02FB03F3 		mul	r3, r2, r3
 3686 0082 9C44     		add	ip, ip, r3
 3687 0084 1344     		add	r3, r3, r2
 3688 0086 049A     		ldr	r2, [sp, #16]
 3689 0088 A2F1020A 		sub	r10, r2, #2
 3690 008c 02EB4C0C 		add	ip, r2, ip, lsl #1
 3691 0090 0AEB430A 		add	r10, r10, r3, lsl #1
 3692              	.LVL289:
 3693              	.L245:
 415:../../libDaisy//src/hid/disp/display.h ****             for(j = 0; j < font.FontWidth; j++)
 3694              		.loc 14 415 15 view .LVU843
 3695 0094 3CF8026F 		ldrh	r6, [ip, #2]!
 3696              	.LVL290:
 416:../../libDaisy//src/hid/disp/display.h ****             {
 3697              		.loc 14 416 26 is_stmt 1 view .LVU844
 3698 0098 6CB3     		cbz	r4, .L248
 3699              	.LBB1277:
 3700              	.LBB1278:
 3701              	.LBB1279:
 3702              	.LBB1280:
ARM GAS  C:\Users\kgpol\AppData\Local\Temp\ccIP7kIm.s 			page 118


 3703              	.LBB1281:
 359:../../libDaisy//src/dev/oled_ssd130x.h ****     }
 3704              		.loc 13 359 55 is_stmt 0 view .LVU845
 3705 009a 05F00703 		and	r3, r5, #7
 359:../../libDaisy//src/dev/oled_ssd130x.h ****     }
 3706              		.loc 13 359 49 view .LVU846
 3707 009e 0127     		movs	r7, #1
 359:../../libDaisy//src/dev/oled_ssd130x.h ****     }
 3708              		.loc 13 359 28 view .LVU847
 3709 00a0 EA08     		lsrs	r2, r5, #3
 3710 00a2 4146     		mov	r1, r8
 359:../../libDaisy//src/dev/oled_ssd130x.h ****     }
 3711              		.loc 13 359 49 view .LVU848
 3712 00a4 9F40     		lsls	r7, r7, r3
 3713 00a6 08F11403 		add	r3, r8, #20
 359:../../libDaisy//src/dev/oled_ssd130x.h ****     }
 3714              		.loc 13 359 42 view .LVU849
 3715 00aa 7FB2     		sxtb	r7, r7
 3716 00ac 03EBC212 		add	r2, r3, r2, lsl #7
 3717              	.LBE1281:
 3718              	.LBE1280:
 3719              	.LBE1279:
 3720              	.LBE1278:
 3721              	.LBE1277:
 416:../../libDaisy//src/hid/disp/display.h ****             {
 3722              		.loc 14 416 19 view .LVU850
 3723 00b0 0023     		movs	r3, #0
 3724              	.LBB1300:
 3725              	.LBB1295:
 3726              	.LBB1291:
 3727              	.LBB1286:
 3728              	.LBB1282:
 359:../../libDaisy//src/dev/oled_ssd130x.h ****     }
 3729              		.loc 13 359 42 view .LVU851
 3730 00b2 6FEA0709 		mvn	r9, r7
 3731 00b6 5A44     		add	r2, r2, fp
 3732 00b8 0BE0     		b	.L249
 3733              	.LVL291:
 3734              	.L324:
 359:../../libDaisy//src/dev/oled_ssd130x.h ****     }
 3735              		.loc 13 359 42 view .LVU852
 3736              	.LBE1282:
 3737              	.LBE1286:
 3738              	.LBE1291:
 3739              	.LBE1295:
 3740              	.LBE1300:
 3741              	.LBB1301:
 3742              	.LBB1302:
 3743              	.LBB1303:
 354:../../libDaisy//src/dev/oled_ssd130x.h ****             return;
 3744              		.loc 13 354 9 view .LVU853
 3745 00ba 7F29     		cmp	r1, #127
 3746 00bc 04D8     		bhi	.L247
 3747 00be 3F2D     		cmp	r5, #63
 3748 00c0 02D8     		bhi	.L247
 357:../../libDaisy//src/dev/oled_ssd130x.h ****         else
 3749              		.loc 13 357 42 view .LVU854
ARM GAS  C:\Users\kgpol\AppData\Local\Temp\ccIP7kIm.s 			page 119


 3750 00c2 1078     		ldrb	r0, [r2]	@ zero_extendqisi2
 3751 00c4 3843     		orrs	r0, r0, r7
 3752 00c6 1070     		strb	r0, [r2]
 3753              	.L247:
 3754              	.LVL292:
 357:../../libDaisy//src/dev/oled_ssd130x.h ****         else
 3755              		.loc 13 357 42 view .LVU855
 3756              	.LBE1303:
 3757              	.LBE1302:
 3758              	.LBE1301:
 416:../../libDaisy//src/hid/disp/display.h ****             {
 3759              		.loc 14 416 13 is_stmt 1 view .LVU856
 3760 00c8 0133     		adds	r3, r3, #1
 3761              	.LVL293:
 416:../../libDaisy//src/hid/disp/display.h ****             {
 3762              		.loc 14 416 26 view .LVU857
 3763 00ca 0132     		adds	r2, r2, #1
 3764 00cc 0131     		adds	r1, r1, #1
 3765 00ce A342     		cmp	r3, r4
 3766 00d0 11D0     		beq	.L248
 3767              	.LVL294:
 3768              	.L249:
 3769              	.LBB1305:
 3770              	.LBI1301:
  42:../../libDaisy//src/hid/disp/oled_display.h ****     {
 3771              		.loc 12 42 10 view .LVU858
 3772              	.LBB1304:
 3773              	.LBI1302:
 352:../../libDaisy//src/dev/oled_ssd130x.h ****     {
 3774              		.loc 13 352 10 view .LVU859
 352:../../libDaisy//src/dev/oled_ssd130x.h ****     {
 3775              		.loc 13 352 10 is_stmt 0 view .LVU860
 3776              	.LBE1304:
 3777              	.LBE1305:
 3778              	.LBB1306:
 3779              	.LBI1277:
  42:../../libDaisy//src/hid/disp/oled_display.h ****     {
 3780              		.loc 12 42 10 is_stmt 1 view .LVU861
 3781              	.LBB1296:
 3782              	.LBI1278:
 352:../../libDaisy//src/dev/oled_ssd130x.h ****     {
 3783              		.loc 13 352 10 view .LVU862
 3784              	.LBE1296:
 3785              	.LBE1306:
 418:../../libDaisy//src/hid/disp/display.h ****                 {
 3786              		.loc 14 418 23 is_stmt 0 view .LVU863
 3787 00d2 06FA03F0 		lsl	r0, r6, r3
 418:../../libDaisy//src/hid/disp/display.h ****                 {
 3788              		.loc 14 418 17 view .LVU864
 3789 00d6 0004     		lsls	r0, r0, #16
 3790 00d8 EFD4     		bmi	.L324
 3791              	.LVL295:
 3792              	.LBB1307:
 3793              	.LBB1297:
 3794              	.LBB1292:
 3795              	.LBB1287:
 3796              	.LBI1280:
ARM GAS  C:\Users\kgpol\AppData\Local\Temp\ccIP7kIm.s 			page 120


 352:../../libDaisy//src/dev/oled_ssd130x.h ****     {
 3797              		.loc 13 352 10 is_stmt 1 view .LVU865
 352:../../libDaisy//src/dev/oled_ssd130x.h ****     {
 3798              		.loc 13 352 10 is_stmt 0 view .LVU866
 3799              	.LBE1287:
 354:../../libDaisy//src/dev/oled_ssd130x.h ****             return;
 3800              		.loc 13 354 9 view .LVU867
 3801 00da 7F29     		cmp	r1, #127
 3802 00dc F4D8     		bhi	.L247
 3803 00de 3F2D     		cmp	r5, #63
 3804 00e0 F2D8     		bhi	.L247
 3805              	.LBB1288:
 3806              	.LBB1283:
 359:../../libDaisy//src/dev/oled_ssd130x.h ****     }
 3807              		.loc 13 359 42 view .LVU868
 3808 00e2 1078     		ldrb	r0, [r2]	@ zero_extendqisi2
 3809              	.LBE1283:
 3810              	.LBE1288:
 3811              	.LBE1292:
 3812              	.LBE1297:
 3813              	.LBE1307:
 416:../../libDaisy//src/hid/disp/display.h ****             {
 3814              		.loc 14 416 13 view .LVU869
 3815 00e4 0133     		adds	r3, r3, #1
 3816              	.LVL296:
 416:../../libDaisy//src/hid/disp/display.h ****             {
 3817              		.loc 14 416 26 view .LVU870
 3818 00e6 0132     		adds	r2, r2, #1
 3819 00e8 0131     		adds	r1, r1, #1
 3820              	.LBB1308:
 3821              	.LBB1298:
 3822              	.LBB1293:
 3823              	.LBB1289:
 3824              	.LBB1284:
 359:../../libDaisy//src/dev/oled_ssd130x.h ****     }
 3825              		.loc 13 359 42 view .LVU871
 3826 00ea 09EA0000 		and	r0, r9, r0
 3827              	.LBE1284:
 3828              	.LBE1289:
 3829              	.LBE1293:
 3830              	.LBE1298:
 3831              	.LBE1308:
 416:../../libDaisy//src/hid/disp/display.h ****             {
 3832              		.loc 14 416 26 view .LVU872
 3833 00ee A342     		cmp	r3, r4
 3834              	.LBB1309:
 3835              	.LBB1299:
 3836              	.LBB1294:
 3837              	.LBB1290:
 3838              	.LBB1285:
 359:../../libDaisy//src/dev/oled_ssd130x.h ****     }
 3839              		.loc 13 359 42 view .LVU873
 3840 00f0 02F8010C 		strb	r0, [r2, #-1]
 3841              	.LVL297:
 359:../../libDaisy//src/dev/oled_ssd130x.h ****     }
 3842              		.loc 13 359 42 view .LVU874
 3843              	.LBE1285:
ARM GAS  C:\Users\kgpol\AppData\Local\Temp\ccIP7kIm.s 			page 121


 3844              	.LBE1290:
 3845              	.LBE1294:
 3846              	.LBE1299:
 3847              	.LBE1309:
 416:../../libDaisy//src/hid/disp/display.h ****             {
 3848              		.loc 14 416 13 is_stmt 1 view .LVU875
 416:../../libDaisy//src/hid/disp/display.h ****             {
 3849              		.loc 14 416 26 view .LVU876
 3850 00f4 EDD1     		bne	.L249
 3851              	.LVL298:
 3852              	.L248:
 413:../../libDaisy//src/hid/disp/display.h ****         {
 3853              		.loc 14 413 9 view .LVU877
 413:../../libDaisy//src/hid/disp/display.h ****         {
 3854              		.loc 14 413 22 view .LVU878
 3855 00f6 E245     		cmp	r10, ip
 3856 00f8 05F10105 		add	r5, r5, #1
 3857 00fc CAD1     		bne	.L245
 3858              	.LVL299:
 3859              	.L244:
 3860              	.LBB1310:
 3861              	.LBI1310:
 171:../../libDaisy//src/hid/disp/display.h ****     {
 3862              		.loc 14 171 10 view .LVU879
 3863              	.LBB1311:
 173:../../libDaisy//src/hid/disp/display.h ****         currentY_ = (y >= Height()) ? Height() - 1 : y;
 3864              		.loc 14 173 9 view .LVU880
 174:../../libDaisy//src/hid/disp/display.h ****     }
 3865              		.loc 14 174 19 is_stmt 0 view .LVU881
 3866 00fe 029A     		ldr	r2, [sp, #8]
 173:../../libDaisy//src/hid/disp/display.h ****         currentY_ = (y >= Height()) ? Height() - 1 : y;
 3867              		.loc 14 173 19 view .LVU882
 3868 0100 1FFA8EFE 		uxth	lr, lr
 3869              	.LBE1311:
 3870              	.LBE1310:
 3871              	.LBE1276:
 3872              	.LBE1275:
 443:../../libDaisy//src/hid/disp/display.h ****         {
 3873              		.loc 14 443 9 view .LVU883
 3874 0104 0199     		ldr	r1, [sp, #4]
 3875              	.LBB1322:
 3876              	.LBB1318:
 3877              	.LBB1315:
 3878              	.LBB1312:
 174:../../libDaisy//src/hid/disp/display.h ****     }
 3879              		.loc 14 174 19 view .LVU884
 3880 0106 3F2A     		cmp	r2, #63
 3881              	.LBE1312:
 3882              	.LBE1315:
 3883              	.LBE1318:
 3884              	.LBE1322:
 443:../../libDaisy//src/hid/disp/display.h ****         {
 3885              		.loc 14 443 9 view .LVU885
 3886 0108 11F8013F 		ldrb	r3, [r1, #1]!	@ zero_extendqisi2
 3887              	.LBB1323:
 3888              	.LBB1319:
 3889              	.LBB1316:
ARM GAS  C:\Users\kgpol\AppData\Local\Temp\ccIP7kIm.s 			page 122


 3890              	.LBB1313:
 174:../../libDaisy//src/hid/disp/display.h ****     }
 3891              		.loc 14 174 19 view .LVU886
 3892 010c 28BF     		it	cs
 3893 010e 3F22     		movcs	r2, #63
 173:../../libDaisy//src/hid/disp/display.h ****         currentY_ = (y >= Height()) ? Height() - 1 : y;
 3894              		.loc 14 173 19 view .LVU887
 3895 0110 BEF17F0F 		cmp	lr, #127
 3896              	.LBE1313:
 3897              	.LBE1316:
 3898              	.LBE1319:
 3899              	.LBE1323:
 443:../../libDaisy//src/hid/disp/display.h ****         {
 3900              		.loc 14 443 9 view .LVU888
 3901 0114 0191     		str	r1, [sp, #4]
 3902              	.LBB1324:
 3903              	.LBB1320:
 3904              	.LBB1317:
 3905              	.LBB1314:
 173:../../libDaisy//src/hid/disp/display.h ****         currentY_ = (y >= Height()) ? Height() - 1 : y;
 3906              		.loc 14 173 19 view .LVU889
 3907 0116 28BF     		it	cs
 3908 0118 4FF07F0E 		movcs	lr, #127
 174:../../libDaisy//src/hid/disp/display.h ****     }
 3909              		.loc 14 174 19 view .LVU890
 3910 011c ABF80620 		strh	r2, [fp, #6]	@ movhi
 173:../../libDaisy//src/hid/disp/display.h ****         currentY_ = (y >= Height()) ? Height() - 1 : y;
 3911              		.loc 14 173 19 view .LVU891
 3912 0120 ABF804E0 		strh	lr, [fp, #4]	@ movhi
 174:../../libDaisy//src/hid/disp/display.h ****     }
 3913              		.loc 14 174 9 is_stmt 1 view .LVU892
 3914              	.LVL300:
 174:../../libDaisy//src/hid/disp/display.h ****     }
 3915              		.loc 14 174 9 is_stmt 0 view .LVU893
 3916              	.LBE1314:
 3917              	.LBE1317:
 3918              	.LBE1320:
 3919              	.LBE1324:
 443:../../libDaisy//src/hid/disp/display.h ****         {
 3920              		.loc 14 443 9 is_stmt 1 view .LVU894
 3921 0124 002B     		cmp	r3, #0
 3922 0126 92D1     		bne	.L242
 3923              	.L241:
 3924              	.LVL301:
 443:../../libDaisy//src/hid/disp/display.h ****         {
 3925              		.loc 14 443 9 is_stmt 0 view .LVU895
 3926              	.LBE1326:
 3927              	.LBE1273:
 160:delay-module.cpp ****         case 0: sprintf(str_buffer, "Range: X Fast"); break;
 3928              		.loc 16 160 5 is_stmt 1 view .LVU896
 3929 0128 324B     		ldr	r3, .L329+20
 3930 012a 1B68     		ldr	r3, [r3]
 3931 012c 032B     		cmp	r3, #3
 3932 012e 00F24C82 		bhi	.L299
 3933 0132 DFE813F0 		tbh	[pc, r3, lsl #1]
 3934              	.L300:
 3935 0136 1302     		.2byte	(.L250-.L300)/2
ARM GAS  C:\Users\kgpol\AppData\Local\Temp\ccIP7kIm.s 			page 123


 3936 0138 2202     		.2byte	(.L252-.L300)/2
 3937 013a 2402     		.2byte	(.L253-.L300)/2
 3938 013c 0400     		.2byte	(.L254-.L300)/2
 3939              		.p2align 1
 3940              	.L254:
 164:delay-module.cpp ****     }
 3941              		.loc 16 164 9 view .LVU897
 164:delay-module.cpp ****     }
 3942              		.loc 16 164 17 view .LVU898
 164:delay-module.cpp ****     }
 3943              		.loc 16 164 24 is_stmt 0 view .LVU899
 3944 013e 2E4B     		ldr	r3, .L329+24
 3945              	.L323:
 3946 0140 2B4A     		ldr	r2, .L329+16
 3947 0142 5178     		ldrb	r1, [r2, #1]	@ zero_extendqisi2
 3948 0144 1478     		ldrb	r4, [r2]	@ zero_extendqisi2
 3949 0146 5268     		ldr	r2, [r2, #4]
 3950 0148 0391     		str	r1, [sp, #12]
 3951 014a 0492     		str	r2, [sp, #16]
 3952 014c 93E80700 		ldm	r3, {r0, r1, r2}
 3953 0150 08AB     		add	r3, sp, #32
 3954 0152 83E80700 		stm	r3, {r0, r1, r2}
 164:delay-module.cpp ****     }
 3955              		.loc 16 164 53 is_stmt 1 view .LVU900
 3956              	.LBB1328:
 3957              	.LBB1329:
 443:../../libDaisy//src/hid/disp/display.h ****         {
 3958              		.loc 14 443 9 is_stmt 0 view .LVU901
 3959 0156 9DF82030 		ldrb	r3, [sp, #32]	@ zero_extendqisi2
 3960 015a 0593     		str	r3, [sp, #20]
 3961              	.L251:
 3962              	.LBE1329:
 3963              	.LBE1328:
 166:delay-module.cpp ****     display.WriteString(str_buffer, Font_7x10, true);
 3964              		.loc 16 166 5 is_stmt 1 view .LVU902
 3965              	.LVL302:
 3966              	.LBB1385:
 3967              	.LBI1385:
 171:../../libDaisy//src/hid/disp/display.h ****     {
 3968              		.loc 14 171 10 view .LVU903
 3969              	.LBB1386:
 173:../../libDaisy//src/hid/disp/display.h ****         currentY_ = (y >= Height()) ? Height() - 1 : y;
 3970              		.loc 14 173 9 view .LVU904
 174:../../libDaisy//src/hid/disp/display.h ****     }
 3971              		.loc 14 174 9 view .LVU905
 173:../../libDaisy//src/hid/disp/display.h ****         currentY_ = (y >= Height()) ? Height() - 1 : y;
 3972              		.loc 14 173 19 is_stmt 0 view .LVU906
 3973 015c 4FF44023 		mov	r3, #786432
 3974 0160 CBF80430 		str	r3, [fp, #4]
 3975              	.LVL303:
 173:../../libDaisy//src/hid/disp/display.h ****         currentY_ = (y >= Height()) ? Height() - 1 : y;
 3976              		.loc 14 173 19 view .LVU907
 3977              	.LBE1386:
 3978              	.LBE1385:
 167:delay-module.cpp **** 
 3979              		.loc 16 167 5 is_stmt 1 view .LVU908
 3980              	.LBB1389:
ARM GAS  C:\Users\kgpol\AppData\Local\Temp\ccIP7kIm.s 			page 124


 3981              	.LBI1328:
 440:../../libDaisy//src/hid/disp/display.h ****     {
 3982              		.loc 14 440 10 view .LVU909
 3983              	.LBB1379:
 443:../../libDaisy//src/hid/disp/display.h ****         {
 3984              		.loc 14 443 9 view .LVU910
 3985 0164 059B     		ldr	r3, [sp, #20]
 3986 0166 002B     		cmp	r3, #0
 3987 0168 00F08180 		beq	.L256
 3988              	.L298:
 443:../../libDaisy//src/hid/disp/display.h ****         {
 3989              		.loc 14 443 9 is_stmt 0 view .LVU911
 3990              	.LBE1379:
 3991              	.LBE1389:
 3992              	.LBB1390:
 3993              	.LBB1327:
 3994              	.LBB1325:
 3995              	.LBB1321:
 416:../../libDaisy//src/hid/disp/display.h ****             {
 3996              		.loc 14 416 19 view .LVU912
 3997 016c 08AB     		add	r3, sp, #32
 3998              	.LVL304:
 416:../../libDaisy//src/hid/disp/display.h ****             {
 3999              		.loc 14 416 19 view .LVU913
 4000 016e 0193     		str	r3, [sp, #4]
 4001 0170 059B     		ldr	r3, [sp, #20]
 4002              	.LVL305:
 4003              	.L260:
 416:../../libDaisy//src/hid/disp/display.h ****             {
 4004              		.loc 14 416 19 view .LVU914
 4005              	.LBE1321:
 4006              	.LBE1325:
 4007              	.LBE1327:
 4008              	.LBE1390:
 4009              	.LBB1391:
 4010              	.LBB1380:
 4011              	.LBB1330:
 4012              	.LBI1330:
 396:../../libDaisy//src/hid/disp/display.h ****     {
 4013              		.loc 14 396 10 is_stmt 1 view .LVU915
 4014              	.LBB1331:
 401:../../libDaisy//src/hid/disp/display.h ****             return 0;
 4015              		.loc 14 401 20 is_stmt 0 view .LVU916
 4016 0172 203B     		subs	r3, r3, #32
 4017              	.LVL306:
 401:../../libDaisy//src/hid/disp/display.h ****             return 0;
 4018              		.loc 14 401 9 view .LVU917
 4019 0174 DAB2     		uxtb	r2, r3
 4020 0176 5E2A     		cmp	r2, #94
 4021 0178 79D8     		bhi	.L256
 405:../../libDaisy//src/hid/disp/display.h ****            || Height() < (currentY_ + font.FontHeight))
 4022              		.loc 14 405 23 view .LVU918
 4023 017a BBF80480 		ldrh	r8, [fp, #4]
 405:../../libDaisy//src/hid/disp/display.h ****            || Height() < (currentY_ + font.FontHeight))
 4024              		.loc 14 405 33 view .LVU919
 4025 017e 08EB040E 		add	lr, r8, r4
 406:../../libDaisy//src/hid/disp/display.h ****         {
ARM GAS  C:\Users\kgpol\AppData\Local\Temp\ccIP7kIm.s 			page 125


 4026              		.loc 14 406 12 view .LVU920
 4027 0182 BEF1800F 		cmp	lr, #128
 4028 0186 72DC     		bgt	.L256
 406:../../libDaisy//src/hid/disp/display.h ****         {
 4029              		.loc 14 406 27 view .LVU921
 4030 0188 BBF80620 		ldrh	r2, [fp, #6]
 406:../../libDaisy//src/hid/disp/display.h ****         {
 4031              		.loc 14 406 37 view .LVU922
 4032 018c 0399     		ldr	r1, [sp, #12]
 406:../../libDaisy//src/hid/disp/display.h ****         {
 4033              		.loc 14 406 27 view .LVU923
 4034 018e 0292     		str	r2, [sp, #8]
 406:../../libDaisy//src/hid/disp/display.h ****         {
 4035              		.loc 14 406 37 view .LVU924
 4036 0190 0A44     		add	r2, r2, r1
 406:../../libDaisy//src/hid/disp/display.h ****         {
 4037              		.loc 14 406 12 view .LVU925
 4038 0192 402A     		cmp	r2, #64
 4039 0194 6BDC     		bgt	.L256
 4040              	.LVL307:
 413:../../libDaisy//src/hid/disp/display.h ****         {
 4041              		.loc 14 413 22 is_stmt 1 view .LVU926
 4042 0196 0029     		cmp	r1, #0
 4043 0198 54D0     		beq	.L262
 415:../../libDaisy//src/hid/disp/display.h ****             for(j = 0; j < font.FontWidth; j++)
 4044              		.loc 14 415 37 is_stmt 0 view .LVU927
 4045 019a 039A     		ldr	r2, [sp, #12]
 4046 019c 6FF0004C 		mvn	ip, #-2147483648
 4047 01a0 029D     		ldr	r5, [sp, #8]
 4048 01a2 02FB03F3 		mul	r3, r2, r3
 4049 01a6 9C44     		add	ip, ip, r3
 4050 01a8 1344     		add	r3, r3, r2
 4051 01aa 049A     		ldr	r2, [sp, #16]
 4052 01ac A2F1020A 		sub	r10, r2, #2
 4053 01b0 02EB4C0C 		add	ip, r2, ip, lsl #1
 4054 01b4 0AEB430A 		add	r10, r10, r3, lsl #1
 4055              	.LVL308:
 4056              	.L263:
 415:../../libDaisy//src/hid/disp/display.h ****             for(j = 0; j < font.FontWidth; j++)
 4057              		.loc 14 415 15 view .LVU928
 4058 01b8 3CF8026F 		ldrh	r6, [ip, #2]!
 4059              	.LVL309:
 416:../../libDaisy//src/hid/disp/display.h ****             {
 4060              		.loc 14 416 26 is_stmt 1 view .LVU929
 4061 01bc 002C     		cmp	r4, #0
 4062 01be 3DD0     		beq	.L266
 4063              	.LBB1332:
 4064              	.LBB1333:
 4065              	.LBB1334:
 4066              	.LBB1335:
 4067              	.LBB1336:
 359:../../libDaisy//src/dev/oled_ssd130x.h ****     }
 4068              		.loc 13 359 55 is_stmt 0 view .LVU930
 4069 01c0 05F00703 		and	r3, r5, #7
 359:../../libDaisy//src/dev/oled_ssd130x.h ****     }
 4070              		.loc 13 359 49 view .LVU931
 4071 01c4 0127     		movs	r7, #1
ARM GAS  C:\Users\kgpol\AppData\Local\Temp\ccIP7kIm.s 			page 126


 359:../../libDaisy//src/dev/oled_ssd130x.h ****     }
 4072              		.loc 13 359 28 view .LVU932
 4073 01c6 EA08     		lsrs	r2, r5, #3
 4074 01c8 4146     		mov	r1, r8
 359:../../libDaisy//src/dev/oled_ssd130x.h ****     }
 4075              		.loc 13 359 49 view .LVU933
 4076 01ca 9F40     		lsls	r7, r7, r3
 4077 01cc 08F11403 		add	r3, r8, #20
 359:../../libDaisy//src/dev/oled_ssd130x.h ****     }
 4078              		.loc 13 359 42 view .LVU934
 4079 01d0 7FB2     		sxtb	r7, r7
 4080 01d2 03EBC212 		add	r2, r3, r2, lsl #7
 4081              	.LBE1336:
 4082              	.LBE1335:
 4083              	.LBE1334:
 4084              	.LBE1333:
 4085              	.LBE1332:
 416:../../libDaisy//src/hid/disp/display.h ****             {
 4086              		.loc 14 416 19 view .LVU935
 4087 01d6 0023     		movs	r3, #0
 4088              	.LBB1355:
 4089              	.LBB1350:
 4090              	.LBB1346:
 4091              	.LBB1341:
 4092              	.LBB1337:
 359:../../libDaisy//src/dev/oled_ssd130x.h ****     }
 4093              		.loc 13 359 42 view .LVU936
 4094 01d8 6FEA0709 		mvn	r9, r7
 4095 01dc 5A44     		add	r2, r2, fp
 4096 01de 1BE0     		b	.L267
 4097              	.L330:
 4098              		.align	2
 4099              	.L329:
 4100 01e0 14000000 		.word	.LANCHOR11+20
 4101 01e4 00000000 		.word	.LANCHOR12
 4102 01e8 00000000 		.word	.LC10
 4103 01ec 0C000000 		.word	.LC11
 4104 01f0 00000000 		.word	Font_7x10
 4105 01f4 00000000 		.word	.LANCHOR10
 4106 01f8 70000000 		.word	.LC18
 4107 01fc 00000000 		.word	.LANCHOR11
 4108              	.LVL310:
 4109              	.L325:
 359:../../libDaisy//src/dev/oled_ssd130x.h ****     }
 4110              		.loc 13 359 42 view .LVU937
 4111              	.LBE1337:
 4112              	.LBE1341:
 4113              	.LBE1346:
 4114              	.LBE1350:
 4115              	.LBE1355:
 4116              	.LBB1356:
 4117              	.LBB1357:
 4118              	.LBB1358:
 354:../../libDaisy//src/dev/oled_ssd130x.h ****             return;
 4119              		.loc 13 354 9 view .LVU938
 4120 0200 7F29     		cmp	r1, #127
 4121 0202 04D8     		bhi	.L265
ARM GAS  C:\Users\kgpol\AppData\Local\Temp\ccIP7kIm.s 			page 127


 4122 0204 3F2D     		cmp	r5, #63
 4123 0206 02D8     		bhi	.L265
 357:../../libDaisy//src/dev/oled_ssd130x.h ****         else
 4124              		.loc 13 357 42 view .LVU939
 4125 0208 1078     		ldrb	r0, [r2]	@ zero_extendqisi2
 4126 020a 3843     		orrs	r0, r0, r7
 4127 020c 1070     		strb	r0, [r2]
 4128              	.L265:
 4129              	.LVL311:
 357:../../libDaisy//src/dev/oled_ssd130x.h ****         else
 4130              		.loc 13 357 42 view .LVU940
 4131              	.LBE1358:
 4132              	.LBE1357:
 4133              	.LBE1356:
 416:../../libDaisy//src/hid/disp/display.h ****             {
 4134              		.loc 14 416 13 is_stmt 1 view .LVU941
 4135 020e 0133     		adds	r3, r3, #1
 4136              	.LVL312:
 416:../../libDaisy//src/hid/disp/display.h ****             {
 4137              		.loc 14 416 26 view .LVU942
 4138 0210 0132     		adds	r2, r2, #1
 4139 0212 0131     		adds	r1, r1, #1
 4140 0214 9C42     		cmp	r4, r3
 4141 0216 11D0     		beq	.L266
 4142              	.LVL313:
 4143              	.L267:
 4144              	.LBB1360:
 4145              	.LBI1356:
  42:../../libDaisy//src/hid/disp/oled_display.h ****     {
 4146              		.loc 12 42 10 view .LVU943
 4147              	.LBB1359:
 4148              	.LBI1357:
 352:../../libDaisy//src/dev/oled_ssd130x.h ****     {
 4149              		.loc 13 352 10 view .LVU944
 352:../../libDaisy//src/dev/oled_ssd130x.h ****     {
 4150              		.loc 13 352 10 is_stmt 0 view .LVU945
 4151              	.LBE1359:
 4152              	.LBE1360:
 4153              	.LBB1361:
 4154              	.LBI1332:
  42:../../libDaisy//src/hid/disp/oled_display.h ****     {
 4155              		.loc 12 42 10 is_stmt 1 view .LVU946
 4156              	.LBB1351:
 4157              	.LBI1333:
 352:../../libDaisy//src/dev/oled_ssd130x.h ****     {
 4158              		.loc 13 352 10 view .LVU947
 4159              	.LBE1351:
 4160              	.LBE1361:
 418:../../libDaisy//src/hid/disp/display.h ****                 {
 4161              		.loc 14 418 23 is_stmt 0 view .LVU948
 4162 0218 06FA03F0 		lsl	r0, r6, r3
 418:../../libDaisy//src/hid/disp/display.h ****                 {
 4163              		.loc 14 418 17 view .LVU949
 4164 021c 0004     		lsls	r0, r0, #16
 4165 021e EFD4     		bmi	.L325
 4166              	.LVL314:
 4167              	.LBB1362:
ARM GAS  C:\Users\kgpol\AppData\Local\Temp\ccIP7kIm.s 			page 128


 4168              	.LBB1352:
 4169              	.LBB1347:
 4170              	.LBB1342:
 4171              	.LBI1335:
 352:../../libDaisy//src/dev/oled_ssd130x.h ****     {
 4172              		.loc 13 352 10 is_stmt 1 view .LVU950
 352:../../libDaisy//src/dev/oled_ssd130x.h ****     {
 4173              		.loc 13 352 10 is_stmt 0 view .LVU951
 4174              	.LBE1342:
 354:../../libDaisy//src/dev/oled_ssd130x.h ****             return;
 4175              		.loc 13 354 9 view .LVU952
 4176 0220 7F29     		cmp	r1, #127
 4177 0222 F4D8     		bhi	.L265
 4178 0224 3F2D     		cmp	r5, #63
 4179 0226 F2D8     		bhi	.L265
 4180              	.LBB1343:
 4181              	.LBB1338:
 359:../../libDaisy//src/dev/oled_ssd130x.h ****     }
 4182              		.loc 13 359 42 view .LVU953
 4183 0228 1078     		ldrb	r0, [r2]	@ zero_extendqisi2
 4184              	.LBE1338:
 4185              	.LBE1343:
 4186              	.LBE1347:
 4187              	.LBE1352:
 4188              	.LBE1362:
 416:../../libDaisy//src/hid/disp/display.h ****             {
 4189              		.loc 14 416 13 view .LVU954
 4190 022a 0133     		adds	r3, r3, #1
 4191              	.LVL315:
 416:../../libDaisy//src/hid/disp/display.h ****             {
 4192              		.loc 14 416 26 view .LVU955
 4193 022c 0132     		adds	r2, r2, #1
 4194 022e 0131     		adds	r1, r1, #1
 4195              	.LBB1363:
 4196              	.LBB1353:
 4197              	.LBB1348:
 4198              	.LBB1344:
 4199              	.LBB1339:
 359:../../libDaisy//src/dev/oled_ssd130x.h ****     }
 4200              		.loc 13 359 42 view .LVU956
 4201 0230 09EA0000 		and	r0, r9, r0
 4202              	.LBE1339:
 4203              	.LBE1344:
 4204              	.LBE1348:
 4205              	.LBE1353:
 4206              	.LBE1363:
 416:../../libDaisy//src/hid/disp/display.h ****             {
 4207              		.loc 14 416 26 view .LVU957
 4208 0234 9C42     		cmp	r4, r3
 4209              	.LBB1364:
 4210              	.LBB1354:
 4211              	.LBB1349:
 4212              	.LBB1345:
 4213              	.LBB1340:
 359:../../libDaisy//src/dev/oled_ssd130x.h ****     }
 4214              		.loc 13 359 42 view .LVU958
 4215 0236 02F8010C 		strb	r0, [r2, #-1]
ARM GAS  C:\Users\kgpol\AppData\Local\Temp\ccIP7kIm.s 			page 129


 4216              	.LVL316:
 359:../../libDaisy//src/dev/oled_ssd130x.h ****     }
 4217              		.loc 13 359 42 view .LVU959
 4218              	.LBE1340:
 4219              	.LBE1345:
 4220              	.LBE1349:
 4221              	.LBE1354:
 4222              	.LBE1364:
 416:../../libDaisy//src/hid/disp/display.h ****             {
 4223              		.loc 14 416 13 is_stmt 1 view .LVU960
 416:../../libDaisy//src/hid/disp/display.h ****             {
 4224              		.loc 14 416 26 view .LVU961
 4225 023a EDD1     		bne	.L267
 4226              	.LVL317:
 4227              	.L266:
 413:../../libDaisy//src/hid/disp/display.h ****         {
 4228              		.loc 14 413 9 view .LVU962
 413:../../libDaisy//src/hid/disp/display.h ****         {
 4229              		.loc 14 413 22 view .LVU963
 4230 023c E245     		cmp	r10, ip
 4231 023e 05F10105 		add	r5, r5, #1
 4232 0242 B9D1     		bne	.L263
 4233              	.LVL318:
 4234              	.L262:
 4235              	.LBB1365:
 4236              	.LBI1365:
 171:../../libDaisy//src/hid/disp/display.h ****     {
 4237              		.loc 14 171 10 view .LVU964
 4238              	.LBB1366:
 173:../../libDaisy//src/hid/disp/display.h ****         currentY_ = (y >= Height()) ? Height() - 1 : y;
 4239              		.loc 14 173 9 view .LVU965
 174:../../libDaisy//src/hid/disp/display.h ****     }
 4240              		.loc 14 174 19 is_stmt 0 view .LVU966
 4241 0244 029A     		ldr	r2, [sp, #8]
 173:../../libDaisy//src/hid/disp/display.h ****         currentY_ = (y >= Height()) ? Height() - 1 : y;
 4242              		.loc 14 173 19 view .LVU967
 4243 0246 1FFA8EFE 		uxth	lr, lr
 4244              	.LBE1366:
 4245              	.LBE1365:
 4246              	.LBE1331:
 4247              	.LBE1330:
 443:../../libDaisy//src/hid/disp/display.h ****         {
 4248              		.loc 14 443 9 view .LVU968
 4249 024a 0199     		ldr	r1, [sp, #4]
 4250              	.LBB1376:
 4251              	.LBB1373:
 4252              	.LBB1370:
 4253              	.LBB1367:
 174:../../libDaisy//src/hid/disp/display.h ****     }
 4254              		.loc 14 174 19 view .LVU969
 4255 024c 3F2A     		cmp	r2, #63
 4256              	.LBE1367:
 4257              	.LBE1370:
 4258              	.LBE1373:
 4259              	.LBE1376:
 443:../../libDaisy//src/hid/disp/display.h ****         {
 4260              		.loc 14 443 9 view .LVU970
ARM GAS  C:\Users\kgpol\AppData\Local\Temp\ccIP7kIm.s 			page 130


 4261 024e 11F8013F 		ldrb	r3, [r1, #1]!	@ zero_extendqisi2
 4262              	.LBB1377:
 4263              	.LBB1374:
 4264              	.LBB1371:
 4265              	.LBB1368:
 174:../../libDaisy//src/hid/disp/display.h ****     }
 4266              		.loc 14 174 19 view .LVU971
 4267 0252 28BF     		it	cs
 4268 0254 3F22     		movcs	r2, #63
 173:../../libDaisy//src/hid/disp/display.h ****         currentY_ = (y >= Height()) ? Height() - 1 : y;
 4269              		.loc 14 173 19 view .LVU972
 4270 0256 BEF17F0F 		cmp	lr, #127
 4271              	.LBE1368:
 4272              	.LBE1371:
 4273              	.LBE1374:
 4274              	.LBE1377:
 443:../../libDaisy//src/hid/disp/display.h ****         {
 4275              		.loc 14 443 9 view .LVU973
 4276 025a 0191     		str	r1, [sp, #4]
 4277              	.LBB1378:
 4278              	.LBB1375:
 4279              	.LBB1372:
 4280              	.LBB1369:
 173:../../libDaisy//src/hid/disp/display.h ****         currentY_ = (y >= Height()) ? Height() - 1 : y;
 4281              		.loc 14 173 19 view .LVU974
 4282 025c 28BF     		it	cs
 4283 025e 4FF07F0E 		movcs	lr, #127
 174:../../libDaisy//src/hid/disp/display.h ****     }
 4284              		.loc 14 174 19 view .LVU975
 4285 0262 ABF80620 		strh	r2, [fp, #6]	@ movhi
 173:../../libDaisy//src/hid/disp/display.h ****         currentY_ = (y >= Height()) ? Height() - 1 : y;
 4286              		.loc 14 173 19 view .LVU976
 4287 0266 ABF804E0 		strh	lr, [fp, #4]	@ movhi
 174:../../libDaisy//src/hid/disp/display.h ****     }
 4288              		.loc 14 174 9 is_stmt 1 view .LVU977
 4289              	.LVL319:
 174:../../libDaisy//src/hid/disp/display.h ****     }
 4290              		.loc 14 174 9 is_stmt 0 view .LVU978
 4291              	.LBE1369:
 4292              	.LBE1372:
 4293              	.LBE1375:
 4294              	.LBE1378:
 443:../../libDaisy//src/hid/disp/display.h ****         {
 4295              		.loc 14 443 9 is_stmt 1 view .LVU979
 4296 026a 002B     		cmp	r3, #0
 4297 026c 81D1     		bne	.L260
 4298              	.L256:
 4299              	.LVL320:
 443:../../libDaisy//src/hid/disp/display.h ****         {
 4300              		.loc 14 443 9 is_stmt 0 view .LVU980
 4301              	.LBE1380:
 4302              	.LBE1391:
 170:delay-module.cpp ****     display.SetCursor(0, 24);
 4303              		.loc 16 170 5 is_stmt 1 view .LVU981
 170:delay-module.cpp ****     display.SetCursor(0, 24);
 4304              		.loc 16 170 12 is_stmt 0 view .LVU982
 4305 026e B14B     		ldr	r3, .L331
ARM GAS  C:\Users\kgpol\AppData\Local\Temp\ccIP7kIm.s 			page 131


 4306 0270 08A8     		add	r0, sp, #32
 4307 0272 B14A     		ldr	r2, .L331+4
 4308 0274 1978     		ldrb	r1, [r3]	@ zero_extendqisi2
 4309 0276 B14B     		ldr	r3, .L331+8
 4310 0278 0029     		cmp	r1, #0
 4311 027a 14BF     		ite	ne
 4312 027c 1146     		movne	r1, r2
 4313 027e 1946     		moveq	r1, r3
 4314 0280 FFF7FEFF 		bl	sprintf
 4315              	.LVL321:
 171:delay-module.cpp ****     display.WriteString(str_buffer, Font_7x10, true);
 4316              		.loc 16 171 5 is_stmt 1 view .LVU983
 4317              	.LBB1392:
 4318              	.LBI1392:
 171:../../libDaisy//src/hid/disp/display.h ****     {
 4319              		.loc 14 171 10 view .LVU984
 4320              	.LBB1393:
 173:../../libDaisy//src/hid/disp/display.h ****         currentY_ = (y >= Height()) ? Height() - 1 : y;
 4321              		.loc 14 173 9 view .LVU985
 174:../../libDaisy//src/hid/disp/display.h ****     }
 4322              		.loc 14 174 9 view .LVU986
 4323 0284 AE4A     		ldr	r2, .L331+12
 173:../../libDaisy//src/hid/disp/display.h ****         currentY_ = (y >= Height()) ? Height() - 1 : y;
 4324              		.loc 14 173 19 is_stmt 0 view .LVU987
 4325 0286 4FF4C013 		mov	r3, #1572864
 4326 028a 5178     		ldrb	r1, [r2, #1]	@ zero_extendqisi2
 4327 028c 1578     		ldrb	r5, [r2]	@ zero_extendqisi2
 4328 028e CBF80430 		str	r3, [fp, #4]
 4329              	.LVL322:
 173:../../libDaisy//src/hid/disp/display.h ****         currentY_ = (y >= Height()) ? Height() - 1 : y;
 4330              		.loc 14 173 19 view .LVU988
 4331              	.LBE1393:
 4332              	.LBE1392:
 172:delay-module.cpp ****     display.WriteStringAligned("~KG DELAY beta v0.1~", Font_6x8, display.GetBounds(), Alignment::bo
 4333              		.loc 16 172 5 is_stmt 1 view .LVU989
 172:delay-module.cpp ****     display.WriteStringAligned("~KG DELAY beta v0.1~", Font_6x8, display.GetBounds(), Alignment::bo
 4334              		.loc 16 172 5 is_stmt 0 view .LVU990
 4335 0292 5268     		ldr	r2, [r2, #4]
 4336              	.LBB1394:
 4337              	.LBB1395:
 443:../../libDaisy//src/hid/disp/display.h ****         {
 4338              		.loc 14 443 9 view .LVU991
 4339 0294 9DF82030 		ldrb	r3, [sp, #32]	@ zero_extendqisi2
 4340 0298 0391     		str	r1, [sp, #12]
 4341              	.LVL323:
 443:../../libDaisy//src/hid/disp/display.h ****         {
 4342              		.loc 14 443 9 view .LVU992
 4343 029a 0492     		str	r2, [sp, #16]
 4344              	.LVL324:
 443:../../libDaisy//src/hid/disp/display.h ****         {
 4345              		.loc 14 443 9 view .LVU993
 4346              	.LBE1395:
 4347              	.LBI1394:
 440:../../libDaisy//src/hid/disp/display.h ****     {
 4348              		.loc 14 440 10 is_stmt 1 view .LVU994
 4349              	.LBB1447:
 443:../../libDaisy//src/hid/disp/display.h ****         {
ARM GAS  C:\Users\kgpol\AppData\Local\Temp\ccIP7kIm.s 			page 132


 4350              		.loc 14 443 9 view .LVU995
 4351 029c 002B     		cmp	r3, #0
 4352 029e 6ED0     		beq	.L270
 4353 02a0 08AA     		add	r2, sp, #32
 4354              	.LVL325:
 443:../../libDaisy//src/hid/disp/display.h ****         {
 4355              		.loc 14 443 9 is_stmt 0 view .LVU996
 4356 02a2 0192     		str	r2, [sp, #4]
 4357              	.LVL326:
 4358              	.L269:
 4359              	.LBB1396:
 4360              	.LBI1396:
 396:../../libDaisy//src/hid/disp/display.h ****     {
 4361              		.loc 14 396 10 is_stmt 1 view .LVU997
 4362              	.LBB1397:
 401:../../libDaisy//src/hid/disp/display.h ****             return 0;
 4363              		.loc 14 401 20 is_stmt 0 view .LVU998
 4364 02a4 203B     		subs	r3, r3, #32
 4365              	.LVL327:
 401:../../libDaisy//src/hid/disp/display.h ****             return 0;
 4366              		.loc 14 401 9 view .LVU999
 4367 02a6 DAB2     		uxtb	r2, r3
 4368 02a8 5E2A     		cmp	r2, #94
 4369 02aa 68D8     		bhi	.L270
 405:../../libDaisy//src/hid/disp/display.h ****            || Height() < (currentY_ + font.FontHeight))
 4370              		.loc 14 405 23 view .LVU1000
 4371 02ac BBF80480 		ldrh	r8, [fp, #4]
 405:../../libDaisy//src/hid/disp/display.h ****            || Height() < (currentY_ + font.FontHeight))
 4372              		.loc 14 405 33 view .LVU1001
 4373 02b0 08EB050E 		add	lr, r8, r5
 406:../../libDaisy//src/hid/disp/display.h ****         {
 4374              		.loc 14 406 12 view .LVU1002
 4375 02b4 BEF1800F 		cmp	lr, #128
 4376 02b8 61DC     		bgt	.L270
 406:../../libDaisy//src/hid/disp/display.h ****         {
 4377              		.loc 14 406 27 view .LVU1003
 4378 02ba BBF80620 		ldrh	r2, [fp, #6]
 406:../../libDaisy//src/hid/disp/display.h ****         {
 4379              		.loc 14 406 37 view .LVU1004
 4380 02be 0399     		ldr	r1, [sp, #12]
 406:../../libDaisy//src/hid/disp/display.h ****         {
 4381              		.loc 14 406 27 view .LVU1005
 4382 02c0 0292     		str	r2, [sp, #8]
 406:../../libDaisy//src/hid/disp/display.h ****         {
 4383              		.loc 14 406 37 view .LVU1006
 4384 02c2 0A44     		add	r2, r2, r1
 406:../../libDaisy//src/hid/disp/display.h ****         {
 4385              		.loc 14 406 12 view .LVU1007
 4386 02c4 402A     		cmp	r2, #64
 4387 02c6 5ADC     		bgt	.L270
 4388              	.LVL328:
 413:../../libDaisy//src/hid/disp/display.h ****         {
 4389              		.loc 14 413 22 is_stmt 1 view .LVU1008
 4390 02c8 0029     		cmp	r1, #0
 4391 02ca 43D0     		beq	.L275
 415:../../libDaisy//src/hid/disp/display.h ****             for(j = 0; j < font.FontWidth; j++)
 4392              		.loc 14 415 37 is_stmt 0 view .LVU1009
ARM GAS  C:\Users\kgpol\AppData\Local\Temp\ccIP7kIm.s 			page 133


 4393 02cc 039A     		ldr	r2, [sp, #12]
 4394 02ce 6FF0004C 		mvn	ip, #-2147483648
 4395 02d2 029C     		ldr	r4, [sp, #8]
 4396 02d4 02FB03F3 		mul	r3, r2, r3
 4397 02d8 9C44     		add	ip, ip, r3
 4398 02da 1344     		add	r3, r3, r2
 4399 02dc 049A     		ldr	r2, [sp, #16]
 4400 02de A2F1020A 		sub	r10, r2, #2
 4401 02e2 02EB4C0C 		add	ip, r2, ip, lsl #1
 4402 02e6 0AEB430A 		add	r10, r10, r3, lsl #1
 4403              	.LVL329:
 4404              	.L276:
 415:../../libDaisy//src/hid/disp/display.h ****             for(j = 0; j < font.FontWidth; j++)
 4405              		.loc 14 415 15 view .LVU1010
 4406 02ea 3CF8026F 		ldrh	r6, [ip, #2]!
 4407              	.LVL330:
 416:../../libDaisy//src/hid/disp/display.h ****             {
 4408              		.loc 14 416 26 is_stmt 1 view .LVU1011
 4409 02ee 6DB3     		cbz	r5, .L279
 4410              	.LBB1398:
 4411              	.LBB1399:
 4412              	.LBB1400:
 4413              	.LBB1401:
 4414              	.LBB1402:
 359:../../libDaisy//src/dev/oled_ssd130x.h ****     }
 4415              		.loc 13 359 55 is_stmt 0 view .LVU1012
 4416 02f0 04F00703 		and	r3, r4, #7
 359:../../libDaisy//src/dev/oled_ssd130x.h ****     }
 4417              		.loc 13 359 49 view .LVU1013
 4418 02f4 0127     		movs	r7, #1
 359:../../libDaisy//src/dev/oled_ssd130x.h ****     }
 4419              		.loc 13 359 28 view .LVU1014
 4420 02f6 E208     		lsrs	r2, r4, #3
 4421 02f8 4146     		mov	r1, r8
 359:../../libDaisy//src/dev/oled_ssd130x.h ****     }
 4422              		.loc 13 359 49 view .LVU1015
 4423 02fa 9F40     		lsls	r7, r7, r3
 4424 02fc 08F11403 		add	r3, r8, #20
 359:../../libDaisy//src/dev/oled_ssd130x.h ****     }
 4425              		.loc 13 359 42 view .LVU1016
 4426 0300 7FB2     		sxtb	r7, r7
 4427 0302 03EBC212 		add	r2, r3, r2, lsl #7
 4428              	.LBE1402:
 4429              	.LBE1401:
 4430              	.LBE1400:
 4431              	.LBE1399:
 4432              	.LBE1398:
 416:../../libDaisy//src/hid/disp/display.h ****             {
 4433              		.loc 14 416 19 view .LVU1017
 4434 0306 0023     		movs	r3, #0
 4435              	.LBB1421:
 4436              	.LBB1416:
 4437              	.LBB1412:
 4438              	.LBB1407:
 4439              	.LBB1403:
 359:../../libDaisy//src/dev/oled_ssd130x.h ****     }
 4440              		.loc 13 359 42 view .LVU1018
ARM GAS  C:\Users\kgpol\AppData\Local\Temp\ccIP7kIm.s 			page 134


 4441 0308 6FEA0709 		mvn	r9, r7
 4442 030c 5A44     		add	r2, r2, fp
 4443 030e 0BE0     		b	.L280
 4444              	.LVL331:
 4445              	.L326:
 359:../../libDaisy//src/dev/oled_ssd130x.h ****     }
 4446              		.loc 13 359 42 view .LVU1019
 4447              	.LBE1403:
 4448              	.LBE1407:
 4449              	.LBE1412:
 4450              	.LBE1416:
 4451              	.LBE1421:
 4452              	.LBB1422:
 4453              	.LBB1423:
 4454              	.LBB1424:
 354:../../libDaisy//src/dev/oled_ssd130x.h ****             return;
 4455              		.loc 13 354 9 view .LVU1020
 4456 0310 7F29     		cmp	r1, #127
 4457 0312 04D8     		bhi	.L278
 4458 0314 3F2C     		cmp	r4, #63
 4459 0316 02D8     		bhi	.L278
 357:../../libDaisy//src/dev/oled_ssd130x.h ****         else
 4460              		.loc 13 357 42 view .LVU1021
 4461 0318 1078     		ldrb	r0, [r2]	@ zero_extendqisi2
 4462 031a 3843     		orrs	r0, r0, r7
 4463 031c 1070     		strb	r0, [r2]
 4464              	.L278:
 4465              	.LVL332:
 357:../../libDaisy//src/dev/oled_ssd130x.h ****         else
 4466              		.loc 13 357 42 view .LVU1022
 4467              	.LBE1424:
 4468              	.LBE1423:
 4469              	.LBE1422:
 416:../../libDaisy//src/hid/disp/display.h ****             {
 4470              		.loc 14 416 13 is_stmt 1 view .LVU1023
 4471 031e 0133     		adds	r3, r3, #1
 4472              	.LVL333:
 416:../../libDaisy//src/hid/disp/display.h ****             {
 4473              		.loc 14 416 26 view .LVU1024
 4474 0320 0132     		adds	r2, r2, #1
 4475 0322 0131     		adds	r1, r1, #1
 4476 0324 9D42     		cmp	r5, r3
 4477 0326 11D0     		beq	.L279
 4478              	.LVL334:
 4479              	.L280:
 4480              	.LBB1426:
 4481              	.LBI1422:
  42:../../libDaisy//src/hid/disp/oled_display.h ****     {
 4482              		.loc 12 42 10 view .LVU1025
 4483              	.LBB1425:
 4484              	.LBI1423:
 352:../../libDaisy//src/dev/oled_ssd130x.h ****     {
 4485              		.loc 13 352 10 view .LVU1026
 352:../../libDaisy//src/dev/oled_ssd130x.h ****     {
 4486              		.loc 13 352 10 is_stmt 0 view .LVU1027
 4487              	.LBE1425:
 4488              	.LBE1426:
ARM GAS  C:\Users\kgpol\AppData\Local\Temp\ccIP7kIm.s 			page 135


 4489              	.LBB1427:
 4490              	.LBI1398:
  42:../../libDaisy//src/hid/disp/oled_display.h ****     {
 4491              		.loc 12 42 10 is_stmt 1 view .LVU1028
 4492              	.LBB1417:
 4493              	.LBI1399:
 352:../../libDaisy//src/dev/oled_ssd130x.h ****     {
 4494              		.loc 13 352 10 view .LVU1029
 4495              	.LBE1417:
 4496              	.LBE1427:
 418:../../libDaisy//src/hid/disp/display.h ****                 {
 4497              		.loc 14 418 23 is_stmt 0 view .LVU1030
 4498 0328 06FA03F0 		lsl	r0, r6, r3
 418:../../libDaisy//src/hid/disp/display.h ****                 {
 4499              		.loc 14 418 17 view .LVU1031
 4500 032c 0004     		lsls	r0, r0, #16
 4501 032e EFD4     		bmi	.L326
 4502              	.LVL335:
 4503              	.LBB1428:
 4504              	.LBB1418:
 4505              	.LBB1413:
 4506              	.LBB1408:
 4507              	.LBI1401:
 352:../../libDaisy//src/dev/oled_ssd130x.h ****     {
 4508              		.loc 13 352 10 is_stmt 1 view .LVU1032
 352:../../libDaisy//src/dev/oled_ssd130x.h ****     {
 4509              		.loc 13 352 10 is_stmt 0 view .LVU1033
 4510              	.LBE1408:
 354:../../libDaisy//src/dev/oled_ssd130x.h ****             return;
 4511              		.loc 13 354 9 view .LVU1034
 4512 0330 7F29     		cmp	r1, #127
 4513 0332 F4D8     		bhi	.L278
 4514 0334 3F2C     		cmp	r4, #63
 4515 0336 F2D8     		bhi	.L278
 4516              	.LBB1409:
 4517              	.LBB1404:
 359:../../libDaisy//src/dev/oled_ssd130x.h ****     }
 4518              		.loc 13 359 42 view .LVU1035
 4519 0338 1078     		ldrb	r0, [r2]	@ zero_extendqisi2
 4520              	.LBE1404:
 4521              	.LBE1409:
 4522              	.LBE1413:
 4523              	.LBE1418:
 4524              	.LBE1428:
 416:../../libDaisy//src/hid/disp/display.h ****             {
 4525              		.loc 14 416 13 view .LVU1036
 4526 033a 0133     		adds	r3, r3, #1
 4527              	.LVL336:
 416:../../libDaisy//src/hid/disp/display.h ****             {
 4528              		.loc 14 416 26 view .LVU1037
 4529 033c 0132     		adds	r2, r2, #1
 4530 033e 0131     		adds	r1, r1, #1
 4531              	.LBB1429:
 4532              	.LBB1419:
 4533              	.LBB1414:
 4534              	.LBB1410:
 4535              	.LBB1405:
ARM GAS  C:\Users\kgpol\AppData\Local\Temp\ccIP7kIm.s 			page 136


 359:../../libDaisy//src/dev/oled_ssd130x.h ****     }
 4536              		.loc 13 359 42 view .LVU1038
 4537 0340 09EA0000 		and	r0, r9, r0
 4538              	.LBE1405:
 4539              	.LBE1410:
 4540              	.LBE1414:
 4541              	.LBE1419:
 4542              	.LBE1429:
 416:../../libDaisy//src/hid/disp/display.h ****             {
 4543              		.loc 14 416 26 view .LVU1039
 4544 0344 9D42     		cmp	r5, r3
 4545              	.LBB1430:
 4546              	.LBB1420:
 4547              	.LBB1415:
 4548              	.LBB1411:
 4549              	.LBB1406:
 359:../../libDaisy//src/dev/oled_ssd130x.h ****     }
 4550              		.loc 13 359 42 view .LVU1040
 4551 0346 02F8010C 		strb	r0, [r2, #-1]
 4552              	.LVL337:
 359:../../libDaisy//src/dev/oled_ssd130x.h ****     }
 4553              		.loc 13 359 42 view .LVU1041
 4554              	.LBE1406:
 4555              	.LBE1411:
 4556              	.LBE1415:
 4557              	.LBE1420:
 4558              	.LBE1430:
 416:../../libDaisy//src/hid/disp/display.h ****             {
 4559              		.loc 14 416 13 is_stmt 1 view .LVU1042
 416:../../libDaisy//src/hid/disp/display.h ****             {
 4560              		.loc 14 416 26 view .LVU1043
 4561 034a EDD1     		bne	.L280
 4562              	.LVL338:
 4563              	.L279:
 413:../../libDaisy//src/hid/disp/display.h ****         {
 4564              		.loc 14 413 9 view .LVU1044
 413:../../libDaisy//src/hid/disp/display.h ****         {
 4565              		.loc 14 413 22 view .LVU1045
 4566 034c E245     		cmp	r10, ip
 4567 034e 04F10104 		add	r4, r4, #1
 4568 0352 CAD1     		bne	.L276
 4569              	.LVL339:
 4570              	.L275:
 4571              	.LBB1431:
 4572              	.LBI1431:
 171:../../libDaisy//src/hid/disp/display.h ****     {
 4573              		.loc 14 171 10 view .LVU1046
 4574              	.LBB1432:
 173:../../libDaisy//src/hid/disp/display.h ****         currentY_ = (y >= Height()) ? Height() - 1 : y;
 4575              		.loc 14 173 9 view .LVU1047
 174:../../libDaisy//src/hid/disp/display.h ****     }
 4576              		.loc 14 174 19 is_stmt 0 view .LVU1048
 4577 0354 029A     		ldr	r2, [sp, #8]
 173:../../libDaisy//src/hid/disp/display.h ****         currentY_ = (y >= Height()) ? Height() - 1 : y;
 4578              		.loc 14 173 19 view .LVU1049
 4579 0356 1FFA8EFE 		uxth	lr, lr
 4580              	.LBE1432:
ARM GAS  C:\Users\kgpol\AppData\Local\Temp\ccIP7kIm.s 			page 137


 4581              	.LBE1431:
 4582              	.LBE1397:
 4583              	.LBE1396:
 443:../../libDaisy//src/hid/disp/display.h ****         {
 4584              		.loc 14 443 9 view .LVU1050
 4585 035a 0199     		ldr	r1, [sp, #4]
 4586              	.LBB1443:
 4587              	.LBB1439:
 4588              	.LBB1436:
 4589              	.LBB1433:
 174:../../libDaisy//src/hid/disp/display.h ****     }
 4590              		.loc 14 174 19 view .LVU1051
 4591 035c 3F2A     		cmp	r2, #63
 4592              	.LBE1433:
 4593              	.LBE1436:
 4594              	.LBE1439:
 4595              	.LBE1443:
 443:../../libDaisy//src/hid/disp/display.h ****         {
 4596              		.loc 14 443 9 view .LVU1052
 4597 035e 11F8013F 		ldrb	r3, [r1, #1]!	@ zero_extendqisi2
 4598              	.LBB1444:
 4599              	.LBB1440:
 4600              	.LBB1437:
 4601              	.LBB1434:
 174:../../libDaisy//src/hid/disp/display.h ****     }
 4602              		.loc 14 174 19 view .LVU1053
 4603 0362 28BF     		it	cs
 4604 0364 3F22     		movcs	r2, #63
 173:../../libDaisy//src/hid/disp/display.h ****         currentY_ = (y >= Height()) ? Height() - 1 : y;
 4605              		.loc 14 173 19 view .LVU1054
 4606 0366 BEF17F0F 		cmp	lr, #127
 4607              	.LBE1434:
 4608              	.LBE1437:
 4609              	.LBE1440:
 4610              	.LBE1444:
 443:../../libDaisy//src/hid/disp/display.h ****         {
 4611              		.loc 14 443 9 view .LVU1055
 4612 036a 0191     		str	r1, [sp, #4]
 4613              	.LBB1445:
 4614              	.LBB1441:
 4615              	.LBB1438:
 4616              	.LBB1435:
 173:../../libDaisy//src/hid/disp/display.h ****         currentY_ = (y >= Height()) ? Height() - 1 : y;
 4617              		.loc 14 173 19 view .LVU1056
 4618 036c 28BF     		it	cs
 4619 036e 4FF07F0E 		movcs	lr, #127
 174:../../libDaisy//src/hid/disp/display.h ****     }
 4620              		.loc 14 174 19 view .LVU1057
 4621 0372 ABF80620 		strh	r2, [fp, #6]	@ movhi
 173:../../libDaisy//src/hid/disp/display.h ****         currentY_ = (y >= Height()) ? Height() - 1 : y;
 4622              		.loc 14 173 19 view .LVU1058
 4623 0376 ABF804E0 		strh	lr, [fp, #4]	@ movhi
 174:../../libDaisy//src/hid/disp/display.h ****     }
 4624              		.loc 14 174 9 is_stmt 1 view .LVU1059
 4625              	.LVL340:
 174:../../libDaisy//src/hid/disp/display.h ****     }
 4626              		.loc 14 174 9 is_stmt 0 view .LVU1060
ARM GAS  C:\Users\kgpol\AppData\Local\Temp\ccIP7kIm.s 			page 138


 4627              	.LBE1435:
 4628              	.LBE1438:
 4629              	.LBE1441:
 4630              	.LBE1445:
 443:../../libDaisy//src/hid/disp/display.h ****         {
 4631              		.loc 14 443 9 is_stmt 1 view .LVU1061
 4632 037a 002B     		cmp	r3, #0
 4633 037c 92D1     		bne	.L269
 4634              	.L270:
 4635              	.LVL341:
 443:../../libDaisy//src/hid/disp/display.h ****         {
 4636              		.loc 14 443 9 is_stmt 0 view .LVU1062
 4637              	.LBE1447:
 4638              	.LBE1394:
 173:delay-module.cpp **** 
 4639              		.loc 16 173 5 is_stmt 1 view .LVU1063
 4640              	.LBB1449:
 4641              	.LBI1449:
  28:../../libDaisy//src/hid/disp/display.h ****     {
 4642              		.loc 14 28 15 view .LVU1064
 4643              	.LBE1449:
  30:../../libDaisy//src/hid/disp/display.h ****     }
 4644              		.loc 14 30 9 view .LVU1065
 4645              	.LBB1454:
 4646              	.LBB1450:
 4647              	.LBI1450:
 4648              		.file 18 "../../libDaisy//src/hid/disp/graphics_common.h"
   1:../../libDaisy//src/hid/disp/graphics_common.h **** #pragma once
   2:../../libDaisy//src/hid/disp/graphics_common.h **** 
   3:../../libDaisy//src/hid/disp/graphics_common.h **** #include <cstdint>
   4:../../libDaisy//src/hid/disp/graphics_common.h **** 
   5:../../libDaisy//src/hid/disp/graphics_common.h **** namespace daisy
   6:../../libDaisy//src/hid/disp/graphics_common.h **** {
   7:../../libDaisy//src/hid/disp/graphics_common.h **** /** Justifications */
   8:../../libDaisy//src/hid/disp/graphics_common.h **** enum class Alignment
   9:../../libDaisy//src/hid/disp/graphics_common.h **** {
  10:../../libDaisy//src/hid/disp/graphics_common.h ****     centered,
  11:../../libDaisy//src/hid/disp/graphics_common.h ****     topLeft,
  12:../../libDaisy//src/hid/disp/graphics_common.h ****     topCentered,
  13:../../libDaisy//src/hid/disp/graphics_common.h ****     topRight,
  14:../../libDaisy//src/hid/disp/graphics_common.h ****     bottomLeft,
  15:../../libDaisy//src/hid/disp/graphics_common.h ****     bottomCentered,
  16:../../libDaisy//src/hid/disp/graphics_common.h ****     bottomRight,
  17:../../libDaisy//src/hid/disp/graphics_common.h ****     centeredLeft,
  18:../../libDaisy//src/hid/disp/graphics_common.h ****     centeredRight
  19:../../libDaisy//src/hid/disp/graphics_common.h **** };
  20:../../libDaisy//src/hid/disp/graphics_common.h **** 
  21:../../libDaisy//src/hid/disp/graphics_common.h **** class Rectangle
  22:../../libDaisy//src/hid/disp/graphics_common.h **** {
  23:../../libDaisy//src/hid/disp/graphics_common.h ****   public:
  24:../../libDaisy//src/hid/disp/graphics_common.h ****     Rectangle() : x_(0), y_(0), width_(0), height_(0) {}
  25:../../libDaisy//src/hid/disp/graphics_common.h **** 
  26:../../libDaisy//src/hid/disp/graphics_common.h ****     Rectangle(int16_t width, int16_t height)
 4649              		.loc 18 26 5 view .LVU1066
 4650              	.LBB1451:
 4651              	.LBI1451:
  27:../../libDaisy//src/hid/disp/graphics_common.h ****     : x_(0), y_(0), width_(max(0, width)), height_(max(0, height))
ARM GAS  C:\Users\kgpol\AppData\Local\Temp\ccIP7kIm.s 			page 139


  28:../../libDaisy//src/hid/disp/graphics_common.h ****     {
  29:../../libDaisy//src/hid/disp/graphics_common.h ****     }
  30:../../libDaisy//src/hid/disp/graphics_common.h **** 
  31:../../libDaisy//src/hid/disp/graphics_common.h ****     Rectangle(int16_t x, int16_t y, int16_t width, int16_t height)
  32:../../libDaisy//src/hid/disp/graphics_common.h ****     : x_(x), y_(y), width_(max(0, width)), height_(max(0, height))
  33:../../libDaisy//src/hid/disp/graphics_common.h ****     {
  34:../../libDaisy//src/hid/disp/graphics_common.h ****     }
  35:../../libDaisy//src/hid/disp/graphics_common.h **** 
  36:../../libDaisy//src/hid/disp/graphics_common.h ****     Rectangle(const Rectangle& other) { *this = other; }
  37:../../libDaisy//src/hid/disp/graphics_common.h **** 
  38:../../libDaisy//src/hid/disp/graphics_common.h ****     Rectangle& operator=(const Rectangle& other)
  39:../../libDaisy//src/hid/disp/graphics_common.h ****     {
  40:../../libDaisy//src/hid/disp/graphics_common.h ****         x_      = other.x_;
  41:../../libDaisy//src/hid/disp/graphics_common.h ****         y_      = other.y_;
  42:../../libDaisy//src/hid/disp/graphics_common.h ****         width_  = other.width_;
  43:../../libDaisy//src/hid/disp/graphics_common.h ****         height_ = other.height_;
  44:../../libDaisy//src/hid/disp/graphics_common.h ****         return *this;
  45:../../libDaisy//src/hid/disp/graphics_common.h ****     }
  46:../../libDaisy//src/hid/disp/graphics_common.h **** 
  47:../../libDaisy//src/hid/disp/graphics_common.h ****     bool operator==(const Rectangle& other) const
  48:../../libDaisy//src/hid/disp/graphics_common.h ****     {
  49:../../libDaisy//src/hid/disp/graphics_common.h ****         return (x_ == other.x_) && (y_ == other.y_) && (width_ == other.width_)
  50:../../libDaisy//src/hid/disp/graphics_common.h ****                && (height_ == other.height_);
  51:../../libDaisy//src/hid/disp/graphics_common.h ****     }
  52:../../libDaisy//src/hid/disp/graphics_common.h ****     bool operator!=(const Rectangle& other) const { return !(*this == other); }
  53:../../libDaisy//src/hid/disp/graphics_common.h **** 
  54:../../libDaisy//src/hid/disp/graphics_common.h ****     bool IsEmpty() const { return (width_ <= 0) || (height_ <= 0); }
  55:../../libDaisy//src/hid/disp/graphics_common.h **** 
  56:../../libDaisy//src/hid/disp/graphics_common.h ****     int16_t GetX() const { return x_; }
  57:../../libDaisy//src/hid/disp/graphics_common.h ****     int16_t GetY() const { return y_; }
  58:../../libDaisy//src/hid/disp/graphics_common.h ****     int16_t GetWidth() const { return width_; }
  59:../../libDaisy//src/hid/disp/graphics_common.h ****     int16_t GetHeight() const { return height_; }
  60:../../libDaisy//src/hid/disp/graphics_common.h ****     int16_t GetRight() const { return x_ + width_; }
  61:../../libDaisy//src/hid/disp/graphics_common.h ****     int16_t GetBottom() const { return y_ + height_; }
  62:../../libDaisy//src/hid/disp/graphics_common.h ****     int16_t GetCenterX() const { return x_ + width_ / 2; }
  63:../../libDaisy//src/hid/disp/graphics_common.h ****     int16_t GetCenterY() const { return y_ + height_ / 2; }
  64:../../libDaisy//src/hid/disp/graphics_common.h **** 
  65:../../libDaisy//src/hid/disp/graphics_common.h ****     Rectangle WithX(int16_t x) const { return {x, y_, width_, height_}; }
  66:../../libDaisy//src/hid/disp/graphics_common.h ****     Rectangle WithY(int16_t y) const { return {x_, y, width_, height_}; }
  67:../../libDaisy//src/hid/disp/graphics_common.h ****     Rectangle WithWidth(int16_t width) const
  68:../../libDaisy//src/hid/disp/graphics_common.h ****     {
  69:../../libDaisy//src/hid/disp/graphics_common.h ****         return {x_, y_, width, height_};
  70:../../libDaisy//src/hid/disp/graphics_common.h ****     }
  71:../../libDaisy//src/hid/disp/graphics_common.h ****     Rectangle WithHeight(int16_t height) const
  72:../../libDaisy//src/hid/disp/graphics_common.h ****     {
  73:../../libDaisy//src/hid/disp/graphics_common.h ****         return {x_, y_, width_, height};
  74:../../libDaisy//src/hid/disp/graphics_common.h ****     }
  75:../../libDaisy//src/hid/disp/graphics_common.h ****     Rectangle WithSize(int16_t width, int16_t height) const
  76:../../libDaisy//src/hid/disp/graphics_common.h ****     {
  77:../../libDaisy//src/hid/disp/graphics_common.h ****         return {x_, y_, width, height};
  78:../../libDaisy//src/hid/disp/graphics_common.h ****     }
  79:../../libDaisy//src/hid/disp/graphics_common.h ****     Rectangle WithWidthKeepingCenter(int16_t width) const
  80:../../libDaisy//src/hid/disp/graphics_common.h ****     {
  81:../../libDaisy//src/hid/disp/graphics_common.h ****         return Rectangle(x_, y_, width, height_)
  82:../../libDaisy//src/hid/disp/graphics_common.h ****             .WithCenter(GetCenterX(), GetCenterY());
  83:../../libDaisy//src/hid/disp/graphics_common.h ****     }
  84:../../libDaisy//src/hid/disp/graphics_common.h ****     Rectangle WithHeightKeepingCenter(int16_t height) const
ARM GAS  C:\Users\kgpol\AppData\Local\Temp\ccIP7kIm.s 			page 140


  85:../../libDaisy//src/hid/disp/graphics_common.h ****     {
  86:../../libDaisy//src/hid/disp/graphics_common.h ****         return Rectangle(x_, y_, width_, height)
  87:../../libDaisy//src/hid/disp/graphics_common.h ****             .WithCenter(GetCenterX(), GetCenterY());
  88:../../libDaisy//src/hid/disp/graphics_common.h ****     }
  89:../../libDaisy//src/hid/disp/graphics_common.h ****     Rectangle WithSizeKeepingCenter(int16_t width, int16_t height) const
  90:../../libDaisy//src/hid/disp/graphics_common.h ****     {
  91:../../libDaisy//src/hid/disp/graphics_common.h ****         return Rectangle(x_, y_, width, height)
  92:../../libDaisy//src/hid/disp/graphics_common.h ****             .WithCenter(GetCenterX(), GetCenterY());
  93:../../libDaisy//src/hid/disp/graphics_common.h ****     }
  94:../../libDaisy//src/hid/disp/graphics_common.h **** 
  95:../../libDaisy//src/hid/disp/graphics_common.h ****     Rectangle Reduced(int16_t sizeToReduce) const
  96:../../libDaisy//src/hid/disp/graphics_common.h ****     {
  97:../../libDaisy//src/hid/disp/graphics_common.h ****         return {int16_t(x_ + sizeToReduce),
  98:../../libDaisy//src/hid/disp/graphics_common.h ****                 int16_t(y_ + sizeToReduce),
  99:../../libDaisy//src/hid/disp/graphics_common.h ****                 int16_t(width_ - 2 * sizeToReduce),
 100:../../libDaisy//src/hid/disp/graphics_common.h ****                 int16_t(height_ - 2 * sizeToReduce)};
 101:../../libDaisy//src/hid/disp/graphics_common.h ****     }
 102:../../libDaisy//src/hid/disp/graphics_common.h ****     Rectangle Reduced(int16_t xToReduce, int16_t yToReduce) const
 103:../../libDaisy//src/hid/disp/graphics_common.h ****     {
 104:../../libDaisy//src/hid/disp/graphics_common.h ****         return {int16_t(x_ + xToReduce),
 105:../../libDaisy//src/hid/disp/graphics_common.h ****                 int16_t(y_ + yToReduce),
 106:../../libDaisy//src/hid/disp/graphics_common.h ****                 int16_t(width_ - 2 * xToReduce),
 107:../../libDaisy//src/hid/disp/graphics_common.h ****                 int16_t(height_ - 2 * yToReduce)};
 108:../../libDaisy//src/hid/disp/graphics_common.h ****     }
 109:../../libDaisy//src/hid/disp/graphics_common.h **** 
 110:../../libDaisy//src/hid/disp/graphics_common.h ****     Rectangle Translated(int16_t x, int16_t y) const
 111:../../libDaisy//src/hid/disp/graphics_common.h ****     {
 112:../../libDaisy//src/hid/disp/graphics_common.h ****         return {int16_t(x_ + x), int16_t(y_ + y), width_, height_};
 113:../../libDaisy//src/hid/disp/graphics_common.h ****     }
 114:../../libDaisy//src/hid/disp/graphics_common.h **** 
 115:../../libDaisy//src/hid/disp/graphics_common.h ****     Rectangle WithLeft(int16_t left) const
 116:../../libDaisy//src/hid/disp/graphics_common.h ****     {
 117:../../libDaisy//src/hid/disp/graphics_common.h ****         const auto newWidth = int16_t((x_ - left) + width_);
 118:../../libDaisy//src/hid/disp/graphics_common.h ****         return {left, y_, newWidth, height_};
 119:../../libDaisy//src/hid/disp/graphics_common.h ****     }
 120:../../libDaisy//src/hid/disp/graphics_common.h **** 
 121:../../libDaisy//src/hid/disp/graphics_common.h ****     Rectangle WithRight(int16_t right) const
 122:../../libDaisy//src/hid/disp/graphics_common.h ****     {
 123:../../libDaisy//src/hid/disp/graphics_common.h ****         const auto newWidth = int16_t(right - x_);
 124:../../libDaisy//src/hid/disp/graphics_common.h ****         return {x_, y_, newWidth, height_};
 125:../../libDaisy//src/hid/disp/graphics_common.h ****     }
 126:../../libDaisy//src/hid/disp/graphics_common.h **** 
 127:../../libDaisy//src/hid/disp/graphics_common.h ****     Rectangle WithTop(int16_t top) const
 128:../../libDaisy//src/hid/disp/graphics_common.h ****     {
 129:../../libDaisy//src/hid/disp/graphics_common.h ****         const auto newHeight = int16_t((y_ - top) + height_);
 130:../../libDaisy//src/hid/disp/graphics_common.h ****         return {x_, top, width_, newHeight};
 131:../../libDaisy//src/hid/disp/graphics_common.h ****     }
 132:../../libDaisy//src/hid/disp/graphics_common.h **** 
 133:../../libDaisy//src/hid/disp/graphics_common.h ****     Rectangle WithBottom(int16_t bottom) const
 134:../../libDaisy//src/hid/disp/graphics_common.h ****     {
 135:../../libDaisy//src/hid/disp/graphics_common.h ****         const auto newHeight = int16_t(bottom - y_);
 136:../../libDaisy//src/hid/disp/graphics_common.h ****         return {x_, y_, width_, newHeight};
 137:../../libDaisy//src/hid/disp/graphics_common.h ****     }
 138:../../libDaisy//src/hid/disp/graphics_common.h **** 
 139:../../libDaisy//src/hid/disp/graphics_common.h ****     Rectangle WithTrimmedLeft(int16_t pxToTrim) const
 140:../../libDaisy//src/hid/disp/graphics_common.h ****     {
 141:../../libDaisy//src/hid/disp/graphics_common.h ****         return {
ARM GAS  C:\Users\kgpol\AppData\Local\Temp\ccIP7kIm.s 			page 141


 142:../../libDaisy//src/hid/disp/graphics_common.h ****             int16_t(x_ + pxToTrim), y_, int16_t(width_ - pxToTrim), height_};
 143:../../libDaisy//src/hid/disp/graphics_common.h ****     }
 144:../../libDaisy//src/hid/disp/graphics_common.h **** 
 145:../../libDaisy//src/hid/disp/graphics_common.h ****     Rectangle WithTrimmedRight(int16_t pxToTrim) const
 146:../../libDaisy//src/hid/disp/graphics_common.h ****     {
 147:../../libDaisy//src/hid/disp/graphics_common.h ****         return {x_, y_, int16_t(width_ - pxToTrim), height_};
 148:../../libDaisy//src/hid/disp/graphics_common.h ****     }
 149:../../libDaisy//src/hid/disp/graphics_common.h **** 
 150:../../libDaisy//src/hid/disp/graphics_common.h ****     Rectangle WithTrimmedTop(int16_t pxToTrim) const
 151:../../libDaisy//src/hid/disp/graphics_common.h ****     {
 152:../../libDaisy//src/hid/disp/graphics_common.h ****         return {
 153:../../libDaisy//src/hid/disp/graphics_common.h ****             x_, int16_t(y_ + pxToTrim), width_, int16_t(height_ - pxToTrim)};
 154:../../libDaisy//src/hid/disp/graphics_common.h ****     }
 155:../../libDaisy//src/hid/disp/graphics_common.h **** 
 156:../../libDaisy//src/hid/disp/graphics_common.h ****     Rectangle WithTrimmedBottom(int16_t pxToTrim) const
 157:../../libDaisy//src/hid/disp/graphics_common.h ****     {
 158:../../libDaisy//src/hid/disp/graphics_common.h ****         return {x_, y_, width_, int16_t(height_ - pxToTrim)};
 159:../../libDaisy//src/hid/disp/graphics_common.h ****     }
 160:../../libDaisy//src/hid/disp/graphics_common.h **** 
 161:../../libDaisy//src/hid/disp/graphics_common.h ****     Rectangle WithCenterX(int16_t centerX) const
 162:../../libDaisy//src/hid/disp/graphics_common.h ****     {
 163:../../libDaisy//src/hid/disp/graphics_common.h ****         return {int16_t(x_ + centerX - GetCenterX()), y_, width_, height_};
 164:../../libDaisy//src/hid/disp/graphics_common.h ****     }
 165:../../libDaisy//src/hid/disp/graphics_common.h **** 
 166:../../libDaisy//src/hid/disp/graphics_common.h ****     Rectangle WithCenterY(int16_t centerY) const
 167:../../libDaisy//src/hid/disp/graphics_common.h ****     {
 168:../../libDaisy//src/hid/disp/graphics_common.h ****         return {x_, int16_t(y_ + centerY - GetCenterY()), width_, height_};
 169:../../libDaisy//src/hid/disp/graphics_common.h ****     }
 170:../../libDaisy//src/hid/disp/graphics_common.h **** 
 171:../../libDaisy//src/hid/disp/graphics_common.h ****     Rectangle WithCenter(int16_t centerX, int16_t centerY) const
 172:../../libDaisy//src/hid/disp/graphics_common.h ****     {
 173:../../libDaisy//src/hid/disp/graphics_common.h ****         return {int16_t(x_ + centerX - GetCenterX()),
 174:../../libDaisy//src/hid/disp/graphics_common.h ****                 int16_t(y_ + centerY - GetCenterY()),
 175:../../libDaisy//src/hid/disp/graphics_common.h ****                 width_,
 176:../../libDaisy//src/hid/disp/graphics_common.h ****                 height_};
 177:../../libDaisy//src/hid/disp/graphics_common.h ****     }
 178:../../libDaisy//src/hid/disp/graphics_common.h **** 
 179:../../libDaisy//src/hid/disp/graphics_common.h ****     Rectangle RemoveFromLeft(int16_t pxToRemove)
 180:../../libDaisy//src/hid/disp/graphics_common.h ****     {
 181:../../libDaisy//src/hid/disp/graphics_common.h ****         const auto result = this->WithWidth(min(pxToRemove, width_));
 182:../../libDaisy//src/hid/disp/graphics_common.h ****         x_ += min(pxToRemove, width_);
 183:../../libDaisy//src/hid/disp/graphics_common.h ****         width_ = max(int16_t(width_ - pxToRemove), 0);
 184:../../libDaisy//src/hid/disp/graphics_common.h ****         return result;
 185:../../libDaisy//src/hid/disp/graphics_common.h ****     }
 186:../../libDaisy//src/hid/disp/graphics_common.h **** 
 187:../../libDaisy//src/hid/disp/graphics_common.h ****     Rectangle RemoveFromRight(int16_t pxToRemove)
 188:../../libDaisy//src/hid/disp/graphics_common.h ****     {
 189:../../libDaisy//src/hid/disp/graphics_common.h ****         const auto canRemove = min(pxToRemove, width_);
 190:../../libDaisy//src/hid/disp/graphics_common.h ****         width_ -= canRemove;
 191:../../libDaisy//src/hid/disp/graphics_common.h ****         return {int16_t(x_ + width_), y_, canRemove, height_};
 192:../../libDaisy//src/hid/disp/graphics_common.h ****     }
 193:../../libDaisy//src/hid/disp/graphics_common.h **** 
 194:../../libDaisy//src/hid/disp/graphics_common.h ****     Rectangle RemoveFromTop(int16_t pxToRemove)
 195:../../libDaisy//src/hid/disp/graphics_common.h ****     {
 196:../../libDaisy//src/hid/disp/graphics_common.h ****         const auto result = this->WithHeight(min(pxToRemove, height_));
 197:../../libDaisy//src/hid/disp/graphics_common.h ****         y_ += min(pxToRemove, height_);
 198:../../libDaisy//src/hid/disp/graphics_common.h ****         height_ = max(height_ - pxToRemove, 0);
ARM GAS  C:\Users\kgpol\AppData\Local\Temp\ccIP7kIm.s 			page 142


 199:../../libDaisy//src/hid/disp/graphics_common.h ****         return result;
 200:../../libDaisy//src/hid/disp/graphics_common.h ****     }
 201:../../libDaisy//src/hid/disp/graphics_common.h **** 
 202:../../libDaisy//src/hid/disp/graphics_common.h ****     Rectangle RemoveFromBottom(int16_t pxToRemove)
 203:../../libDaisy//src/hid/disp/graphics_common.h ****     {
 204:../../libDaisy//src/hid/disp/graphics_common.h ****         const auto canRemove = min(pxToRemove, height_);
 205:../../libDaisy//src/hid/disp/graphics_common.h ****         height_ -= canRemove;
 206:../../libDaisy//src/hid/disp/graphics_common.h ****         return {x_, int16_t(y_ + height_), width_, canRemove};
 207:../../libDaisy//src/hid/disp/graphics_common.h ****     }
 208:../../libDaisy//src/hid/disp/graphics_common.h **** 
 209:../../libDaisy//src/hid/disp/graphics_common.h ****     Rectangle AlignedWithin(const Rectangle& other, Alignment alignment) const
 210:../../libDaisy//src/hid/disp/graphics_common.h ****     {
 211:../../libDaisy//src/hid/disp/graphics_common.h ****         switch(alignment)
 212:../../libDaisy//src/hid/disp/graphics_common.h ****         {
 213:../../libDaisy//src/hid/disp/graphics_common.h ****             case Alignment::topLeft:
 214:../../libDaisy//src/hid/disp/graphics_common.h ****                 return {other.x_, other.y_, width_, height_};
 215:../../libDaisy//src/hid/disp/graphics_common.h ****             case Alignment::topRight:
 216:../../libDaisy//src/hid/disp/graphics_common.h ****                 return {int16_t(other.GetRight() - width_),
 217:../../libDaisy//src/hid/disp/graphics_common.h ****                         other.y_,
 218:../../libDaisy//src/hid/disp/graphics_common.h ****                         width_,
 219:../../libDaisy//src/hid/disp/graphics_common.h ****                         height_};
 220:../../libDaisy//src/hid/disp/graphics_common.h ****             case Alignment::topCentered:
 221:../../libDaisy//src/hid/disp/graphics_common.h ****                 return {int16_t(x_ + (other.GetCenterX() - GetCenterX())),
 222:../../libDaisy//src/hid/disp/graphics_common.h ****                         other.y_,
 223:../../libDaisy//src/hid/disp/graphics_common.h ****                         width_,
 224:../../libDaisy//src/hid/disp/graphics_common.h ****                         height_};
 225:../../libDaisy//src/hid/disp/graphics_common.h ****             case Alignment::bottomLeft:
 226:../../libDaisy//src/hid/disp/graphics_common.h ****                 return {other.x_,
 227:../../libDaisy//src/hid/disp/graphics_common.h ****                         int16_t(other.GetBottom() - height_),
 228:../../libDaisy//src/hid/disp/graphics_common.h ****                         width_,
 229:../../libDaisy//src/hid/disp/graphics_common.h ****                         height_};
 230:../../libDaisy//src/hid/disp/graphics_common.h ****             case Alignment::bottomRight:
 231:../../libDaisy//src/hid/disp/graphics_common.h ****                 return {int16_t(other.GetRight() - width_),
 232:../../libDaisy//src/hid/disp/graphics_common.h ****                         int16_t(other.GetBottom() - height_),
 233:../../libDaisy//src/hid/disp/graphics_common.h ****                         width_,
 234:../../libDaisy//src/hid/disp/graphics_common.h ****                         height_};
 235:../../libDaisy//src/hid/disp/graphics_common.h ****             case Alignment::bottomCentered:
 236:../../libDaisy//src/hid/disp/graphics_common.h ****                 return {int16_t(x_ + (other.GetCenterX() - GetCenterX())),
 237:../../libDaisy//src/hid/disp/graphics_common.h ****                         int16_t(other.GetBottom() - height_),
 238:../../libDaisy//src/hid/disp/graphics_common.h ****                         width_,
 239:../../libDaisy//src/hid/disp/graphics_common.h ****                         height_};
 240:../../libDaisy//src/hid/disp/graphics_common.h ****             case Alignment::centeredLeft:
 241:../../libDaisy//src/hid/disp/graphics_common.h ****                 return {other.x_,
 242:../../libDaisy//src/hid/disp/graphics_common.h ****                         int16_t(y_ + (other.GetCenterY() - GetCenterY())),
 243:../../libDaisy//src/hid/disp/graphics_common.h ****                         width_,
 244:../../libDaisy//src/hid/disp/graphics_common.h ****                         height_};
 245:../../libDaisy//src/hid/disp/graphics_common.h ****             case Alignment::centeredRight:
 246:../../libDaisy//src/hid/disp/graphics_common.h ****                 return {int16_t(other.GetRight() - width_),
 247:../../libDaisy//src/hid/disp/graphics_common.h ****                         int16_t(y_ + (other.GetCenterY() - GetCenterY())),
 248:../../libDaisy//src/hid/disp/graphics_common.h ****                         width_,
 249:../../libDaisy//src/hid/disp/graphics_common.h ****                         height_};
 250:../../libDaisy//src/hid/disp/graphics_common.h ****             case Alignment::centered:
 251:../../libDaisy//src/hid/disp/graphics_common.h ****                 return {int16_t(x_ + (other.GetCenterX() - GetCenterX())),
 252:../../libDaisy//src/hid/disp/graphics_common.h ****                         int16_t(y_ + (other.GetCenterY() - GetCenterY())),
 253:../../libDaisy//src/hid/disp/graphics_common.h ****                         width_,
 254:../../libDaisy//src/hid/disp/graphics_common.h ****                         height_};
 255:../../libDaisy//src/hid/disp/graphics_common.h ****             default: return {};
ARM GAS  C:\Users\kgpol\AppData\Local\Temp\ccIP7kIm.s 			page 143


 256:../../libDaisy//src/hid/disp/graphics_common.h ****         }
 257:../../libDaisy//src/hid/disp/graphics_common.h ****     }
 258:../../libDaisy//src/hid/disp/graphics_common.h **** 
 259:../../libDaisy//src/hid/disp/graphics_common.h ****   private:
 260:../../libDaisy//src/hid/disp/graphics_common.h ****     int16_t x_, y_, width_, height_;
 261:../../libDaisy//src/hid/disp/graphics_common.h ****     int16_t max(int16_t a, int16_t b) { return (a > b) ? a : b; }
 4652              		.loc 18 261 13 view .LVU1067
 4653              	.LBE1451:
 4654              	.LBE1450:
 4655              	.LBE1454:
 4656              		.loc 18 261 41 view .LVU1068
 4657              	.LBB1455:
 4658              	.LBB1453:
 4659              	.LBB1452:
 4660              	.LBI1452:
 4661              		.loc 18 261 13 view .LVU1069
 4662              	.LBE1452:
 4663              	.LBE1453:
 4664              	.LBE1455:
 4665              		.loc 18 261 41 view .LVU1070
 4666              	.LBB1456:
 4667              	.LBI1456:
 459:../../libDaisy//src/hid/disp/display.h **** 
 460:../../libDaisy//src/hid/disp/display.h ****     Rectangle WriteStringAligned(const char*    str,
 4668              		.loc 14 460 15 view .LVU1071
 4669              	.LBB1457:
 4670              	.LBB1458:
 4671              	.LBB1459:
 4672              	.LBB1460:
 4673              	.LBB1461:
 461:../../libDaisy//src/hid/disp/display.h ****                                  const FontDef& font,
 462:../../libDaisy//src/hid/disp/display.h ****                                  Rectangle      boundingBox,
 463:../../libDaisy//src/hid/disp/display.h ****                                  Alignment      alignment,
 464:../../libDaisy//src/hid/disp/display.h ****                                  bool           on) override
 465:../../libDaisy//src/hid/disp/display.h ****     {
 466:../../libDaisy//src/hid/disp/display.h ****         const auto alignedRect
 467:../../libDaisy//src/hid/disp/display.h ****             = GetTextRect(str, font).AlignedWithin(boundingBox, alignment);
 468:../../libDaisy//src/hid/disp/display.h ****         SetCursor(alignedRect.GetX(), alignedRect.GetY());
 469:../../libDaisy//src/hid/disp/display.h ****         ((ChildType*)(this))->ChildType::WriteString(str, font, on);
 470:../../libDaisy//src/hid/disp/display.h ****         return alignedRect;
 471:../../libDaisy//src/hid/disp/display.h ****     }
 472:../../libDaisy//src/hid/disp/display.h **** 
 473:../../libDaisy//src/hid/disp/display.h ****   private:
 474:../../libDaisy//src/hid/disp/display.h ****     uint32_t strlen(const char* string)
 475:../../libDaisy//src/hid/disp/display.h ****     {
 476:../../libDaisy//src/hid/disp/display.h ****         uint32_t result = 0;
 477:../../libDaisy//src/hid/disp/display.h ****         while(*string++ != '\0')
 4674              		.loc 14 477 25 view .LVU1072
 4675              		.loc 14 477 25 is_stmt 0 view .LVU1073
 4676 037e 7149     		ldr	r1, .L331+16
 4677              	.LVL342:
 4678              		.loc 14 477 25 view .LVU1074
 4679              	.LBE1461:
 4680              	.LBE1460:
 4681              	.LBE1459:
 4682              	.LBE1458:
 4683              	.LBE1457:
ARM GAS  C:\Users\kgpol\AppData\Local\Temp\ccIP7kIm.s 			page 144


 4684              	.LBE1456:
 4685              	.LBB1575:
 4686              	.LBB1448:
 4687              	.LBB1446:
 4688              	.LBB1442:
 416:../../libDaisy//src/hid/disp/display.h ****             {
 4689              		.loc 14 416 19 view .LVU1075
 4690 0380 4B22     		movs	r2, #75
 4691              	.LBE1442:
 4692              	.LBE1446:
 4693              	.LBE1448:
 4694              	.LBE1575:
 4695              	.LBB1576:
 4696              	.LBB1567:
 4697              	.LBB1471:
 4698              	.LBB1468:
 4699              	.LBB1463:
 4700              	.LBB1462:
 476:../../libDaisy//src/hid/disp/display.h ****         while(*string++ != '\0')
 4701              		.loc 14 476 18 view .LVU1076
 4702 0382 0023     		movs	r3, #0
 4703 0384 01E0     		b	.L282
 4704              	.LVL343:
 4705              	.L327:
 4706              		.loc 14 477 25 view .LVU1077
 4707 0386 11F8012F 		ldrb	r2, [r1, #1]!	@ zero_extendqisi2
 4708              	.LVL344:
 4709              	.L282:
 478:../../libDaisy//src/hid/disp/display.h ****             result++;
 4710              		.loc 14 478 13 view .LVU1078
 4711 038a 0133     		adds	r3, r3, #1
 4712              	.LVL345:
 477:../../libDaisy//src/hid/disp/display.h ****             result++;
 4713              		.loc 14 477 25 is_stmt 1 view .LVU1079
 477:../../libDaisy//src/hid/disp/display.h ****             result++;
 4714              		.loc 14 477 25 is_stmt 0 view .LVU1080
 4715 038c 002A     		cmp	r2, #0
 4716 038e FAD1     		bne	.L327
 4717              	.LVL346:
 477:../../libDaisy//src/hid/disp/display.h ****             result++;
 4718              		.loc 14 477 25 view .LVU1081
 4719              	.LBE1462:
 4720              	.LBE1463:
 479:../../libDaisy//src/hid/disp/display.h ****         return result;
 480:../../libDaisy//src/hid/disp/display.h ****     }
 481:../../libDaisy//src/hid/disp/display.h **** 
 482:../../libDaisy//src/hid/disp/display.h ****     Rectangle GetTextRect(const char* text, const FontDef& font)
 483:../../libDaisy//src/hid/disp/display.h ****     {
 484:../../libDaisy//src/hid/disp/display.h ****         const auto numChars = strlen(text);
 485:../../libDaisy//src/hid/disp/display.h ****         return {int16_t(numChars * font.FontWidth), font.FontHeight};
 4721              		.loc 14 485 41 view .LVU1082
 4722 0390 6D4A     		ldr	r2, .L331+20
 4723 0392 1578     		ldrb	r5, [r2]	@ zero_extendqisi2
 4724              		.loc 14 485 68 view .LVU1083
 4725 0394 A9B2     		uxth	r1, r5
 4726 0396 13FB01FC 		smulbb	ip, r3, r1
 4727 039a 0291     		str	r1, [sp, #8]
ARM GAS  C:\Users\kgpol\AppData\Local\Temp\ccIP7kIm.s 			page 145


 4728              		.loc 14 485 58 view .LVU1084
 4729 039c 5178     		ldrb	r1, [r2, #1]	@ zero_extendqisi2
 4730              	.LBE1468:
 4731              	.LBE1471:
 4732              	.LBB1472:
 4733              	.LBB1473:
 4734              	.LBB1474:
 4735              	.LBB1475:
  62:../../libDaisy//src/hid/disp/graphics_common.h ****     int16_t GetCenterY() const { return y_ + height_ / 2; }
 4736              		.loc 18 62 53 view .LVU1085
 4737 039e 0FFA8CFC 		sxth	ip, ip
 4738 03a2 5368     		ldr	r3, [r2, #4]
 4739              	.LVL347:
  62:../../libDaisy//src/hid/disp/graphics_common.h ****     int16_t GetCenterY() const { return y_ + height_ / 2; }
 4740              		.loc 18 62 53 view .LVU1086
 4741              	.LBE1475:
 4742              	.LBE1474:
 237:../../libDaisy//src/hid/disp/graphics_common.h ****                         width_,
 4743              		.loc 18 237 51 view .LVU1087
 4744 03a4 C1F14002 		rsb	r2, r1, #64
 4745              	.LBE1473:
 4746              	.LBE1472:
 4747              	.LBB1492:
 4748              	.LBB1469:
 4749              		.loc 14 485 58 view .LVU1088
 4750 03a8 0391     		str	r1, [sp, #12]
 4751              	.LVL348:
 4752              	.LBB1464:
 4753              	.LBI1464:
  26:../../libDaisy//src/hid/disp/graphics_common.h ****     : x_(0), y_(0), width_(max(0, width)), height_(max(0, height))
 4754              		.loc 18 26 5 is_stmt 1 view .LVU1089
 4755              	.LBB1465:
 4756              	.LBI1465:
 4757              		.loc 18 261 13 view .LVU1090
 4758              	.LBE1465:
 4759              	.LBE1464:
 4760              	.LBE1469:
 4761              	.LBE1492:
 4762              	.LBE1567:
 4763              	.LBE1576:
 4764              		.loc 18 261 41 view .LVU1091
 4765              	.LBB1577:
 4766              	.LBB1568:
 4767              	.LBB1493:
 4768              	.LBB1470:
 4769              	.LBB1467:
 4770              	.LBB1466:
 4771              	.LBI1466:
 4772              		.loc 18 261 13 view .LVU1092
 4773              	.LBE1466:
 4774              	.LBE1467:
 4775              	.LBE1470:
 4776              	.LBE1493:
 4777              	.LBE1568:
 4778              	.LBE1577:
 4779              		.loc 18 261 41 view .LVU1093
 4780              	.LBB1578:
ARM GAS  C:\Users\kgpol\AppData\Local\Temp\ccIP7kIm.s 			page 146


 4781              	.LBB1569:
 4782              	.LBB1494:
 4783              	.LBI1472:
 209:../../libDaisy//src/hid/disp/graphics_common.h ****     {
 4784              		.loc 18 209 15 view .LVU1094
 4785              	.LBB1486:
 211:../../libDaisy//src/hid/disp/graphics_common.h ****         {
 4786              		.loc 18 211 9 view .LVU1095
 235:../../libDaisy//src/hid/disp/graphics_common.h ****                 return {int16_t(x_ + (other.GetCenterX() - GetCenterX())),
 4787              		.loc 18 235 13 view .LVU1096
 236:../../libDaisy//src/hid/disp/graphics_common.h ****                         int16_t(other.GetBottom() - height_),
 4788              		.loc 18 236 17 view .LVU1097
 236:../../libDaisy//src/hid/disp/graphics_common.h ****                         int16_t(other.GetBottom() - height_),
 4789              		.loc 18 236 17 is_stmt 0 view .LVU1098
 4790              	.LBE1486:
 4791              	.LBE1494:
 4792              	.LBE1569:
 4793              	.LBE1578:
  62:../../libDaisy//src/hid/disp/graphics_common.h ****     int16_t GetCenterY() const { return y_ + height_ / 2; }
 4794              		.loc 18 62 34 is_stmt 1 view .LVU1099
 4795              	.LBB1579:
 4796              	.LBB1570:
 4797              	.LBB1495:
 4798              	.LBB1487:
 4799              	.LBB1479:
 4800              	.LBI1474:
  62:../../libDaisy//src/hid/disp/graphics_common.h ****     int16_t GetCenterY() const { return y_ + height_ / 2; }
 4801              		.loc 18 62 13 view .LVU1100
 4802              	.LBB1476:
  62:../../libDaisy//src/hid/disp/graphics_common.h ****     int16_t GetCenterY() const { return y_ + height_ / 2; }
 4803              		.loc 18 62 34 view .LVU1101
  62:../../libDaisy//src/hid/disp/graphics_common.h ****     int16_t GetCenterY() const { return y_ + height_ / 2; }
 4804              		.loc 18 62 34 is_stmt 0 view .LVU1102
 4805              	.LBE1476:
 4806              	.LBE1479:
 4807              	.LBE1487:
 4808              	.LBE1495:
 4809              	.LBE1570:
 4810              	.LBE1579:
  61:../../libDaisy//src/hid/disp/graphics_common.h ****     int16_t GetCenterX() const { return x_ + width_ / 2; }
 4811              		.loc 18 61 33 is_stmt 1 view .LVU1103
 4812              	.LBB1580:
 4813              	.LBB1571:
 4814              	.LBB1496:
 4815              	.LBB1488:
 4816              	.LBB1480:
 4817              	.LBI1480:
  31:../../libDaisy//src/hid/disp/graphics_common.h ****     : x_(x), y_(y), width_(max(0, width)), height_(max(0, height))
 4818              		.loc 18 31 5 view .LVU1104
 4819              	.LBB1481:
 4820              	.LBI1481:
 4821              		.loc 18 261 13 view .LVU1105
 4822              	.LBE1481:
 4823              	.LBE1480:
 4824              	.LBE1488:
 4825              	.LBE1496:
 4826              	.LBE1571:
ARM GAS  C:\Users\kgpol\AppData\Local\Temp\ccIP7kIm.s 			page 147


 4827              	.LBE1580:
 4828              		.loc 18 261 41 view .LVU1106
 4829              	.LBB1581:
 4830              	.LBB1572:
 4831              	.LBB1497:
 4832              	.LBB1489:
 4833              	.LBB1483:
 4834              	.LBB1482:
 4835              	.LBI1482:
 4836              		.loc 18 261 13 view .LVU1107
 4837              	.LBE1482:
 4838              	.LBE1483:
 4839              	.LBE1489:
 4840              	.LBE1497:
 4841              	.LBE1572:
 4842              	.LBE1581:
 4843              		.loc 18 261 41 view .LVU1108
  56:../../libDaisy//src/hid/disp/graphics_common.h ****     int16_t GetY() const { return y_; }
 4844              		.loc 18 56 28 view .LVU1109
  57:../../libDaisy//src/hid/disp/graphics_common.h ****     int16_t GetWidth() const { return width_; }
 4845              		.loc 18 57 28 view .LVU1110
 4846              	.LBB1582:
 4847              	.LBB1573:
 4848              	.LBB1498:
 4849              	.LBI1498:
 171:../../libDaisy//src/hid/disp/display.h ****     {
 4850              		.loc 14 171 10 view .LVU1111
 4851              	.LBB1499:
 173:../../libDaisy//src/hid/disp/display.h ****         currentY_ = (y >= Height()) ? Height() - 1 : y;
 4852              		.loc 14 173 9 view .LVU1112
 174:../../libDaisy//src/hid/disp/display.h ****     }
 4853              		.loc 14 174 9 view .LVU1113
 4854              	.LBE1499:
 4855              	.LBE1498:
 4856              	.LBB1502:
 4857              	.LBB1490:
 4858              	.LBB1484:
 4859              	.LBB1477:
  62:../../libDaisy//src/hid/disp/graphics_common.h ****     int16_t GetCenterY() const { return y_ + height_ / 2; }
 4860              		.loc 18 62 53 is_stmt 0 view .LVU1114
 4861 03aa 2CEAEC7C 		bic	ip, ip, ip, asr #31
 4862 03ae 0493     		str	r3, [sp, #16]
 4863              	.LBE1477:
 4864              	.LBE1484:
 4865              	.LBE1490:
 4866              	.LBE1502:
 4867              	.LBB1503:
 4868              	.LBB1500:
 174:../../libDaisy//src/hid/disp/display.h ****     }
 4869              		.loc 14 174 19 view .LVU1115
 4870 03b0 92B2     		uxth	r2, r2
 4871              	.LBE1500:
 4872              	.LBE1503:
 4873              	.LBB1504:
 4874              	.LBB1505:
 443:../../libDaisy//src/hid/disp/display.h ****         {
 4875              		.loc 14 443 9 view .LVU1116
ARM GAS  C:\Users\kgpol\AppData\Local\Temp\ccIP7kIm.s 			page 148


 4876 03b2 7E23     		movs	r3, #126
 4877              	.LBE1505:
 4878              	.LBE1504:
 4879              	.LBB1563:
 4880              	.LBB1491:
 4881              	.LBB1485:
 4882              	.LBB1478:
  62:../../libDaisy//src/hid/disp/graphics_common.h ****     int16_t GetCenterY() const { return y_ + height_ / 2; }
 4883              		.loc 18 62 53 view .LVU1117
 4884 03b4 4FEA6C0C 		asr	ip, ip, #1
 4885              	.LBE1478:
 4886              	.LBE1485:
 236:../../libDaisy//src/hid/disp/graphics_common.h ****                         int16_t(other.GetBottom() - height_),
 4887              		.loc 18 236 58 view .LVU1118
 4888 03b8 CCF1400C 		rsb	ip, ip, #64
 4889 03bc 1FFA8CFC 		uxth	ip, ip
 4890 03c0 BCF17F0F 		cmp	ip, #127
 4891 03c4 28BF     		it	cs
 4892 03c6 4FF07F0C 		movcs	ip, #127
 4893              	.LBE1491:
 4894              	.LBE1563:
 4895              	.LBB1564:
 4896              	.LBB1501:
 174:../../libDaisy//src/hid/disp/display.h ****     }
 4897              		.loc 14 174 19 view .LVU1119
 4898 03ca 3F2A     		cmp	r2, #63
 4899 03cc 28BF     		it	cs
 4900 03ce 3F22     		movcs	r2, #63
 173:../../libDaisy//src/hid/disp/display.h ****         currentY_ = (y >= Height()) ? Height() - 1 : y;
 4901              		.loc 14 173 19 view .LVU1120
 4902 03d0 ABF804C0 		strh	ip, [fp, #4]	@ movhi
 174:../../libDaisy//src/hid/disp/display.h ****     }
 4903              		.loc 14 174 19 view .LVU1121
 4904 03d4 ABF80620 		strh	r2, [fp, #6]	@ movhi
 4905              	.LVL349:
 174:../../libDaisy//src/hid/disp/display.h ****     }
 4906              		.loc 14 174 19 view .LVU1122
 4907              	.LBE1501:
 4908              	.LBE1564:
 4909              	.LBB1565:
 4910              	.LBI1504:
 440:../../libDaisy//src/hid/disp/display.h ****     {
 4911              		.loc 14 440 10 is_stmt 1 view .LVU1123
 4912              	.LBB1561:
 443:../../libDaisy//src/hid/disp/display.h ****         {
 4913              		.loc 14 443 9 view .LVU1124
 4914              	.LBB1506:
 4915              	.LBI1506:
 396:../../libDaisy//src/hid/disp/display.h ****     {
 4916              		.loc 14 396 10 view .LVU1125
 4917              	.LBB1507:
 405:../../libDaisy//src/hid/disp/display.h ****            || Height() < (currentY_ + font.FontHeight))
 4918              		.loc 14 405 40 is_stmt 0 view .LVU1126
 4919 03d8 5C4A     		ldr	r2, .L331+24
 4920 03da 0192     		str	r2, [sp, #4]
 4921              	.LVL350:
 4922              	.L283:
ARM GAS  C:\Users\kgpol\AppData\Local\Temp\ccIP7kIm.s 			page 149


 405:../../libDaisy//src/hid/disp/display.h ****            || Height() < (currentY_ + font.FontHeight))
 4923              		.loc 14 405 33 view .LVU1127
 4924 03dc 0CEB0502 		add	r2, ip, r5
 406:../../libDaisy//src/hid/disp/display.h ****         {
 4925              		.loc 14 406 12 view .LVU1128
 4926 03e0 802A     		cmp	r2, #128
 4927 03e2 69DC     		bgt	.L286
 406:../../libDaisy//src/hid/disp/display.h ****         {
 4928              		.loc 14 406 27 view .LVU1129
 4929 03e4 BBF80690 		ldrh	r9, [fp, #6]
 406:../../libDaisy//src/hid/disp/display.h ****         {
 4930              		.loc 14 406 37 view .LVU1130
 4931 03e8 0399     		ldr	r1, [sp, #12]
 4932 03ea 09EB0102 		add	r2, r9, r1
 406:../../libDaisy//src/hid/disp/display.h ****         {
 4933              		.loc 14 406 12 view .LVU1131
 4934 03ee 402A     		cmp	r2, #64
 4935 03f0 62DC     		bgt	.L286
 4936              	.LVL351:
 413:../../libDaisy//src/hid/disp/display.h ****         {
 4937              		.loc 14 413 22 is_stmt 1 view .LVU1132
 4938 03f2 0029     		cmp	r1, #0
 4939 03f4 45D0     		beq	.L289
 415:../../libDaisy//src/hid/disp/display.h ****             for(j = 0; j < font.FontWidth; j++)
 4940              		.loc 14 415 37 is_stmt 0 view .LVU1133
 4941 03f6 039A     		ldr	r2, [sp, #12]
 415:../../libDaisy//src/hid/disp/display.h ****             for(j = 0; j < font.FontWidth; j++)
 4942              		.loc 14 415 31 view .LVU1134
 4943 03f8 203B     		subs	r3, r3, #32
 4944              	.LVL352:
 415:../../libDaisy//src/hid/disp/display.h ****             for(j = 0; j < font.FontWidth; j++)
 4945              		.loc 14 415 31 view .LVU1135
 4946 03fa 6FF0004E 		mvn	lr, #-2147483648
 4947 03fe 4C46     		mov	r4, r9
 415:../../libDaisy//src/hid/disp/display.h ****             for(j = 0; j < font.FontWidth; j++)
 4948              		.loc 14 415 37 view .LVU1136
 4949 0400 02FB03F3 		mul	r3, r2, r3
 4950 0404 9E44     		add	lr, lr, r3
 4951 0406 1344     		add	r3, r3, r2
 4952 0408 049A     		ldr	r2, [sp, #16]
 4953 040a A2F1020A 		sub	r10, r2, #2
 4954 040e 02EB4E0E 		add	lr, r2, lr, lsl #1
 4955 0412 0AEB430A 		add	r10, r10, r3, lsl #1
 4956              	.LVL353:
 4957              	.L290:
 415:../../libDaisy//src/hid/disp/display.h ****             for(j = 0; j < font.FontWidth; j++)
 4958              		.loc 14 415 15 view .LVU1137
 4959 0416 3EF8026F 		ldrh	r6, [lr, #2]!
 4960              	.LVL354:
 416:../../libDaisy//src/hid/disp/display.h ****             {
 4961              		.loc 14 416 26 is_stmt 1 view .LVU1138
 4962 041a 75B3     		cbz	r5, .L293
 4963              	.LBB1508:
 4964              	.LBB1509:
 4965              	.LBB1510:
 4966              	.LBB1511:
 4967              	.LBB1512:
ARM GAS  C:\Users\kgpol\AppData\Local\Temp\ccIP7kIm.s 			page 150


 359:../../libDaisy//src/dev/oled_ssd130x.h ****     }
 4968              		.loc 13 359 55 is_stmt 0 view .LVU1139
 4969 041c 04F00703 		and	r3, r4, #7
 359:../../libDaisy//src/dev/oled_ssd130x.h ****     }
 4970              		.loc 13 359 49 view .LVU1140
 4971 0420 0127     		movs	r7, #1
 4972 0422 0CF11402 		add	r2, ip, #20
 4973 0426 6146     		mov	r1, ip
 4974 0428 9F40     		lsls	r7, r7, r3
 359:../../libDaisy//src/dev/oled_ssd130x.h ****     }
 4975              		.loc 13 359 28 view .LVU1141
 4976 042a E308     		lsrs	r3, r4, #3
 4977 042c 92B2     		uxth	r2, r2
 359:../../libDaisy//src/dev/oled_ssd130x.h ****     }
 4978              		.loc 13 359 42 view .LVU1142
 4979 042e 7FB2     		sxtb	r7, r7
 4980 0430 02EBC312 		add	r2, r2, r3, lsl #7
 4981              	.LBE1512:
 4982              	.LBE1511:
 4983              	.LBE1510:
 4984              	.LBE1509:
 4985              	.LBE1508:
 416:../../libDaisy//src/hid/disp/display.h ****             {
 4986              		.loc 14 416 19 view .LVU1143
 4987 0434 0023     		movs	r3, #0
 4988              	.LBB1531:
 4989              	.LBB1526:
 4990              	.LBB1522:
 4991              	.LBB1517:
 4992              	.LBB1513:
 359:../../libDaisy//src/dev/oled_ssd130x.h ****     }
 4993              		.loc 13 359 42 view .LVU1144
 4994 0436 6FEA0708 		mvn	r8, r7
 4995 043a 5A44     		add	r2, r2, fp
 4996 043c 0BE0     		b	.L294
 4997              	.LVL355:
 4998              	.L328:
 359:../../libDaisy//src/dev/oled_ssd130x.h ****     }
 4999              		.loc 13 359 42 view .LVU1145
 5000              	.LBE1513:
 5001              	.LBE1517:
 5002              	.LBE1522:
 5003              	.LBE1526:
 5004              	.LBE1531:
 5005              	.LBB1532:
 5006              	.LBB1533:
 5007              	.LBB1534:
 354:../../libDaisy//src/dev/oled_ssd130x.h ****             return;
 5008              		.loc 13 354 9 view .LVU1146
 5009 043e 7F29     		cmp	r1, #127
 5010 0440 04D8     		bhi	.L292
 5011 0442 3F2C     		cmp	r4, #63
 5012 0444 02D8     		bhi	.L292
 357:../../libDaisy//src/dev/oled_ssd130x.h ****         else
 5013              		.loc 13 357 42 view .LVU1147
 5014 0446 1078     		ldrb	r0, [r2]	@ zero_extendqisi2
 5015 0448 3843     		orrs	r0, r0, r7
ARM GAS  C:\Users\kgpol\AppData\Local\Temp\ccIP7kIm.s 			page 151


 5016 044a 1070     		strb	r0, [r2]
 5017              	.L292:
 5018              	.LVL356:
 357:../../libDaisy//src/dev/oled_ssd130x.h ****         else
 5019              		.loc 13 357 42 view .LVU1148
 5020              	.LBE1534:
 5021              	.LBE1533:
 5022              	.LBE1532:
 416:../../libDaisy//src/hid/disp/display.h ****             {
 5023              		.loc 14 416 13 is_stmt 1 view .LVU1149
 5024 044c 0133     		adds	r3, r3, #1
 5025              	.LVL357:
 416:../../libDaisy//src/hid/disp/display.h ****             {
 5026              		.loc 14 416 26 view .LVU1150
 5027 044e 0132     		adds	r2, r2, #1
 5028 0450 0131     		adds	r1, r1, #1
 5029 0452 9D42     		cmp	r5, r3
 5030 0454 11D0     		beq	.L293
 5031              	.LVL358:
 5032              	.L294:
 5033              	.LBB1536:
 5034              	.LBI1532:
  42:../../libDaisy//src/hid/disp/oled_display.h ****     {
 5035              		.loc 12 42 10 view .LVU1151
 5036              	.LBB1535:
 5037              	.LBI1533:
 352:../../libDaisy//src/dev/oled_ssd130x.h ****     {
 5038              		.loc 13 352 10 view .LVU1152
 352:../../libDaisy//src/dev/oled_ssd130x.h ****     {
 5039              		.loc 13 352 10 is_stmt 0 view .LVU1153
 5040              	.LBE1535:
 5041              	.LBE1536:
 5042              	.LBB1537:
 5043              	.LBI1508:
  42:../../libDaisy//src/hid/disp/oled_display.h ****     {
 5044              		.loc 12 42 10 is_stmt 1 view .LVU1154
 5045              	.LBB1527:
 5046              	.LBI1509:
 352:../../libDaisy//src/dev/oled_ssd130x.h ****     {
 5047              		.loc 13 352 10 view .LVU1155
 5048              	.LBE1527:
 5049              	.LBE1537:
 418:../../libDaisy//src/hid/disp/display.h ****                 {
 5050              		.loc 14 418 23 is_stmt 0 view .LVU1156
 5051 0456 06FA03F0 		lsl	r0, r6, r3
 418:../../libDaisy//src/hid/disp/display.h ****                 {
 5052              		.loc 14 418 17 view .LVU1157
 5053 045a 0004     		lsls	r0, r0, #16
 5054 045c EFD4     		bmi	.L328
 5055              	.LVL359:
 5056              	.LBB1538:
 5057              	.LBB1528:
 5058              	.LBB1523:
 5059              	.LBB1518:
 5060              	.LBI1511:
 352:../../libDaisy//src/dev/oled_ssd130x.h ****     {
 5061              		.loc 13 352 10 is_stmt 1 view .LVU1158
ARM GAS  C:\Users\kgpol\AppData\Local\Temp\ccIP7kIm.s 			page 152


 352:../../libDaisy//src/dev/oled_ssd130x.h ****     {
 5062              		.loc 13 352 10 is_stmt 0 view .LVU1159
 5063              	.LBE1518:
 354:../../libDaisy//src/dev/oled_ssd130x.h ****             return;
 5064              		.loc 13 354 9 view .LVU1160
 5065 045e 7F29     		cmp	r1, #127
 5066 0460 F4D8     		bhi	.L292
 5067 0462 3F2C     		cmp	r4, #63
 5068 0464 F2D8     		bhi	.L292
 5069              	.LBB1519:
 5070              	.LBB1514:
 359:../../libDaisy//src/dev/oled_ssd130x.h ****     }
 5071              		.loc 13 359 42 view .LVU1161
 5072 0466 1078     		ldrb	r0, [r2]	@ zero_extendqisi2
 5073              	.LBE1514:
 5074              	.LBE1519:
 5075              	.LBE1523:
 5076              	.LBE1528:
 5077              	.LBE1538:
 416:../../libDaisy//src/hid/disp/display.h ****             {
 5078              		.loc 14 416 13 view .LVU1162
 5079 0468 0133     		adds	r3, r3, #1
 5080              	.LVL360:
 416:../../libDaisy//src/hid/disp/display.h ****             {
 5081              		.loc 14 416 26 view .LVU1163
 5082 046a 0132     		adds	r2, r2, #1
 5083 046c 0131     		adds	r1, r1, #1
 5084              	.LBB1539:
 5085              	.LBB1529:
 5086              	.LBB1524:
 5087              	.LBB1520:
 5088              	.LBB1515:
 359:../../libDaisy//src/dev/oled_ssd130x.h ****     }
 5089              		.loc 13 359 42 view .LVU1164
 5090 046e 08EA0000 		and	r0, r8, r0
 5091              	.LBE1515:
 5092              	.LBE1520:
 5093              	.LBE1524:
 5094              	.LBE1529:
 5095              	.LBE1539:
 416:../../libDaisy//src/hid/disp/display.h ****             {
 5096              		.loc 14 416 26 view .LVU1165
 5097 0472 9D42     		cmp	r5, r3
 5098              	.LBB1540:
 5099              	.LBB1530:
 5100              	.LBB1525:
 5101              	.LBB1521:
 5102              	.LBB1516:
 359:../../libDaisy//src/dev/oled_ssd130x.h ****     }
 5103              		.loc 13 359 42 view .LVU1166
 5104 0474 02F8010C 		strb	r0, [r2, #-1]
 5105              	.LVL361:
 359:../../libDaisy//src/dev/oled_ssd130x.h ****     }
 5106              		.loc 13 359 42 view .LVU1167
 5107              	.LBE1516:
 5108              	.LBE1521:
 5109              	.LBE1525:
ARM GAS  C:\Users\kgpol\AppData\Local\Temp\ccIP7kIm.s 			page 153


 5110              	.LBE1530:
 5111              	.LBE1540:
 416:../../libDaisy//src/hid/disp/display.h ****             {
 5112              		.loc 14 416 13 is_stmt 1 view .LVU1168
 416:../../libDaisy//src/hid/disp/display.h ****             {
 5113              		.loc 14 416 26 view .LVU1169
 5114 0478 EDD1     		bne	.L294
 5115              	.LVL362:
 5116              	.L293:
 413:../../libDaisy//src/hid/disp/display.h ****         {
 5117              		.loc 14 413 9 view .LVU1170
 413:../../libDaisy//src/hid/disp/display.h ****         {
 5118              		.loc 14 413 22 view .LVU1171
 5119 047a F245     		cmp	r10, lr
 5120 047c 04F10104 		add	r4, r4, #1
 5121 0480 C9D1     		bne	.L290
 5122              	.LVL363:
 5123              	.L289:
 5124              	.LBB1541:
 5125              	.LBI1541:
 171:../../libDaisy//src/hid/disp/display.h ****     {
 5126              		.loc 14 171 10 view .LVU1172
 5127              	.LBB1542:
 173:../../libDaisy//src/hid/disp/display.h ****         currentY_ = (y >= Height()) ? Height() - 1 : y;
 5128              		.loc 14 173 9 view .LVU1173
 5129              	.LBE1542:
 5130              	.LBE1541:
 434:../../libDaisy//src/hid/disp/display.h **** 
 5131              		.loc 14 434 18 is_stmt 0 view .LVU1174
 5132 0482 029B     		ldr	r3, [sp, #8]
 5133              	.LBB1547:
 5134              	.LBB1543:
 174:../../libDaisy//src/hid/disp/display.h ****     }
 5135              		.loc 14 174 19 view .LVU1175
 5136 0484 B9F13F0F 		cmp	r9, #63
 5137              	.LBE1543:
 5138              	.LBE1547:
 5139              	.LBE1507:
 5140              	.LBE1506:
 443:../../libDaisy//src/hid/disp/display.h ****         {
 5141              		.loc 14 443 9 view .LVU1176
 5142 0488 019A     		ldr	r2, [sp, #4]
 5143              	.LBB1556:
 5144              	.LBB1551:
 434:../../libDaisy//src/hid/disp/display.h **** 
 5145              		.loc 14 434 18 view .LVU1177
 5146 048a 9C44     		add	ip, ip, r3
 5147              	.LVL364:
 5148              	.LBB1548:
 5149              	.LBB1544:
 174:../../libDaisy//src/hid/disp/display.h ****     }
 5150              		.loc 14 174 19 view .LVU1178
 5151 048c 28BF     		it	cs
 5152 048e 4FF03F09 		movcs	r9, #63
 5153              	.LVL365:
 174:../../libDaisy//src/hid/disp/display.h ****     }
 5154              		.loc 14 174 19 view .LVU1179
ARM GAS  C:\Users\kgpol\AppData\Local\Temp\ccIP7kIm.s 			page 154


 5155              	.LBE1544:
 5156              	.LBE1548:
 5157              	.LBE1551:
 5158              	.LBE1556:
 443:../../libDaisy//src/hid/disp/display.h ****         {
 5159              		.loc 14 443 9 view .LVU1180
 5160 0492 12F8013F 		ldrb	r3, [r2, #1]!	@ zero_extendqisi2
 5161 0496 1FFA8CFC 		uxth	ip, ip
 5162              	.LBB1557:
 5163              	.LBB1552:
 5164              	.LBB1549:
 5165              	.LBB1545:
 174:../../libDaisy//src/hid/disp/display.h ****     }
 5166              		.loc 14 174 19 view .LVU1181
 5167 049a ABF80690 		strh	r9, [fp, #6]	@ movhi
 5168              	.LBE1545:
 5169              	.LBE1549:
 5170              	.LBE1552:
 5171              	.LBE1557:
 443:../../libDaisy//src/hid/disp/display.h ****         {
 5172              		.loc 14 443 9 view .LVU1182
 5173 049e 0192     		str	r2, [sp, #4]
 5174 04a0 BCF17F0F 		cmp	ip, #127
 5175 04a4 28BF     		it	cs
 5176 04a6 4FF07F0C 		movcs	ip, #127
 5177              	.LBB1558:
 5178              	.LBB1553:
 5179              	.LBB1550:
 5180              	.LBB1546:
 173:../../libDaisy//src/hid/disp/display.h ****         currentY_ = (y >= Height()) ? Height() - 1 : y;
 5181              		.loc 14 173 19 view .LVU1183
 5182 04aa ABF804C0 		strh	ip, [fp, #4]	@ movhi
 174:../../libDaisy//src/hid/disp/display.h ****     }
 5183              		.loc 14 174 9 is_stmt 1 view .LVU1184
 5184              	.LVL366:
 174:../../libDaisy//src/hid/disp/display.h ****     }
 5185              		.loc 14 174 9 is_stmt 0 view .LVU1185
 5186              	.LBE1546:
 5187              	.LBE1550:
 5188              	.LBE1553:
 5189              	.LBE1558:
 443:../../libDaisy//src/hid/disp/display.h ****         {
 5190              		.loc 14 443 9 is_stmt 1 view .LVU1186
 5191 04ae 1BB1     		cbz	r3, .L286
 5192              	.LVL367:
 5193              	.LBB1559:
 396:../../libDaisy//src/hid/disp/display.h ****     {
 5194              		.loc 14 396 10 view .LVU1187
 5195              	.LBB1554:
 401:../../libDaisy//src/hid/disp/display.h ****             return 0;
 5196              		.loc 14 401 9 is_stmt 0 view .LVU1188
 5197 04b0 A3F12002 		sub	r2, r3, #32
 5198              	.LVL368:
 401:../../libDaisy//src/hid/disp/display.h ****             return 0;
 5199              		.loc 14 401 9 view .LVU1189
 5200 04b4 5E2A     		cmp	r2, #94
 5201 04b6 91D9     		bls	.L283
ARM GAS  C:\Users\kgpol\AppData\Local\Temp\ccIP7kIm.s 			page 155


 5202              	.LVL369:
 5203              	.L286:
 401:../../libDaisy//src/hid/disp/display.h ****             return 0;
 5204              		.loc 14 401 9 view .LVU1190
 5205              	.LBE1554:
 5206              	.LBE1559:
 5207              	.LBE1561:
 5208              	.LBE1565:
 5209              	.LBE1573:
 5210              	.LBE1582:
 176:delay-module.cpp **** }
 5211              		.loc 16 176 5 is_stmt 1 view .LVU1191
 5212              	.LBB1583:
 5213              	.LBI1583:
 5214              		.loc 12 51 10 view .LVU1192
 5215              	.LBB1584:
 5216              	.LBI1584:
 373:../../libDaisy//src/dev/oled_ssd130x.h ****     {
 5217              		.loc 13 373 10 view .LVU1193
 5218              	.LBB1585:
 5219              		.loc 13 383 22 view .LVU1194
 5220 04b8 254E     		ldr	r6, .L331+28
 5221              	.LBE1585:
 5222              	.LBE1584:
 5223              	.LBE1583:
 5224              	.LBB1605:
 5225              	.LBB1574:
 5226              	.LBB1566:
 5227              	.LBB1562:
 5228              	.LBB1560:
 5229              	.LBB1555:
 416:../../libDaisy//src/hid/disp/display.h ****             {
 5230              		.loc 14 416 19 is_stmt 0 view .LVU1195
 5231 04ba B024     		movs	r4, #176
 5232              	.LVL370:
 5233              	.L295:
 416:../../libDaisy//src/hid/disp/display.h ****             {
 5234              		.loc 14 416 19 view .LVU1196
 5235 04bc 0025     		movs	r5, #0
 5236              	.LBE1555:
 5237              	.LBE1560:
 5238              	.LBE1562:
 5239              	.LBE1566:
 5240              	.LBE1574:
 5241              	.LBE1605:
 5242              	.LBB1606:
 5243              	.LBB1604:
 5244              	.LBB1603:
 5245              	.LBB1586:
 5246              	.LBB1587:
 124:../../libDaisy//src/dev/oled_ssd130x.h ****         spi_.BlockingTransmit(&cmd, 1);
 5247              		.loc 13 124 23 view .LVU1197
 5248 04be 2548     		ldr	r0, .L331+32
 5249 04c0 8DF81F40 		strb	r4, [sp, #31]
 5250              	.LVL371:
 124:../../libDaisy//src/dev/oled_ssd130x.h ****         spi_.BlockingTransmit(&cmd, 1);
 5251              		.loc 13 124 23 view .LVU1198
ARM GAS  C:\Users\kgpol\AppData\Local\Temp\ccIP7kIm.s 			page 156


 5252              	.LBE1587:
 5253              	.LBI1586:
 122:../../libDaisy//src/dev/oled_ssd130x.h ****     {
 5254              		.loc 13 122 10 is_stmt 1 view .LVU1199
 5255              	.LBB1588:
 124:../../libDaisy//src/dev/oled_ssd130x.h ****         spi_.BlockingTransmit(&cmd, 1);
 5256              		.loc 13 124 9 view .LVU1200
 5257              	.LBE1588:
 5258              	.LBE1586:
 5259              		.loc 13 383 22 is_stmt 0 view .LVU1201
 5260 04c4 0134     		adds	r4, r4, #1
 5261              	.LVL372:
 5262              	.LBB1591:
 5263              	.LBB1589:
 124:../../libDaisy//src/dev/oled_ssd130x.h ****         spi_.BlockingTransmit(&cmd, 1);
 5264              		.loc 13 124 23 view .LVU1202
 5265 04c6 2946     		mov	r1, r5
 5266 04c8 FFF7FEFF 		bl	dsy_gpio_write
 5267              	.LVL373:
 125:../../libDaisy//src/dev/oled_ssd130x.h ****     };
 5268              		.loc 13 125 9 is_stmt 1 view .LVU1203
 125:../../libDaisy//src/dev/oled_ssd130x.h ****     };
 5269              		.loc 13 125 30 is_stmt 0 view .LVU1204
 5270 04cc 6423     		movs	r3, #100
 5271 04ce 0122     		movs	r2, #1
 5272 04d0 0DF11F01 		add	r1, sp, #31
 5273 04d4 2048     		ldr	r0, .L331+36
 5274              	.LBE1589:
 5275              	.LBE1591:
 5276              		.loc 13 383 22 view .LVU1205
 5277 04d6 E4B2     		uxtb	r4, r4
 5278              	.LBB1592:
 5279              	.LBB1590:
 125:../../libDaisy//src/dev/oled_ssd130x.h ****     };
 5280              		.loc 13 125 30 view .LVU1206
 5281 04d8 FFF7FEFF 		bl	_ZN5daisy9SpiHandle16BlockingTransmitEPhjm
 5282              	.LVL374:
 125:../../libDaisy//src/dev/oled_ssd130x.h ****     };
 5283              		.loc 13 125 30 view .LVU1207
 5284              	.LBE1590:
 5285              	.LBE1592:
 5286              	.LBB1593:
 5287              	.LBB1594:
 124:../../libDaisy//src/dev/oled_ssd130x.h ****         spi_.BlockingTransmit(&cmd, 1);
 5288              		.loc 13 124 23 view .LVU1208
 5289 04dc 2946     		mov	r1, r5
 5290 04de 1D48     		ldr	r0, .L331+32
 5291 04e0 8DF81F50 		strb	r5, [sp, #31]
 5292              	.LVL375:
 124:../../libDaisy//src/dev/oled_ssd130x.h ****         spi_.BlockingTransmit(&cmd, 1);
 5293              		.loc 13 124 23 view .LVU1209
 5294              	.LBE1594:
 5295              	.LBI1593:
 122:../../libDaisy//src/dev/oled_ssd130x.h ****     {
 5296              		.loc 13 122 10 is_stmt 1 view .LVU1210
 5297              	.LBB1595:
 124:../../libDaisy//src/dev/oled_ssd130x.h ****         spi_.BlockingTransmit(&cmd, 1);
ARM GAS  C:\Users\kgpol\AppData\Local\Temp\ccIP7kIm.s 			page 157


 5298              		.loc 13 124 9 view .LVU1211
 124:../../libDaisy//src/dev/oled_ssd130x.h ****         spi_.BlockingTransmit(&cmd, 1);
 5299              		.loc 13 124 23 is_stmt 0 view .LVU1212
 5300 04e4 FFF7FEFF 		bl	dsy_gpio_write
 5301              	.LVL376:
 125:../../libDaisy//src/dev/oled_ssd130x.h ****     };
 5302              		.loc 13 125 9 is_stmt 1 view .LVU1213
 125:../../libDaisy//src/dev/oled_ssd130x.h ****     };
 5303              		.loc 13 125 30 is_stmt 0 view .LVU1214
 5304 04e8 0122     		movs	r2, #1
 5305 04ea 6423     		movs	r3, #100
 5306 04ec 0DF11F01 		add	r1, sp, #31
 5307 04f0 1948     		ldr	r0, .L331+36
 5308 04f2 FFF7FEFF 		bl	_ZN5daisy9SpiHandle16BlockingTransmitEPhjm
 5309              	.LVL377:
 125:../../libDaisy//src/dev/oled_ssd130x.h ****     };
 5310              		.loc 13 125 30 view .LVU1215
 5311 04f6 1023     		movs	r3, #16
 5312              	.LBE1595:
 5313              	.LBE1593:
 5314              	.LBB1596:
 5315              	.LBB1597:
 124:../../libDaisy//src/dev/oled_ssd130x.h ****         spi_.BlockingTransmit(&cmd, 1);
 5316              		.loc 13 124 23 view .LVU1216
 5317 04f8 2946     		mov	r1, r5
 5318 04fa 1648     		ldr	r0, .L331+32
 5319 04fc 8DF81F30 		strb	r3, [sp, #31]
 5320              	.LVL378:
 124:../../libDaisy//src/dev/oled_ssd130x.h ****         spi_.BlockingTransmit(&cmd, 1);
 5321              		.loc 13 124 23 view .LVU1217
 5322              	.LBE1597:
 5323              	.LBI1596:
 122:../../libDaisy//src/dev/oled_ssd130x.h ****     {
 5324              		.loc 13 122 10 is_stmt 1 view .LVU1218
 5325              	.LBB1598:
 124:../../libDaisy//src/dev/oled_ssd130x.h ****         spi_.BlockingTransmit(&cmd, 1);
 5326              		.loc 13 124 9 view .LVU1219
 124:../../libDaisy//src/dev/oled_ssd130x.h ****         spi_.BlockingTransmit(&cmd, 1);
 5327              		.loc 13 124 23 is_stmt 0 view .LVU1220
 5328 0500 FFF7FEFF 		bl	dsy_gpio_write
 5329              	.LVL379:
 125:../../libDaisy//src/dev/oled_ssd130x.h ****     };
 5330              		.loc 13 125 9 is_stmt 1 view .LVU1221
 125:../../libDaisy//src/dev/oled_ssd130x.h ****     };
 5331              		.loc 13 125 30 is_stmt 0 view .LVU1222
 5332 0504 6423     		movs	r3, #100
 5333 0506 0122     		movs	r2, #1
 5334 0508 0DF11F01 		add	r1, sp, #31
 5335 050c 1248     		ldr	r0, .L331+36
 5336 050e FFF7FEFF 		bl	_ZN5daisy9SpiHandle16BlockingTransmitEPhjm
 5337              	.LVL380:
 125:../../libDaisy//src/dev/oled_ssd130x.h ****     };
 5338              		.loc 13 125 30 view .LVU1223
 5339              	.LBE1598:
 5340              	.LBE1596:
 5341              	.LBB1599:
 5342              	.LBI1599:
ARM GAS  C:\Users\kgpol\AppData\Local\Temp\ccIP7kIm.s 			page 158


 128:../../libDaisy//src/dev/oled_ssd130x.h ****     {
 5343              		.loc 13 128 10 is_stmt 1 view .LVU1224
 5344              	.LBB1600:
 130:../../libDaisy//src/dev/oled_ssd130x.h ****         spi_.BlockingTransmit(buff, size);
 5345              		.loc 13 130 9 view .LVU1225
 130:../../libDaisy//src/dev/oled_ssd130x.h ****         spi_.BlockingTransmit(buff, size);
 5346              		.loc 13 130 23 is_stmt 0 view .LVU1226
 5347 0512 0121     		movs	r1, #1
 5348 0514 0F48     		ldr	r0, .L331+32
 5349 0516 FFF7FEFF 		bl	dsy_gpio_write
 5350              	.LVL381:
 131:../../libDaisy//src/dev/oled_ssd130x.h ****     };
 5351              		.loc 13 131 9 is_stmt 1 view .LVU1227
 131:../../libDaisy//src/dev/oled_ssd130x.h ****     };
 5352              		.loc 13 131 30 is_stmt 0 view .LVU1228
 5353 051a 8022     		movs	r2, #128
 5354 051c 3146     		mov	r1, r6
 5355 051e 6423     		movs	r3, #100
 5356 0520 0D48     		ldr	r0, .L331+36
 5357              	.LBE1600:
 5358              	.LBE1599:
 5359              		.loc 13 383 22 view .LVU1229
 5360 0522 1644     		add	r6, r6, r2
 5361              	.LVL382:
 5362              	.LBB1602:
 5363              	.LBB1601:
 131:../../libDaisy//src/dev/oled_ssd130x.h ****     };
 5364              		.loc 13 131 30 view .LVU1230
 5365 0524 FFF7FEFF 		bl	_ZN5daisy9SpiHandle16BlockingTransmitEPhjm
 5366              	.LVL383:
 131:../../libDaisy//src/dev/oled_ssd130x.h ****     };
 5367              		.loc 13 131 30 view .LVU1231
 5368              	.LBE1601:
 5369              	.LBE1602:
 5370              		.loc 13 383 9 is_stmt 1 view .LVU1232
 5371              		.loc 13 383 22 view .LVU1233
 5372 0528 B82C     		cmp	r4, #184
 5373 052a C7D1     		bne	.L295
 5374              	.LBE1603:
 5375              	.LBE1604:
 5376              	.LBE1606:
 177:delay-module.cpp **** 
 5377              		.loc 16 177 1 is_stmt 0 view .LVU1234
 5378 052c 29B0     		add	sp, sp, #164
 5379              		.cfi_remember_state
 5380              		.cfi_def_cfa_offset 36
 5381              		@ sp needed
 5382 052e BDE8F08F 		pop	{r4, r5, r6, r7, r8, r9, r10, fp, pc}
 5383              	.L332:
 5384 0532 00BF     		.align	2
 5385              	.L331:
 5386 0534 00000000 		.word	.LANCHOR2
 5387 0538 18000000 		.word	.LC12
 5388 053c 24000000 		.word	.LC13
 5389 0540 00000000 		.word	Font_7x10
 5390 0544 01000000 		.word	.LC14+1
 5391 0548 00000000 		.word	Font_6x8
ARM GAS  C:\Users\kgpol\AppData\Local\Temp\ccIP7kIm.s 			page 159


 5392 054c 30000000 		.word	.LC14
 5393 0550 14000000 		.word	.LANCHOR11+20
 5394 0554 10000000 		.word	.LANCHOR11+16
 5395 0558 08000000 		.word	.LANCHOR11+8
 5396              	.LVL384:
 5397              	.L250:
 5398              		.cfi_restore_state
 161:delay-module.cpp ****         case 1: sprintf(str_buffer, "Range: Fast"); break;
 5399              		.loc 16 161 9 is_stmt 1 view .LVU1235
 161:delay-module.cpp ****         case 1: sprintf(str_buffer, "Range: Fast"); break;
 5400              		.loc 16 161 17 view .LVU1236
 5401 055c 1D4A     		ldr	r2, .L333
 161:delay-module.cpp ****         case 1: sprintf(str_buffer, "Range: Fast"); break;
 5402              		.loc 16 161 24 is_stmt 0 view .LVU1237
 5403 055e 08AD     		add	r5, sp, #32
 5404 0560 1D4B     		ldr	r3, .L333+4
 5405 0562 5178     		ldrb	r1, [r2, #1]	@ zero_extendqisi2
 5406 0564 1478     		ldrb	r4, [r2]	@ zero_extendqisi2
 5407 0566 5268     		ldr	r2, [r2, #4]
 5408 0568 0391     		str	r1, [sp, #12]
 5409 056a 0492     		str	r2, [sp, #16]
 5410 056c 0FCB     		ldm	r3, {r0, r1, r2, r3}
 5411 056e 07C5     		stmia	r5!, {r0, r1, r2}
 5412 0570 2B80     		strh	r3, [r5]	@ movhi
 161:delay-module.cpp ****         case 1: sprintf(str_buffer, "Range: Fast"); break;
 5413              		.loc 16 161 55 is_stmt 1 view .LVU1238
 5414              	.LBB1607:
 5415              	.LBB1381:
 443:../../libDaisy//src/hid/disp/display.h ****         {
 5416              		.loc 14 443 9 is_stmt 0 view .LVU1239
 5417 0572 9DF82030 		ldrb	r3, [sp, #32]	@ zero_extendqisi2
 5418 0576 0593     		str	r3, [sp, #20]
 5419              	.LBE1381:
 5420              	.LBE1607:
 161:delay-module.cpp ****         case 1: sprintf(str_buffer, "Range: Fast"); break;
 5421              		.loc 16 161 55 view .LVU1240
 5422 0578 F0E5     		b	.L251
 5423              	.L252:
 162:delay-module.cpp ****         case 2: sprintf(str_buffer, "Range: Med"); break;
 5424              		.loc 16 162 9 is_stmt 1 view .LVU1241
 162:delay-module.cpp ****         case 2: sprintf(str_buffer, "Range: Med"); break;
 5425              		.loc 16 162 17 view .LVU1242
 162:delay-module.cpp ****         case 2: sprintf(str_buffer, "Range: Med"); break;
 5426              		.loc 16 162 24 is_stmt 0 view .LVU1243
 5427 057a 184B     		ldr	r3, .L333+8
 5428 057c E0E5     		b	.L323
 5429              	.L253:
 163:delay-module.cpp ****         case 3: sprintf(str_buffer, "Range: Slow"); break;
 5430              		.loc 16 163 9 is_stmt 1 view .LVU1244
 163:delay-module.cpp ****         case 3: sprintf(str_buffer, "Range: Slow"); break;
 5431              		.loc 16 163 17 view .LVU1245
 5432 057e 1549     		ldr	r1, .L333
 163:delay-module.cpp ****         case 3: sprintf(str_buffer, "Range: Slow"); break;
 5433              		.loc 16 163 24 is_stmt 0 view .LVU1246
 5434 0580 08AB     		add	r3, sp, #32
 5435 0582 174A     		ldr	r2, .L333+12
 5436 0584 4878     		ldrb	r0, [r1, #1]	@ zero_extendqisi2
ARM GAS  C:\Users\kgpol\AppData\Local\Temp\ccIP7kIm.s 			page 160


 5437 0586 0C78     		ldrb	r4, [r1]	@ zero_extendqisi2
 5438 0588 4968     		ldr	r1, [r1, #4]
 5439 058a 0390     		str	r0, [sp, #12]
 5440 058c 0491     		str	r1, [sp, #16]
 5441 058e 07CA     		ldm	r2, {r0, r1, r2}
 5442 0590 03C3     		stmia	r3!, {r0, r1}
 5443 0592 23F8022B 		strh	r2, [r3], #2	@ movhi
 5444 0596 120C     		lsrs	r2, r2, #16
 5445 0598 1A70     		strb	r2, [r3]
 163:delay-module.cpp ****         case 3: sprintf(str_buffer, "Range: Slow"); break;
 5446              		.loc 16 163 52 is_stmt 1 view .LVU1247
 5447              	.LBB1608:
 5448              	.LBB1382:
 443:../../libDaisy//src/hid/disp/display.h ****         {
 5449              		.loc 14 443 9 is_stmt 0 view .LVU1248
 5450 059a 9DF82030 		ldrb	r3, [sp, #32]	@ zero_extendqisi2
 5451 059e 0593     		str	r3, [sp, #20]
 5452              	.LBE1382:
 5453              	.LBE1608:
 163:delay-module.cpp ****         case 3: sprintf(str_buffer, "Range: Slow"); break;
 5454              		.loc 16 163 52 view .LVU1249
 5455 05a0 DCE5     		b	.L251
 5456              	.LVL385:
 5457              	.L238:
 160:delay-module.cpp ****         case 0: sprintf(str_buffer, "Range: X Fast"); break;
 5458              		.loc 16 160 5 is_stmt 1 view .LVU1250
 5459 05a2 104B     		ldr	r3, .L333+16
 5460 05a4 1B68     		ldr	r3, [r3]
 5461 05a6 032B     		cmp	r3, #3
 5462 05a8 0AD8     		bhi	.L301
 5463 05aa 01A2     		adr	r2, .L302
 5464 05ac 52F823F0 		ldr	pc, [r2, r3, lsl #2]
 5465              		.p2align 2
 5466              	.L302:
 5467 05b0 5D050000 		.word	.L250+1
 5468 05b4 7B050000 		.word	.L252+1
 5469 05b8 7F050000 		.word	.L253+1
 5470 05bc 3F010000 		.word	.L254+1
 5471              		.p2align 1
 5472              	.L301:
 166:delay-module.cpp ****     display.WriteString(str_buffer, Font_7x10, true);
 5473              		.loc 16 166 5 view .LVU1251
 5474              	.LVL386:
 5475              	.LBB1609:
 171:../../libDaisy//src/hid/disp/display.h ****     {
 5476              		.loc 14 171 10 view .LVU1252
 5477              	.LBB1387:
 173:../../libDaisy//src/hid/disp/display.h ****         currentY_ = (y >= Height()) ? Height() - 1 : y;
 5478              		.loc 14 173 9 view .LVU1253
 174:../../libDaisy//src/hid/disp/display.h ****     }
 5479              		.loc 14 174 9 view .LVU1254
 173:../../libDaisy//src/hid/disp/display.h ****         currentY_ = (y >= Height()) ? Height() - 1 : y;
 5480              		.loc 14 173 19 is_stmt 0 view .LVU1255
 5481 05c0 4FF44023 		mov	r3, #786432
 5482 05c4 CBF80430 		str	r3, [fp, #4]
 5483              	.LVL387:
 173:../../libDaisy//src/hid/disp/display.h ****         currentY_ = (y >= Height()) ? Height() - 1 : y;
ARM GAS  C:\Users\kgpol\AppData\Local\Temp\ccIP7kIm.s 			page 161


 5484              		.loc 14 173 19 view .LVU1256
 5485              	.LBE1387:
 5486              	.LBE1609:
 167:delay-module.cpp **** 
 5487              		.loc 16 167 5 is_stmt 1 view .LVU1257
 5488              	.LBB1610:
 440:../../libDaisy//src/hid/disp/display.h ****     {
 5489              		.loc 14 440 10 view .LVU1258
 5490              	.LBB1383:
 443:../../libDaisy//src/hid/disp/display.h ****         {
 5491              		.loc 14 443 9 view .LVU1259
 5492 05c8 51E6     		b	.L256
 5493              	.LVL388:
 5494              	.L299:
 443:../../libDaisy//src/hid/disp/display.h ****         {
 5495              		.loc 14 443 9 is_stmt 0 view .LVU1260
 5496              	.LBE1383:
 5497              	.LBE1610:
 166:delay-module.cpp ****     display.WriteString(str_buffer, Font_7x10, true);
 5498              		.loc 16 166 5 is_stmt 1 view .LVU1261
 5499              	.LBB1611:
 171:../../libDaisy//src/hid/disp/display.h ****     {
 5500              		.loc 14 171 10 view .LVU1262
 5501              	.LBB1388:
 173:../../libDaisy//src/hid/disp/display.h ****         currentY_ = (y >= Height()) ? Height() - 1 : y;
 5502              		.loc 14 173 9 view .LVU1263
 174:../../libDaisy//src/hid/disp/display.h ****     }
 5503              		.loc 14 174 9 view .LVU1264
 173:../../libDaisy//src/hid/disp/display.h ****         currentY_ = (y >= Height()) ? Height() - 1 : y;
 5504              		.loc 14 173 19 is_stmt 0 view .LVU1265
 5505 05ca 4FF44023 		mov	r3, #786432
 5506 05ce CBF80430 		str	r3, [fp, #4]
 5507              	.LVL389:
 173:../../libDaisy//src/hid/disp/display.h ****         currentY_ = (y >= Height()) ? Height() - 1 : y;
 5508              		.loc 14 173 19 view .LVU1266
 5509              	.LBE1388:
 5510              	.LBE1611:
 167:delay-module.cpp **** 
 5511              		.loc 16 167 5 is_stmt 1 view .LVU1267
 5512              	.LBB1612:
 440:../../libDaisy//src/hid/disp/display.h ****     {
 5513              		.loc 14 440 10 view .LVU1268
 5514              	.LBB1384:
 443:../../libDaisy//src/hid/disp/display.h ****         {
 5515              		.loc 14 443 9 view .LVU1269
 5516 05d2 CBE5     		b	.L298
 5517              	.L334:
 5518              		.align	2
 5519              	.L333:
 5520 05d4 00000000 		.word	Font_7x10
 5521 05d8 48000000 		.word	.LC15
 5522 05dc 58000000 		.word	.LC16
 5523 05e0 64000000 		.word	.LC17
 5524 05e4 00000000 		.word	.LANCHOR10
 5525              	.LBE1384:
 5526              	.LBE1612:
 5527              		.cfi_endproc
ARM GAS  C:\Users\kgpol\AppData\Local\Temp\ccIP7kIm.s 			page 162


 5528              	.LFE4713:
 5530              		.section	.text._ZN5daisy25OneBitGraphicsDisplayImplINS_11OledDisplayINS_13SSD130xDriverILj128ELj64
 5531              		.align	1
 5532              		.p2align 2,,3
 5533              		.weak	_ZN5daisy25OneBitGraphicsDisplayImplINS_11OledDisplayINS_13SSD130xDriverILj128ELj64ENS_24SSD
 5534              		.syntax unified
 5535              		.thumb
 5536              		.thumb_func
 5537              		.fpu fpv5-d16
 5539              	_ZN5daisy25OneBitGraphicsDisplayImplINS_11OledDisplayINS_13SSD130xDriverILj128ELj64ENS_24SSD130x4Wi
 5540              	.LVL390:
 5541              	.LFB5050:
 460:../../libDaisy//src/hid/disp/display.h ****                                  const FontDef& font,
 5542              		.loc 14 460 15 view -0
 5543              		.cfi_startproc
 5544              		@ args = 12, pretend = 0, frame = 32
 5545              		@ frame_needed = 0, uses_anonymous_args = 0
 460:../../libDaisy//src/hid/disp/display.h ****                                  const FontDef& font,
 5546              		.loc 14 460 15 is_stmt 0 view .LVU1271
 5547 0000 2DE9F04F 		push	{r4, r5, r6, r7, r8, r9, r10, fp, lr}
 5548              		.cfi_def_cfa_offset 36
 5549              		.cfi_offset 4, -36
 5550              		.cfi_offset 5, -32
 5551              		.cfi_offset 6, -28
 5552              		.cfi_offset 7, -24
 5553              		.cfi_offset 8, -20
 5554              		.cfi_offset 9, -16
 5555              		.cfi_offset 10, -12
 5556              		.cfi_offset 11, -8
 5557              		.cfi_offset 14, -4
 5558 0004 89B0     		sub	sp, sp, #36
 5559              		.cfi_def_cfa_offset 72
 460:../../libDaisy//src/hid/disp/display.h ****                                  const FontDef& font,
 5560              		.loc 14 460 15 view .LVU1272
 5561 0006 1D46     		mov	r5, r3
 5562 0008 8846     		mov	r8, r1
 5563              	.LVL391:
 5564              	.LBB1751:
 5565              	.LBI1751:
 482:../../libDaisy//src/hid/disp/display.h ****     {
 5566              		.loc 14 482 15 is_stmt 1 view .LVU1273
 5567              	.LBB1752:
 5568              	.LBB1753:
 5569              	.LBI1753:
 474:../../libDaisy//src/hid/disp/display.h ****     {
 5570              		.loc 14 474 14 view .LVU1274
 5571              	.LBB1754:
 477:../../libDaisy//src/hid/disp/display.h ****             result++;
 5572              		.loc 14 477 25 view .LVU1275
 5573              	.LBE1754:
 5574              	.LBE1753:
 5575              	.LBE1752:
 5576              	.LBE1751:
 460:../../libDaisy//src/hid/disp/display.h ****                                  const FontDef& font,
 5577              		.loc 14 460 15 is_stmt 0 view .LVU1276
 5578 000a 0690     		str	r0, [sp, #24]
 5579              	.LBB1769:
ARM GAS  C:\Users\kgpol\AppData\Local\Temp\ccIP7kIm.s 			page 163


 5580              	.LBB1765:
 5581              	.LBB1758:
 5582              	.LBB1755:
 477:../../libDaisy//src/hid/disp/display.h ****             result++;
 5583              		.loc 14 477 25 view .LVU1277
 5584 000c 1046     		mov	r0, r2
 5585              	.LVL392:
 477:../../libDaisy//src/hid/disp/display.h ****             result++;
 5586              		.loc 14 477 25 view .LVU1278
 5587              	.LBE1755:
 5588              	.LBE1758:
 5589              	.LBE1765:
 5590              	.LBE1769:
 460:../../libDaisy//src/hid/disp/display.h ****                                  const FontDef& font,
 5591              		.loc 14 460 15 view .LVU1279
 5592 000e 129C     		ldr	r4, [sp, #72]
 5593              	.LBB1770:
 5594              	.LBB1766:
 5595              	.LBB1759:
 5596              	.LBB1756:
 477:../../libDaisy//src/hid/disp/display.h ****             result++;
 5597              		.loc 14 477 25 view .LVU1280
 5598 0010 10F8013B 		ldrb	r3, [r0], #1	@ zero_extendqisi2
 5599              	.LVL393:
 477:../../libDaisy//src/hid/disp/display.h ****             result++;
 5600              		.loc 14 477 25 view .LVU1281
 5601              	.LBE1756:
 5602              	.LBE1759:
 5603              	.LBE1766:
 5604              	.LBE1770:
 460:../../libDaisy//src/hid/disp/display.h ****                                  const FontDef& font,
 5605              		.loc 14 460 15 view .LVU1282
 5606 0014 1399     		ldr	r1, [sp, #76]
 5607              	.LVL394:
 460:../../libDaisy//src/hid/disp/display.h ****                                  const FontDef& font,
 5608              		.loc 14 460 15 view .LVU1283
 5609 0016 9DF85060 		ldrb	r6, [sp, #80]	@ zero_extendqisi2
 5610 001a 0092     		str	r2, [sp]
 5611              	.LBB1771:
 5612              	.LBB1767:
 5613              	.LBB1760:
 5614              	.LBB1757:
 477:../../libDaisy//src/hid/disp/display.h ****             result++;
 5615              		.loc 14 477 25 view .LVU1284
 5616 001c 33B1     		cbz	r3, .L336
 476:../../libDaisy//src/hid/disp/display.h ****         while(*string++ != '\0')
 5617              		.loc 14 476 18 view .LVU1285
 5618 001e 0022     		movs	r2, #0
 5619              	.LVL395:
 5620              	.L337:
 477:../../libDaisy//src/hid/disp/display.h ****             result++;
 5621              		.loc 14 477 25 view .LVU1286
 5622 0020 10F8013B 		ldrb	r3, [r0], #1	@ zero_extendqisi2
 5623              	.LVL396:
 478:../../libDaisy//src/hid/disp/display.h ****         return result;
 5624              		.loc 14 478 13 view .LVU1287
 5625 0024 0132     		adds	r2, r2, #1
ARM GAS  C:\Users\kgpol\AppData\Local\Temp\ccIP7kIm.s 			page 164


 5626              	.LVL397:
 477:../../libDaisy//src/hid/disp/display.h ****             result++;
 5627              		.loc 14 477 25 is_stmt 1 view .LVU1288
 5628 0026 002B     		cmp	r3, #0
 5629 0028 FAD1     		bne	.L337
 5630              	.LBE1757:
 5631              	.LBE1760:
 5632              		.loc 14 485 68 is_stmt 0 view .LVU1289
 5633 002a 93B2     		uxth	r3, r2
 5634              	.LVL398:
 5635              	.L336:
 5636              		.loc 14 485 68 view .LVU1290
 5637 002c 2A78     		ldrb	r2, [r5]	@ zero_extendqisi2
 5638              		.loc 14 485 58 view .LVU1291
 5639 002e 6878     		ldrb	r0, [r5, #1]	@ zero_extendqisi2
 5640              		.loc 14 485 68 view .LVU1292
 5641 0030 12FB03F3 		smulbb	r3, r2, r3
 5642 0034 02B2     		sxth	r2, r0
 5643              	.LVL399:
 5644              	.LBB1761:
 5645              	.LBI1761:
  26:../../libDaisy//src/hid/disp/graphics_common.h ****     : x_(0), y_(0), width_(max(0, width)), height_(max(0, height))
 5646              		.loc 18 26 5 is_stmt 1 view .LVU1293
 5647              	.LBB1762:
 5648              	.LBI1762:
 5649              		.loc 18 261 13 view .LVU1294
 5650              	.LBE1762:
 5651              	.LBE1761:
 5652              	.LBE1767:
 5653              	.LBE1771:
 5654              		.loc 18 261 41 view .LVU1295
 5655              	.LBB1772:
 5656              	.LBB1768:
 5657              	.LBB1764:
 5658              	.LBB1763:
 5659              	.LBI1763:
 5660              		.loc 18 261 13 view .LVU1296
 5661              	.LBE1763:
 5662              	.LBE1764:
 5663              	.LBE1768:
 5664              	.LBE1772:
 5665              		.loc 18 261 41 view .LVU1297
 5666              	.LBB1773:
 5667              	.LBI1773:
 209:../../libDaisy//src/hid/disp/graphics_common.h ****     {
 5668              		.loc 18 209 15 view .LVU1298
 5669              	.LBB1774:
 211:../../libDaisy//src/hid/disp/graphics_common.h ****         {
 5670              		.loc 18 211 9 view .LVU1299
 5671 0036 1BB2     		sxth	r3, r3
 5672 0038 23EAE373 		bic	r3, r3, r3, asr #31
 5673 003c 0829     		cmp	r1, #8
 5674 003e 00F2A981 		bhi	.L338
 5675 0042 DFE811F0 		tbh	[pc, r1, lsl #1]
 5676              	.L340:
 5677 0046 0201     		.2byte	(.L348-.L340)/2
 5678 0048 1401     		.2byte	(.L347-.L340)/2
ARM GAS  C:\Users\kgpol\AppData\Local\Temp\ccIP7kIm.s 			page 165


 5679 004a 2001     		.2byte	(.L346-.L340)/2
 5680 004c 3401     		.2byte	(.L345-.L340)/2
 5681 004e 4201     		.2byte	(.L344-.L340)/2
 5682 0050 5001     		.2byte	(.L343-.L340)/2
 5683 0052 6701     		.2byte	(.L342-.L340)/2
 5684 0054 7101     		.2byte	(.L341-.L340)/2
 5685 0056 0900     		.2byte	(.L339-.L340)/2
 5686              		.p2align 1
 5687              	.L339:
 245:../../libDaisy//src/hid/disp/graphics_common.h ****                 return {int16_t(other.GetRight() - width_),
 5688              		.loc 18 245 13 view .LVU1300
 246:../../libDaisy//src/hid/disp/graphics_common.h ****                         int16_t(y_ + (other.GetCenterY() - GetCenterY())),
 5689              		.loc 18 246 17 view .LVU1301
 5690              	.LVL400:
 5691              	.LBB1775:
 5692              	.LBI1775:
  60:../../libDaisy//src/hid/disp/graphics_common.h ****     int16_t GetBottom() const { return y_ + height_; }
 5693              		.loc 18 60 13 view .LVU1302
 5694              	.LBB1776:
  60:../../libDaisy//src/hid/disp/graphics_common.h ****     int16_t GetBottom() const { return y_ + height_; }
 5695              		.loc 18 60 32 view .LVU1303
  60:../../libDaisy//src/hid/disp/graphics_common.h ****     int16_t GetBottom() const { return y_ + height_; }
 5696              		.loc 18 60 42 is_stmt 0 view .LVU1304
 5697 0058 A188     		ldrh	r1, [r4, #4]
 5698              	.LVL401:
  60:../../libDaisy//src/hid/disp/graphics_common.h ****     int16_t GetBottom() const { return y_ + height_; }
 5699              		.loc 18 60 42 view .LVU1305
 5700 005a 2788     		ldrh	r7, [r4]
 5701 005c 0F44     		add	r7, r7, r1
 5702              	.LBE1776:
 5703              	.LBE1775:
 5704              	.LBB1777:
 5705              	.LBB1778:
  63:../../libDaisy//src/hid/disp/graphics_common.h **** 
 5706              		.loc 18 63 54 view .LVU1306
 5707 005e B4F90610 		ldrsh	r1, [r4, #6]
 5708              	.LBE1778:
 5709              	.LBE1777:
 246:../../libDaisy//src/hid/disp/graphics_common.h ****                         int16_t(y_ + (other.GetCenterY() - GetCenterY())),
 5710              		.loc 18 246 50 view .LVU1307
 5711 0062 FF1A     		subs	r7, r7, r3
 5712              	.LBB1782:
 5713              	.LBB1779:
  63:../../libDaisy//src/hid/disp/graphics_common.h **** 
 5714              		.loc 18 63 54 view .LVU1308
 5715 0064 0029     		cmp	r1, #0
 5716              	.LBE1779:
 5717              	.LBE1782:
 246:../../libDaisy//src/hid/disp/graphics_common.h ****                         int16_t(y_ + (other.GetCenterY() - GetCenterY())),
 5718              		.loc 18 246 50 view .LVU1309
 5719 0066 BFB2     		uxth	r7, r7
 5720              	.LVL402:
 5721              	.LBB1783:
 5722              	.LBI1777:
  63:../../libDaisy//src/hid/disp/graphics_common.h **** 
 5723              		.loc 18 63 13 is_stmt 1 view .LVU1310
 5724              	.LBB1780:
ARM GAS  C:\Users\kgpol\AppData\Local\Temp\ccIP7kIm.s 			page 166


  63:../../libDaisy//src/hid/disp/graphics_common.h **** 
 5725              		.loc 18 63 34 view .LVU1311
  63:../../libDaisy//src/hid/disp/graphics_common.h **** 
 5726              		.loc 18 63 34 is_stmt 0 view .LVU1312
 5727              	.LBE1780:
 5728              	.LBE1783:
 5729              	.LBB1784:
 5730              	.LBI1784:
  63:../../libDaisy//src/hid/disp/graphics_common.h **** 
 5731              		.loc 18 63 13 is_stmt 1 view .LVU1313
 5732              	.LBB1785:
  63:../../libDaisy//src/hid/disp/graphics_common.h **** 
 5733              		.loc 18 63 34 view .LVU1314
  63:../../libDaisy//src/hid/disp/graphics_common.h **** 
 5734              		.loc 18 63 34 is_stmt 0 view .LVU1315
 5735              	.LBE1785:
 5736              	.LBE1784:
 5737              	.LBB1786:
 5738              	.LBB1781:
  63:../../libDaisy//src/hid/disp/graphics_common.h **** 
 5739              		.loc 18 63 54 view .LVU1316
 5740 0068 C0F2FF80 		blt	.L411
 5741              	.L355:
  63:../../libDaisy//src/hid/disp/graphics_common.h **** 
 5742              		.loc 18 63 54 view .LVU1317
 5743              	.LBE1781:
 5744              	.LBE1786:
 5745              	.LBB1787:
 5746              	.LBB1788:
  63:../../libDaisy//src/hid/disp/graphics_common.h **** 
 5747              		.loc 18 63 44 view .LVU1318
 5748 006c B4F802C0 		ldrh	ip, [r4, #2]
 5749              	.LBE1788:
 5750              	.LBE1787:
 5751              	.LBB1794:
 5752              	.LBB1795:
 5753              	.LBB1796:
  32:../../libDaisy//src/hid/disp/graphics_common.h ****     {
 5754              		.loc 18 32 66 view .LVU1319
 5755 0070 0698     		ldr	r0, [sp, #24]
 5756              	.LBE1796:
 5757              	.LBE1795:
 5758              	.LBE1794:
 5759              	.LBB1807:
 5760              	.LBB1789:
  63:../../libDaisy//src/hid/disp/graphics_common.h **** 
 5761              		.loc 18 63 44 view .LVU1320
 5762 0072 0CEB6104 		add	r4, ip, r1, asr #1
 5763              	.LVL403:
  63:../../libDaisy//src/hid/disp/graphics_common.h **** 
 5764              		.loc 18 63 44 view .LVU1321
 5765              	.LBE1789:
 5766              	.LBE1807:
 5767              	.LBB1808:
 5768              	.LBB1803:
 5769              	.LBB1799:
  32:../../libDaisy//src/hid/disp/graphics_common.h ****     {
ARM GAS  C:\Users\kgpol\AppData\Local\Temp\ccIP7kIm.s 			page 167


 5770              		.loc 18 32 66 view .LVU1322
 5771 0076 C280     		strh	r2, [r0, #6]	@ movhi
 5772              	.LBE1799:
 5773              	.LBE1803:
 5774              	.LBE1808:
 252:../../libDaisy//src/hid/disp/graphics_common.h ****                         width_,
 5775              		.loc 18 252 58 view .LVU1323
 5776 0078 A4EB5202 		sub	r2, r4, r2, lsr #1
 5777              	.LBB1809:
 5778              	.LBB1804:
 5779              	.LBB1800:
  32:../../libDaisy//src/hid/disp/graphics_common.h ****     {
 5780              		.loc 18 32 66 view .LVU1324
 5781 007c 8380     		strh	r3, [r0, #4]	@ movhi
 5782 007e 0780     		strh	r7, [r0]	@ movhi
 5783              	.LBE1800:
 5784              	.LBE1804:
 5785              	.LBE1809:
 252:../../libDaisy//src/hid/disp/graphics_common.h ****                         width_,
 5786              		.loc 18 252 58 view .LVU1325
 5787 0080 94B2     		uxth	r4, r2
 5788              	.LVL404:
 5789              	.LBB1810:
 5790              	.LBI1794:
  31:../../libDaisy//src/hid/disp/graphics_common.h ****     : x_(x), y_(y), width_(max(0, width)), height_(max(0, height))
 5791              		.loc 18 31 5 is_stmt 1 view .LVU1326
 5792              	.LBB1805:
 5793              	.LBB1801:
  32:../../libDaisy//src/hid/disp/graphics_common.h ****     {
 5794              		.loc 18 32 66 is_stmt 0 view .LVU1327
 5795 0082 4480     		strh	r4, [r0, #2]	@ movhi
 5796              	.LVL405:
 5797              	.LBB1797:
 5798              	.LBI1797:
 5799              		.loc 18 261 13 is_stmt 1 view .LVU1328
 5800              	.LBE1797:
 5801              	.LBE1801:
 5802              	.LBE1805:
 5803              	.LBE1810:
 5804              	.LBE1774:
 5805              	.LBE1773:
 5806              		.loc 18 261 41 view .LVU1329
 5807              	.LBB1997:
 5808              	.LBB1975:
 5809              	.LBB1811:
 5810              	.LBB1806:
 5811              	.LBB1802:
 5812              	.LBB1798:
 5813              	.LBI1798:
 5814              		.loc 18 261 13 view .LVU1330
 5815              	.LBE1798:
 5816              	.LBE1802:
 5817              	.LBE1806:
 5818              	.LBE1811:
 5819              	.LBE1975:
 5820              	.LBE1997:
 5821              		.loc 18 261 41 view .LVU1331
ARM GAS  C:\Users\kgpol\AppData\Local\Temp\ccIP7kIm.s 			page 168


 5822              	.L349:
  56:../../libDaisy//src/hid/disp/graphics_common.h ****     int16_t GetY() const { return y_; }
 5823              		.loc 18 56 28 view .LVU1332
  57:../../libDaisy//src/hid/disp/graphics_common.h ****     int16_t GetWidth() const { return width_; }
 5824              		.loc 18 57 28 view .LVU1333
 5825              	.LBB1998:
 5826              	.LBI1998:
 171:../../libDaisy//src/hid/disp/display.h ****     {
 5827              		.loc 14 171 10 view .LVU1334
 5828              	.LBB1999:
 173:../../libDaisy//src/hid/disp/display.h ****         currentY_ = (y >= Height()) ? Height() - 1 : y;
 5829              		.loc 14 173 9 view .LVU1335
 5830 0084 A64A     		ldr	r2, .L421
 173:../../libDaisy//src/hid/disp/display.h ****         currentY_ = (y >= Height()) ? Height() - 1 : y;
 5831              		.loc 14 173 33 is_stmt 0 view .LVU1336
 5832 0086 D8F80030 		ldr	r3, [r8]
 5833 008a 1146     		mov	r1, r2
 5834 008c 0192     		str	r2, [sp, #4]
 5835 008e DA68     		ldr	r2, [r3, #12]
 5836 0090 8A42     		cmp	r2, r1
 5837 0092 40F08D81 		bne	.L357
 5838 0096 8020     		movs	r0, #128
 5839              	.LVL406:
 5840              	.L358:
 173:../../libDaisy//src/hid/disp/display.h ****         currentY_ = (y >= Height()) ? Height() - 1 : y;
 5841              		.loc 14 173 19 view .LVU1337
 5842 0098 B842     		cmp	r0, r7
 5843 009a 05D8     		bhi	.L359
 173:../../libDaisy//src/hid/disp/display.h ****         currentY_ = (y >= Height()) ? Height() - 1 : y;
 5844              		.loc 14 173 44 view .LVU1338
 5845 009c DA68     		ldr	r2, [r3, #12]
 5846 009e 0199     		ldr	r1, [sp, #4]
 5847 00a0 8A42     		cmp	r2, r1
 5848 00a2 40F09A81 		bne	.L412
 5849 00a6 7F27     		movs	r7, #127
 5850              	.L359:
 5851 00a8 9E4A     		ldr	r2, .L421+4
 174:../../libDaisy//src/hid/disp/display.h ****     }
 5852              		.loc 14 174 34 view .LVU1339
 5853 00aa 9B68     		ldr	r3, [r3, #8]
 173:../../libDaisy//src/hid/disp/display.h ****         currentY_ = (y >= Height()) ? Height() - 1 : y;
 5854              		.loc 14 173 19 view .LVU1340
 5855 00ac A8F80470 		strh	r7, [r8, #4]	@ movhi
 174:../../libDaisy//src/hid/disp/display.h ****     }
 5856              		.loc 14 174 9 is_stmt 1 view .LVU1341
 5857 00b0 9342     		cmp	r3, r2
 5858 00b2 0392     		str	r2, [sp, #12]
 5859 00b4 40F08981 		bne	.L389
 174:../../libDaisy//src/hid/disp/display.h ****     }
 5860              		.loc 14 174 34 is_stmt 0 view .LVU1342
 5861 00b8 4020     		movs	r0, #64
 5862              	.L361:
 174:../../libDaisy//src/hid/disp/display.h ****     }
 5863              		.loc 14 174 19 view .LVU1343
 5864 00ba A042     		cmp	r0, r4
 5865 00bc 07D8     		bhi	.L363
 174:../../libDaisy//src/hid/disp/display.h ****     }
ARM GAS  C:\Users\kgpol\AppData\Local\Temp\ccIP7kIm.s 			page 169


 5866              		.loc 14 174 46 view .LVU1344
 5867 00be D8F80030 		ldr	r3, [r8]
 5868 00c2 039A     		ldr	r2, [sp, #12]
 5869 00c4 9B68     		ldr	r3, [r3, #8]
 5870 00c6 9342     		cmp	r3, r2
 5871 00c8 40F08281 		bne	.L413
 5872 00cc 3F24     		movs	r4, #63
 5873              	.L363:
 174:../../libDaisy//src/hid/disp/display.h ****     }
 5874              		.loc 14 174 46 view .LVU1345
 5875              	.LBE1999:
 5876              	.LBE1998:
 5877              	.LBB2003:
 5878              	.LBB2004:
 443:../../libDaisy//src/hid/disp/display.h ****         {
 5879              		.loc 14 443 9 view .LVU1346
 5880 00ce 009B     		ldr	r3, [sp]
 5881              	.LBE2004:
 5882              	.LBE2003:
 5883              	.LBB2052:
 5884              	.LBB2000:
 174:../../libDaisy//src/hid/disp/display.h ****     }
 5885              		.loc 14 174 19 view .LVU1347
 5886 00d0 A8F80640 		strh	r4, [r8, #6]	@ movhi
 5887              	.LVL407:
 174:../../libDaisy//src/hid/disp/display.h ****     }
 5888              		.loc 14 174 19 view .LVU1348
 5889              	.LBE2000:
 5890              	.LBE2052:
 5891              	.LBB2053:
 5892              	.LBB2049:
 443:../../libDaisy//src/hid/disp/display.h ****         {
 5893              		.loc 14 443 9 view .LVU1349
 5894 00d4 93F800B0 		ldrb	fp, [r3]	@ zero_extendqisi2
 5895 00d8 6B78     		ldrb	r3, [r5, #1]	@ zero_extendqisi2
 5896              	.LVL408:
 443:../../libDaisy//src/hid/disp/display.h ****         {
 5897              		.loc 14 443 9 view .LVU1350
 5898 00da 2C78     		ldrb	r4, [r5]	@ zero_extendqisi2
 5899              	.LVL409:
 443:../../libDaisy//src/hid/disp/display.h ****         {
 5900              		.loc 14 443 9 view .LVU1351
 5901 00dc 0493     		str	r3, [sp, #16]
 5902              	.LVL410:
 443:../../libDaisy//src/hid/disp/display.h ****         {
 5903              		.loc 14 443 9 view .LVU1352
 5904 00de 6B68     		ldr	r3, [r5, #4]
 5905 00e0 0793     		str	r3, [sp, #28]
 5906              	.LVL411:
 443:../../libDaisy//src/hid/disp/display.h ****         {
 5907              		.loc 14 443 9 view .LVU1353
 5908              	.LBE2049:
 5909              	.LBI2003:
 440:../../libDaisy//src/hid/disp/display.h ****     {
 5910              		.loc 14 440 10 is_stmt 1 view .LVU1354
 5911              	.LBB2050:
 443:../../libDaisy//src/hid/disp/display.h ****         {
ARM GAS  C:\Users\kgpol\AppData\Local\Temp\ccIP7kIm.s 			page 170


 5912              		.loc 14 443 9 view .LVU1355
 5913 00e2 BBF1000F 		cmp	fp, #0
 5914 00e6 00F0AC80 		beq	.L335
 5915              	.LVL412:
 5916              	.L365:
 5917              	.LBB2005:
 5918              	.LBI2005:
 396:../../libDaisy//src/hid/disp/display.h ****     {
 5919              		.loc 14 396 10 view .LVU1356
 5920              	.LBB2006:
 401:../../libDaisy//src/hid/disp/display.h ****             return 0;
 5921              		.loc 14 401 20 is_stmt 0 view .LVU1357
 5922 00ea ABF12005 		sub	r5, fp, #32
 401:../../libDaisy//src/hid/disp/display.h ****             return 0;
 5923              		.loc 14 401 9 view .LVU1358
 5924 00ee EBB2     		uxtb	r3, r5
 5925 00f0 5E2B     		cmp	r3, #94
 5926 00f2 00F22E81 		bhi	.L369
 405:../../libDaisy//src/hid/disp/display.h ****            || Height() < (currentY_ + font.FontHeight))
 5927              		.loc 14 405 17 view .LVU1359
 5928 00f6 D8F80030 		ldr	r3, [r8]
 5929 00fa 019A     		ldr	r2, [sp, #4]
 5930 00fc DB68     		ldr	r3, [r3, #12]
 5931 00fe 9342     		cmp	r3, r2
 5932 0100 40F02A81 		bne	.L414
 5933 0104 8020     		movs	r0, #128
 5934              	.L368:
 405:../../libDaisy//src/hid/disp/display.h ****            || Height() < (currentY_ + font.FontHeight))
 5935              		.loc 14 405 23 view .LVU1360
 5936 0106 B8F80430 		ldrh	r3, [r8, #4]
 405:../../libDaisy//src/hid/disp/display.h ****            || Height() < (currentY_ + font.FontHeight))
 5937              		.loc 14 405 33 view .LVU1361
 5938 010a 2344     		add	r3, r3, r4
 406:../../libDaisy//src/hid/disp/display.h ****         {
 5939              		.loc 14 406 12 view .LVU1362
 5940 010c 9842     		cmp	r0, r3
 5941 010e C0F22081 		blt	.L369
 406:../../libDaisy//src/hid/disp/display.h ****         {
 5942              		.loc 14 406 21 view .LVU1363
 5943 0112 D8F80030 		ldr	r3, [r8]
 5944 0116 039A     		ldr	r2, [sp, #12]
 5945 0118 9B68     		ldr	r3, [r3, #8]
 5946 011a 9342     		cmp	r3, r2
 5947 011c 40F01F81 		bne	.L415
 5948 0120 4020     		movs	r0, #64
 5949              	.L370:
 406:../../libDaisy//src/hid/disp/display.h ****         {
 5950              		.loc 14 406 27 view .LVU1364
 5951 0122 B8F80610 		ldrh	r1, [r8, #6]
 406:../../libDaisy//src/hid/disp/display.h ****         {
 5952              		.loc 14 406 37 view .LVU1365
 5953 0126 049A     		ldr	r2, [sp, #16]
 406:../../libDaisy//src/hid/disp/display.h ****         {
 5954              		.loc 14 406 27 view .LVU1366
 5955 0128 0291     		str	r1, [sp, #8]
 406:../../libDaisy//src/hid/disp/display.h ****         {
 5956              		.loc 14 406 37 view .LVU1367
ARM GAS  C:\Users\kgpol\AppData\Local\Temp\ccIP7kIm.s 			page 171


 5957 012a 8B18     		adds	r3, r1, r2
 406:../../libDaisy//src/hid/disp/display.h ****         {
 5958              		.loc 14 406 12 view .LVU1368
 5959 012c 9842     		cmp	r0, r3
 5960 012e C0F21081 		blt	.L369
 5961              	.LVL413:
 413:../../libDaisy//src/hid/disp/display.h ****         {
 5962              		.loc 14 413 22 is_stmt 1 view .LVU1369
 5963 0132 002A     		cmp	r2, #0
 5964 0134 00F01E81 		beq	.L371
 415:../../libDaisy//src/hid/disp/display.h ****             for(j = 0; j < font.FontWidth; j++)
 5965              		.loc 14 415 37 is_stmt 0 view .LVU1370
 5966 0138 02FB05F5 		mul	r5, r2, r5
 5967 013c 6FF0004E 		mvn	lr, #-2147483648
 5968 0140 079B     		ldr	r3, [sp, #28]
 5969 0142 AE44     		add	lr, lr, r5
 5970 0144 1544     		add	r5, r5, r2
 5971 0146 CDF814B0 		str	fp, [sp, #20]
 5972 014a 03EB4E0E 		add	lr, r3, lr, lsl #1
 5973 014e 023B     		subs	r3, r3, #2
 434:../../libDaisy//src/hid/disp/display.h **** 
 5974              		.loc 14 434 19 view .LVU1371
 5975 0150 B8F804A0 		ldrh	r10, [r8, #4]
 5976 0154 03EB4503 		add	r3, r3, r5, lsl #1
 5977 0158 0D46     		mov	r5, r1
 5978 015a 9B46     		mov	fp, r3
 5979              	.LVL414:
 5980              	.L374:
 415:../../libDaisy//src/hid/disp/display.h ****             for(j = 0; j < font.FontWidth; j++)
 5981              		.loc 14 415 15 view .LVU1372
 5982 015c 3EF8027F 		ldrh	r7, [lr, #2]!
 5983              	.LVL415:
 416:../../libDaisy//src/hid/disp/display.h ****             {
 5984              		.loc 14 416 26 is_stmt 1 view .LVU1373
 5985 0160 A4B3     		cbz	r4, .L379
 5986              	.LBB2007:
 5987              	.LBB2008:
 5988              	.LBB2009:
 5989              	.LBB2010:
 5990              	.LBB2011:
 359:../../libDaisy//src/dev/oled_ssd130x.h ****     }
 5991              		.loc 13 359 55 is_stmt 0 view .LVU1374
 5992 0162 05F00703 		and	r3, r5, #7
 359:../../libDaisy//src/dev/oled_ssd130x.h ****     }
 5993              		.loc 13 359 49 view .LVU1375
 5994 0166 4FF0010C 		mov	ip, #1
 359:../../libDaisy//src/dev/oled_ssd130x.h ****     }
 5995              		.loc 13 359 28 view .LVU1376
 5996 016a EA08     		lsrs	r2, r5, #3
 5997 016c 5146     		mov	r1, r10
 359:../../libDaisy//src/dev/oled_ssd130x.h ****     }
 5998              		.loc 13 359 49 view .LVU1377
 5999 016e 0CFA03FC 		lsl	ip, ip, r3
 6000 0172 0AF11403 		add	r3, r10, #20
 359:../../libDaisy//src/dev/oled_ssd130x.h ****     }
 6001              		.loc 13 359 42 view .LVU1378
 6002 0176 4FFA8CFC 		sxtb	ip, ip
ARM GAS  C:\Users\kgpol\AppData\Local\Temp\ccIP7kIm.s 			page 172


 6003 017a 03EBC212 		add	r2, r3, r2, lsl #7
 6004              	.LBE2011:
 6005              	.LBE2010:
 6006              	.LBE2009:
 6007              	.LBE2008:
 6008              	.LBE2007:
 416:../../libDaisy//src/hid/disp/display.h ****             {
 6009              		.loc 14 416 19 view .LVU1379
 6010 017e 0023     		movs	r3, #0
 6011              	.LBB2029:
 6012              	.LBB2024:
 6013              	.LBB2019:
 6014              	.LBB2015:
 6015              	.LBB2012:
 359:../../libDaisy//src/dev/oled_ssd130x.h ****     }
 6016              		.loc 13 359 42 view .LVU1380
 6017 0180 6FEA0C09 		mvn	r9, ip
 6018 0184 4244     		add	r2, r2, r8
 6019 0186 0DE0     		b	.L380
 6020              	.LVL416:
 6021              	.L416:
 359:../../libDaisy//src/dev/oled_ssd130x.h ****     }
 6022              		.loc 13 359 42 view .LVU1381
 6023              	.LBE2012:
 6024              	.LBE2015:
 6025              	.LBE2019:
 6026              	.LBE2024:
 6027              	.LBE2029:
 6028              	.LBB2030:
 6029              	.LBI2030:
  42:../../libDaisy//src/hid/disp/oled_display.h ****     {
 6030              		.loc 12 42 10 is_stmt 1 view .LVU1382
 6031              	.LBB2031:
 6032              	.LBI2031:
 352:../../libDaisy//src/dev/oled_ssd130x.h ****     {
 6033              		.loc 13 352 10 view .LVU1383
 6034              	.LBB2032:
 354:../../libDaisy//src/dev/oled_ssd130x.h ****             return;
 6035              		.loc 13 354 9 is_stmt 0 view .LVU1384
 6036 0188 7F29     		cmp	r1, #127
 6037 018a 06D8     		bhi	.L376
 6038 018c 3F2D     		cmp	r5, #63
 6039 018e 04D8     		bhi	.L376
 357:../../libDaisy//src/dev/oled_ssd130x.h ****         else
 6040              		.loc 13 357 42 view .LVU1385
 6041 0190 1078     		ldrb	r0, [r2]	@ zero_extendqisi2
 356:../../libDaisy//src/dev/oled_ssd130x.h ****             buffer_[x + (y / 8) * width] |= (1 << (y % 8));
 6042              		.loc 13 356 9 view .LVU1386
 6043 0192 96B1     		cbz	r6, .L378
 6044              	.L410:
 356:../../libDaisy//src/dev/oled_ssd130x.h ****             buffer_[x + (y / 8) * width] |= (1 << (y % 8));
 6045              		.loc 13 356 9 view .LVU1387
 6046              	.LBE2032:
 6047              	.LBE2031:
 6048              	.LBE2030:
 6049              	.LBB2033:
 6050              	.LBB2025:
ARM GAS  C:\Users\kgpol\AppData\Local\Temp\ccIP7kIm.s 			page 173


 6051              	.LBB2020:
 357:../../libDaisy//src/dev/oled_ssd130x.h ****         else
 6052              		.loc 13 357 42 view .LVU1388
 6053 0194 4CEA0000 		orr	r0, ip, r0
 6054 0198 1070     		strb	r0, [r2]
 6055              	.L376:
 6056              	.LBE2020:
 6057              	.LBE2025:
 6058              	.LBE2033:
 416:../../libDaisy//src/hid/disp/display.h ****             {
 6059              		.loc 14 416 13 is_stmt 1 view .LVU1389
 6060 019a 0133     		adds	r3, r3, #1
 6061              	.LVL417:
 416:../../libDaisy//src/hid/disp/display.h ****             {
 6062              		.loc 14 416 26 view .LVU1390
 6063 019c 0132     		adds	r2, r2, #1
 6064 019e 0131     		adds	r1, r1, #1
 6065 01a0 9C42     		cmp	r4, r3
 6066 01a2 13D0     		beq	.L379
 6067              	.LVL418:
 6068              	.L380:
 418:../../libDaisy//src/hid/disp/display.h ****                 {
 6069              		.loc 14 418 23 is_stmt 0 view .LVU1391
 6070 01a4 07FA03F0 		lsl	r0, r7, r3
 418:../../libDaisy//src/hid/disp/display.h ****                 {
 6071              		.loc 14 418 17 view .LVU1392
 6072 01a8 0004     		lsls	r0, r0, #16
 6073 01aa EDD4     		bmi	.L416
 6074              	.LVL419:
 6075              	.LBB2034:
 6076              	.LBI2007:
  42:../../libDaisy//src/hid/disp/oled_display.h ****     {
 6077              		.loc 12 42 10 is_stmt 1 view .LVU1393
 6078              	.LBB2026:
 6079              	.LBI2008:
 352:../../libDaisy//src/dev/oled_ssd130x.h ****     {
 6080              		.loc 13 352 10 view .LVU1394
 6081              	.LBB2021:
 354:../../libDaisy//src/dev/oled_ssd130x.h ****             return;
 6082              		.loc 13 354 9 is_stmt 0 view .LVU1395
 6083 01ac 7F29     		cmp	r1, #127
 6084 01ae F4D8     		bhi	.L376
 6085 01b0 3F2D     		cmp	r5, #63
 6086 01b2 F2D8     		bhi	.L376
 357:../../libDaisy//src/dev/oled_ssd130x.h ****         else
 6087              		.loc 13 357 42 view .LVU1396
 6088 01b4 1078     		ldrb	r0, [r2]	@ zero_extendqisi2
 356:../../libDaisy//src/dev/oled_ssd130x.h ****             buffer_[x + (y / 8) * width] |= (1 << (y % 8));
 6089              		.loc 13 356 9 view .LVU1397
 6090 01b6 002E     		cmp	r6, #0
 6091 01b8 ECD0     		beq	.L410
 6092              	.L378:
 6093              	.LVL420:
 6094              	.LBB2016:
 6095              	.LBI2010:
 352:../../libDaisy//src/dev/oled_ssd130x.h ****     {
 6096              		.loc 13 352 10 is_stmt 1 view .LVU1398
ARM GAS  C:\Users\kgpol\AppData\Local\Temp\ccIP7kIm.s 			page 174


 352:../../libDaisy//src/dev/oled_ssd130x.h ****     {
 6097              		.loc 13 352 10 is_stmt 0 view .LVU1399
 6098              	.LBE2016:
 6099              	.LBE2021:
 6100              	.LBE2026:
 6101              	.LBE2034:
 416:../../libDaisy//src/hid/disp/display.h ****             {
 6102              		.loc 14 416 13 view .LVU1400
 6103 01ba 0133     		adds	r3, r3, #1
 6104              	.LVL421:
 6105              	.LBB2035:
 6106              	.LBB2027:
 6107              	.LBB2022:
 6108              	.LBB2017:
 6109              	.LBB2013:
 359:../../libDaisy//src/dev/oled_ssd130x.h ****     }
 6110              		.loc 13 359 42 view .LVU1401
 6111 01bc 09EA0000 		and	r0, r9, r0
 6112              	.LBE2013:
 6113              	.LBE2017:
 6114              	.LBE2022:
 6115              	.LBE2027:
 6116              	.LBE2035:
 416:../../libDaisy//src/hid/disp/display.h ****             {
 6117              		.loc 14 416 26 view .LVU1402
 6118 01c0 0132     		adds	r2, r2, #1
 6119 01c2 0131     		adds	r1, r1, #1
 6120 01c4 9C42     		cmp	r4, r3
 6121              	.LBB2036:
 6122              	.LBB2028:
 6123              	.LBB2023:
 6124              	.LBB2018:
 6125              	.LBB2014:
 359:../../libDaisy//src/dev/oled_ssd130x.h ****     }
 6126              		.loc 13 359 42 view .LVU1403
 6127 01c6 02F8010C 		strb	r0, [r2, #-1]
 359:../../libDaisy//src/dev/oled_ssd130x.h ****     }
 6128              		.loc 13 359 42 view .LVU1404
 6129              	.LBE2014:
 6130              	.LBE2018:
 6131              	.LBE2023:
 6132              	.LBE2028:
 6133              	.LBE2036:
 416:../../libDaisy//src/hid/disp/display.h ****             {
 6134              		.loc 14 416 13 is_stmt 1 view .LVU1405
 6135              	.LVL422:
 416:../../libDaisy//src/hid/disp/display.h ****             {
 6136              		.loc 14 416 26 view .LVU1406
 6137 01ca EBD1     		bne	.L380
 6138              	.LVL423:
 6139              	.L379:
 413:../../libDaisy//src/hid/disp/display.h ****         {
 6140              		.loc 14 413 9 view .LVU1407
 413:../../libDaisy//src/hid/disp/display.h ****         {
 6141              		.loc 14 413 22 view .LVU1408
 6142 01cc F345     		cmp	fp, lr
 6143 01ce 05F10105 		add	r5, r5, #1
ARM GAS  C:\Users\kgpol\AppData\Local\Temp\ccIP7kIm.s 			page 175


 6144 01d2 C3D1     		bne	.L374
 6145 01d4 DDF814B0 		ldr	fp, [sp, #20]
 6146              	.LVL424:
 6147              	.L373:
 6148              	.LBB2037:
 6149              	.LBB2038:
 173:../../libDaisy//src/hid/disp/display.h ****         currentY_ = (y >= Height()) ? Height() - 1 : y;
 6150              		.loc 14 173 33 is_stmt 0 view .LVU1409
 6151 01d8 D8F80020 		ldr	r2, [r8]
 6152              	.LBE2038:
 6153              	.LBE2037:
 434:../../libDaisy//src/hid/disp/display.h **** 
 6154              		.loc 14 434 18 view .LVU1410
 6155 01dc 0AEB0405 		add	r5, r10, r4
 6156 01e0 0199     		ldr	r1, [sp, #4]
 6157              	.LBB2043:
 6158              	.LBB2039:
 173:../../libDaisy//src/hid/disp/display.h ****         currentY_ = (y >= Height()) ? Height() - 1 : y;
 6159              		.loc 14 173 33 view .LVU1411
 6160 01e2 D368     		ldr	r3, [r2, #12]
 6161              	.LBE2039:
 6162              	.LBE2043:
 434:../../libDaisy//src/hid/disp/display.h **** 
 6163              		.loc 14 434 18 view .LVU1412
 6164 01e4 ADB2     		uxth	r5, r5
 6165              	.LVL425:
 6166              	.LBB2044:
 6167              	.LBI2037:
 171:../../libDaisy//src/hid/disp/display.h ****     {
 6168              		.loc 14 171 10 is_stmt 1 view .LVU1413
 6169              	.LBB2040:
 173:../../libDaisy//src/hid/disp/display.h ****         currentY_ = (y >= Height()) ? Height() - 1 : y;
 6170              		.loc 14 173 9 view .LVU1414
 6171 01e6 8B42     		cmp	r3, r1
 6172 01e8 40F0BF80 		bne	.L417
 173:../../libDaisy//src/hid/disp/display.h ****         currentY_ = (y >= Height()) ? Height() - 1 : y;
 6173              		.loc 14 173 33 is_stmt 0 view .LVU1415
 6174 01ec 8020     		movs	r0, #128
 6175              	.L381:
 173:../../libDaisy//src/hid/disp/display.h ****         currentY_ = (y >= Height()) ? Height() - 1 : y;
 6176              		.loc 14 173 19 view .LVU1416
 6177 01ee 8542     		cmp	r5, r0
 6178 01f0 05D3     		bcc	.L382
 173:../../libDaisy//src/hid/disp/display.h ****         currentY_ = (y >= Height()) ? Height() - 1 : y;
 6179              		.loc 14 173 44 view .LVU1417
 6180 01f2 D368     		ldr	r3, [r2, #12]
 6181 01f4 0199     		ldr	r1, [sp, #4]
 6182 01f6 8B42     		cmp	r3, r1
 6183 01f8 40F0C580 		bne	.L418
 6184 01fc 7F25     		movs	r5, #127
 6185              	.LVL426:
 6186              	.L382:
 174:../../libDaisy//src/hid/disp/display.h ****     }
 6187              		.loc 14 174 34 view .LVU1418
 6188 01fe 9368     		ldr	r3, [r2, #8]
 6189 0200 039A     		ldr	r2, [sp, #12]
 173:../../libDaisy//src/hid/disp/display.h ****         currentY_ = (y >= Height()) ? Height() - 1 : y;
ARM GAS  C:\Users\kgpol\AppData\Local\Temp\ccIP7kIm.s 			page 176


 6190              		.loc 14 173 19 view .LVU1419
 6191 0202 A8F80450 		strh	r5, [r8, #4]	@ movhi
 174:../../libDaisy//src/hid/disp/display.h ****     }
 6192              		.loc 14 174 9 is_stmt 1 view .LVU1420
 6193 0206 9342     		cmp	r3, r2
 6194 0208 40F0AC80 		bne	.L419
 174:../../libDaisy//src/hid/disp/display.h ****     }
 6195              		.loc 14 174 34 is_stmt 0 view .LVU1421
 6196 020c 4020     		movs	r0, #64
 6197              	.L384:
 174:../../libDaisy//src/hid/disp/display.h ****     }
 6198              		.loc 14 174 19 view .LVU1422
 6199 020e 029B     		ldr	r3, [sp, #8]
 6200 0210 8342     		cmp	r3, r0
 6201 0212 08D3     		bcc	.L385
 174:../../libDaisy//src/hid/disp/display.h ****     }
 6202              		.loc 14 174 46 view .LVU1423
 6203 0214 D8F80030 		ldr	r3, [r8]
 6204 0218 039A     		ldr	r2, [sp, #12]
 6205 021a 9B68     		ldr	r3, [r3, #8]
 6206 021c 9342     		cmp	r3, r2
 6207 021e 40F0AC80 		bne	.L420
 6208 0222 3F23     		movs	r3, #63
 6209 0224 0293     		str	r3, [sp, #8]
 6210              	.LVL427:
 6211              	.L385:
 174:../../libDaisy//src/hid/disp/display.h ****     }
 6212              		.loc 14 174 19 view .LVU1424
 6213 0226 029B     		ldr	r3, [sp, #8]
 6214 0228 A8F80630 		strh	r3, [r8, #6]	@ movhi
 6215              	.LVL428:
 6216              	.L367:
 174:../../libDaisy//src/hid/disp/display.h ****     }
 6217              		.loc 14 174 19 view .LVU1425
 6218              	.LBE2040:
 6219              	.LBE2044:
 6220              	.LBE2006:
 6221              	.LBE2005:
 445:../../libDaisy//src/hid/disp/display.h ****                != *str)
 6222              		.loc 14 445 13 view .LVU1426
 6223 022c 009A     		ldr	r2, [sp]
 6224 022e 1378     		ldrb	r3, [r2]	@ zero_extendqisi2
 6225 0230 5B45     		cmp	r3, fp
 6226 0232 06D1     		bne	.L335
 6227              	.LVL429:
 443:../../libDaisy//src/hid/disp/display.h ****         {
 6228              		.loc 14 443 9 is_stmt 1 view .LVU1427
 6229 0234 12F801BF 		ldrb	fp, [r2, #1]!	@ zero_extendqisi2
 6230              	.LVL430:
 443:../../libDaisy//src/hid/disp/display.h ****         {
 6231              		.loc 14 443 9 is_stmt 0 view .LVU1428
 6232 0238 0092     		str	r2, [sp]
 6233 023a BBF1000F 		cmp	fp, #0
 6234 023e 7FF454AF 		bne	.L365
 6235              	.LVL431:
 6236              	.L335:
 443:../../libDaisy//src/hid/disp/display.h ****         {
ARM GAS  C:\Users\kgpol\AppData\Local\Temp\ccIP7kIm.s 			page 177


 6237              		.loc 14 443 9 view .LVU1429
 6238              	.LBE2050:
 6239              	.LBE2053:
 471:../../libDaisy//src/hid/disp/display.h **** 
 6240              		.loc 14 471 5 view .LVU1430
 6241 0242 0698     		ldr	r0, [sp, #24]
 6242 0244 09B0     		add	sp, sp, #36
 6243              		.cfi_remember_state
 6244              		.cfi_def_cfa_offset 36
 6245              		@ sp needed
 6246 0246 BDE8F08F 		pop	{r4, r5, r6, r7, r8, r9, r10, fp, pc}
 6247              	.LVL432:
 6248              	.L348:
 6249              		.cfi_restore_state
 6250              	.LBB2054:
 6251              	.LBB1976:
 250:../../libDaisy//src/hid/disp/graphics_common.h ****                 return {int16_t(x_ + (other.GetCenterX() - GetCenterX())),
 6252              		.loc 18 250 13 is_stmt 1 view .LVU1431
 251:../../libDaisy//src/hid/disp/graphics_common.h ****                         int16_t(y_ + (other.GetCenterY() - GetCenterY())),
 6253              		.loc 18 251 17 view .LVU1432
 6254              	.LBB1812:
 6255              	.LBI1812:
  62:../../libDaisy//src/hid/disp/graphics_common.h ****     int16_t GetCenterY() const { return y_ + height_ / 2; }
 6256              		.loc 18 62 13 view .LVU1433
 6257              	.LBB1813:
  62:../../libDaisy//src/hid/disp/graphics_common.h ****     int16_t GetCenterY() const { return y_ + height_ / 2; }
 6258              		.loc 18 62 34 view .LVU1434
  62:../../libDaisy//src/hid/disp/graphics_common.h ****     int16_t GetCenterY() const { return y_ + height_ / 2; }
 6259              		.loc 18 62 34 is_stmt 0 view .LVU1435
 6260              	.LBE1813:
 6261              	.LBE1812:
 6262              	.LBB1815:
 6263              	.LBI1815:
  62:../../libDaisy//src/hid/disp/graphics_common.h ****     int16_t GetCenterY() const { return y_ + height_ / 2; }
 6264              		.loc 18 62 13 is_stmt 1 view .LVU1436
 6265              	.LBB1816:
  62:../../libDaisy//src/hid/disp/graphics_common.h ****     int16_t GetCenterY() const { return y_ + height_ / 2; }
 6266              		.loc 18 62 34 view .LVU1437
  62:../../libDaisy//src/hid/disp/graphics_common.h ****     int16_t GetCenterY() const { return y_ + height_ / 2; }
 6267              		.loc 18 62 34 is_stmt 0 view .LVU1438
 6268              	.LBE1816:
 6269              	.LBE1815:
 6270              	.LBB1817:
 6271              	.LBB1814:
  62:../../libDaisy//src/hid/disp/graphics_common.h ****     int16_t GetCenterY() const { return y_ + height_ / 2; }
 6272              		.loc 18 62 53 view .LVU1439
 6273 024a B4F90410 		ldrsh	r1, [r4, #4]
 6274              	.LVL433:
  62:../../libDaisy//src/hid/disp/graphics_common.h ****     int16_t GetCenterY() const { return y_ + height_ / 2; }
 6275              		.loc 18 62 44 view .LVU1440
 6276 024e 2788     		ldrh	r7, [r4]
  62:../../libDaisy//src/hid/disp/graphics_common.h ****     int16_t GetCenterY() const { return y_ + height_ / 2; }
 6277              		.loc 18 62 53 view .LVU1441
 6278 0250 0029     		cmp	r1, #0
 6279 0252 B8BF     		it	lt
 6280 0254 0131     		addlt	r1, r1, #1
  62:../../libDaisy//src/hid/disp/graphics_common.h ****     int16_t GetCenterY() const { return y_ + height_ / 2; }
ARM GAS  C:\Users\kgpol\AppData\Local\Temp\ccIP7kIm.s 			page 178


 6281              		.loc 18 62 44 view .LVU1442
 6282 0256 07EB6107 		add	r7, r7, r1, asr #1
 6283              	.LBE1814:
 6284              	.LBE1817:
 6285              	.LBB1818:
 6286              	.LBB1790:
  63:../../libDaisy//src/hid/disp/graphics_common.h **** 
 6287              		.loc 18 63 54 view .LVU1443
 6288 025a B4F90610 		ldrsh	r1, [r4, #6]
 6289              	.LBE1790:
 6290              	.LBE1818:
 251:../../libDaisy//src/hid/disp/graphics_common.h ****                         int16_t(y_ + (other.GetCenterY() - GetCenterY())),
 6291              		.loc 18 251 58 view .LVU1444
 6292 025e A7EB6307 		sub	r7, r7, r3, asr #1
 6293              	.LBB1819:
 6294              	.LBB1791:
  63:../../libDaisy//src/hid/disp/graphics_common.h **** 
 6295              		.loc 18 63 54 view .LVU1445
 6296 0262 0029     		cmp	r1, #0
 6297              	.LBE1791:
 6298              	.LBE1819:
 251:../../libDaisy//src/hid/disp/graphics_common.h ****                         int16_t(y_ + (other.GetCenterY() - GetCenterY())),
 6299              		.loc 18 251 58 view .LVU1446
 6300 0264 BFB2     		uxth	r7, r7
 6301              	.LVL434:
 6302              	.LBB1820:
 6303              	.LBI1787:
  63:../../libDaisy//src/hid/disp/graphics_common.h **** 
 6304              		.loc 18 63 13 is_stmt 1 view .LVU1447
 6305              	.LBB1792:
  63:../../libDaisy//src/hid/disp/graphics_common.h **** 
 6306              		.loc 18 63 34 view .LVU1448
  63:../../libDaisy//src/hid/disp/graphics_common.h **** 
 6307              		.loc 18 63 34 is_stmt 0 view .LVU1449
 6308              	.LBE1792:
 6309              	.LBE1820:
 6310              	.LBB1821:
 6311              	.LBI1821:
  63:../../libDaisy//src/hid/disp/graphics_common.h **** 
 6312              		.loc 18 63 13 is_stmt 1 view .LVU1450
 6313              	.LBB1822:
  63:../../libDaisy//src/hid/disp/graphics_common.h **** 
 6314              		.loc 18 63 34 view .LVU1451
  63:../../libDaisy//src/hid/disp/graphics_common.h **** 
 6315              		.loc 18 63 34 is_stmt 0 view .LVU1452
 6316              	.LBE1822:
 6317              	.LBE1821:
 6318              	.LBB1823:
 6319              	.LBB1793:
  63:../../libDaisy//src/hid/disp/graphics_common.h **** 
 6320              		.loc 18 63 54 view .LVU1453
 6321 0266 BFF601AF 		bge	.L355
 6322              	.L411:
  63:../../libDaisy//src/hid/disp/graphics_common.h **** 
 6323              		.loc 18 63 54 view .LVU1454
 6324 026a 0131     		adds	r1, r1, #1
 6325 026c FEE6     		b	.L355
ARM GAS  C:\Users\kgpol\AppData\Local\Temp\ccIP7kIm.s 			page 179


 6326              	.LVL435:
 6327              	.L347:
  63:../../libDaisy//src/hid/disp/graphics_common.h **** 
 6328              		.loc 18 63 54 view .LVU1455
 6329              	.LBE1793:
 6330              	.LBE1823:
 213:../../libDaisy//src/hid/disp/graphics_common.h ****                 return {other.x_, other.y_, width_, height_};
 6331              		.loc 18 213 13 is_stmt 1 view .LVU1456
 214:../../libDaisy//src/hid/disp/graphics_common.h ****             case Alignment::topRight:
 6332              		.loc 18 214 17 view .LVU1457
 214:../../libDaisy//src/hid/disp/graphics_common.h ****             case Alignment::topRight:
 6333              		.loc 18 214 31 is_stmt 0 view .LVU1458
 6334 026e B4F90070 		ldrsh	r7, [r4]
 6335              	.LBB1824:
 6336              	.LBB1825:
 6337              	.LBB1826:
  32:../../libDaisy//src/hid/disp/graphics_common.h ****     {
 6338              		.loc 18 32 66 view .LVU1459
 6339 0272 0699     		ldr	r1, [sp, #24]
 6340              	.LVL436:
  32:../../libDaisy//src/hid/disp/graphics_common.h ****     {
 6341              		.loc 18 32 66 view .LVU1460
 6342              	.LBE1826:
 6343              	.LBE1825:
 6344              	.LBE1824:
 214:../../libDaisy//src/hid/disp/graphics_common.h ****             case Alignment::topRight:
 6345              		.loc 18 214 41 view .LVU1461
 6346 0274 B4F90240 		ldrsh	r4, [r4, #2]
 6347              	.LVL437:
 6348              	.LBB1839:
 6349              	.LBI1824:
  31:../../libDaisy//src/hid/disp/graphics_common.h ****     : x_(x), y_(y), width_(max(0, width)), height_(max(0, height))
 6350              		.loc 18 31 5 is_stmt 1 view .LVU1462
 6351              	.LBB1834:
 6352              	.LBB1829:
  32:../../libDaisy//src/hid/disp/graphics_common.h ****     {
 6353              		.loc 18 32 66 is_stmt 0 view .LVU1463
 6354 0278 0F80     		strh	r7, [r1]	@ movhi
 6355              	.LBE1829:
 6356              	.LBE1834:
 6357              	.LBE1839:
 6358              	.LBE1976:
 6359              	.LBE2054:
 468:../../libDaisy//src/hid/disp/display.h ****         ((ChildType*)(this))->ChildType::WriteString(str, font, on);
 6360              		.loc 14 468 18 view .LVU1464
 6361 027a BFB2     		uxth	r7, r7
 6362              	.LVL438:
 6363              	.LBB2055:
 6364              	.LBB1977:
 6365              	.LBB1840:
 6366              	.LBB1835:
 6367              	.LBB1830:
  32:../../libDaisy//src/hid/disp/graphics_common.h ****     {
 6368              		.loc 18 32 66 view .LVU1465
 6369 027c 4C80     		strh	r4, [r1, #2]	@ movhi
 6370              	.LBE1830:
 6371              	.LBE1835:
ARM GAS  C:\Users\kgpol\AppData\Local\Temp\ccIP7kIm.s 			page 180


 6372              	.LBE1840:
 6373              	.LBE1977:
 6374              	.LBE2055:
 468:../../libDaisy//src/hid/disp/display.h ****         ((ChildType*)(this))->ChildType::WriteString(str, font, on);
 6375              		.loc 14 468 18 view .LVU1466
 6376 027e A4B2     		uxth	r4, r4
 6377              	.LVL439:
 6378              	.LBB2056:
 6379              	.LBB1978:
 6380              	.LBB1841:
 6381              	.LBB1836:
 6382              	.LBB1831:
  32:../../libDaisy//src/hid/disp/graphics_common.h ****     {
 6383              		.loc 18 32 66 view .LVU1467
 6384 0280 8B80     		strh	r3, [r1, #4]	@ movhi
 6385              	.LVL440:
 6386              	.LBB1827:
 6387              	.LBI1827:
 6388              		.loc 18 261 13 is_stmt 1 view .LVU1468
 6389              	.LBE1827:
 6390              	.LBE1831:
 6391              	.LBE1836:
 6392              	.LBE1841:
 6393              	.LBE1978:
 6394              	.LBE2056:
 6395              		.loc 18 261 41 view .LVU1469
 6396              	.LBB2057:
 6397              	.LBB1979:
 6398              	.LBB1842:
 6399              	.LBB1837:
 6400              	.LBB1832:
 6401              	.LBB1828:
 6402              	.LBI1828:
 6403              		.loc 18 261 13 view .LVU1470
 6404              	.LBE1828:
 6405              	.LBE1832:
 6406              	.LBE1837:
 6407              	.LBE1842:
 6408              	.LBE1979:
 6409              	.LBE2057:
 6410              		.loc 18 261 41 view .LVU1471
 6411              	.LBB2058:
 6412              	.LBB1980:
 6413              	.LBB1843:
 6414              	.LBB1838:
 6415              	.LBB1833:
  32:../../libDaisy//src/hid/disp/graphics_common.h ****     {
 6416              		.loc 18 32 66 is_stmt 0 view .LVU1472
 6417 0282 CA80     		strh	r2, [r1, #6]	@ movhi
 6418              	.LBE1833:
  34:../../libDaisy//src/hid/disp/graphics_common.h **** 
 6419              		.loc 18 34 5 view .LVU1473
 6420 0284 FEE6     		b	.L349
 6421              	.LVL441:
 6422              	.L346:
  34:../../libDaisy//src/hid/disp/graphics_common.h **** 
 6423              		.loc 18 34 5 view .LVU1474
ARM GAS  C:\Users\kgpol\AppData\Local\Temp\ccIP7kIm.s 			page 181


 6424              	.LBE1838:
 6425              	.LBE1843:
 220:../../libDaisy//src/hid/disp/graphics_common.h ****                 return {int16_t(x_ + (other.GetCenterX() - GetCenterX())),
 6426              		.loc 18 220 13 is_stmt 1 view .LVU1475
 221:../../libDaisy//src/hid/disp/graphics_common.h ****                         other.y_,
 6427              		.loc 18 221 17 view .LVU1476
 6428              	.LBB1844:
 6429              	.LBI1844:
  62:../../libDaisy//src/hid/disp/graphics_common.h ****     int16_t GetCenterY() const { return y_ + height_ / 2; }
 6430              		.loc 18 62 13 view .LVU1477
 6431              	.LBB1845:
  62:../../libDaisy//src/hid/disp/graphics_common.h ****     int16_t GetCenterY() const { return y_ + height_ / 2; }
 6432              		.loc 18 62 34 view .LVU1478
  62:../../libDaisy//src/hid/disp/graphics_common.h ****     int16_t GetCenterY() const { return y_ + height_ / 2; }
 6433              		.loc 18 62 34 is_stmt 0 view .LVU1479
 6434              	.LBE1845:
 6435              	.LBE1844:
 6436              	.LBB1848:
 6437              	.LBI1848:
  62:../../libDaisy//src/hid/disp/graphics_common.h ****     int16_t GetCenterY() const { return y_ + height_ / 2; }
 6438              		.loc 18 62 13 is_stmt 1 view .LVU1480
 6439              	.LBB1849:
  62:../../libDaisy//src/hid/disp/graphics_common.h ****     int16_t GetCenterY() const { return y_ + height_ / 2; }
 6440              		.loc 18 62 34 view .LVU1481
  62:../../libDaisy//src/hid/disp/graphics_common.h ****     int16_t GetCenterY() const { return y_ + height_ / 2; }
 6441              		.loc 18 62 34 is_stmt 0 view .LVU1482
 6442              	.LBE1849:
 6443              	.LBE1848:
 6444              	.LBB1850:
 6445              	.LBB1846:
  62:../../libDaisy//src/hid/disp/graphics_common.h ****     int16_t GetCenterY() const { return y_ + height_ / 2; }
 6446              		.loc 18 62 53 view .LVU1483
 6447 0286 B4F90410 		ldrsh	r1, [r4, #4]
 6448              	.LVL442:
  62:../../libDaisy//src/hid/disp/graphics_common.h ****     int16_t GetCenterY() const { return y_ + height_ / 2; }
 6449              		.loc 18 62 44 view .LVU1484
 6450 028a 2788     		ldrh	r7, [r4]
  62:../../libDaisy//src/hid/disp/graphics_common.h ****     int16_t GetCenterY() const { return y_ + height_ / 2; }
 6451              		.loc 18 62 53 view .LVU1485
 6452 028c 0029     		cmp	r1, #0
 6453              	.LBE1846:
 6454              	.LBE1850:
 222:../../libDaisy//src/hid/disp/graphics_common.h ****                         width_,
 6455              		.loc 18 222 31 view .LVU1486
 6456 028e B4F90240 		ldrsh	r4, [r4, #2]
 6457              	.LVL443:
 6458              	.LBB1851:
 6459              	.LBB1847:
  62:../../libDaisy//src/hid/disp/graphics_common.h ****     int16_t GetCenterY() const { return y_ + height_ / 2; }
 6460              		.loc 18 62 53 view .LVU1487
 6461 0292 B8BF     		it	lt
 6462 0294 0131     		addlt	r1, r1, #1
  62:../../libDaisy//src/hid/disp/graphics_common.h ****     int16_t GetCenterY() const { return y_ + height_ / 2; }
 6463              		.loc 18 62 44 view .LVU1488
 6464 0296 07EB6107 		add	r7, r7, r1, asr #1
 6465              	.LBE1847:
 6466              	.LBE1851:
ARM GAS  C:\Users\kgpol\AppData\Local\Temp\ccIP7kIm.s 			page 182


 6467              	.LBB1852:
 6468              	.LBB1853:
 6469              	.LBB1854:
  32:../../libDaisy//src/hid/disp/graphics_common.h ****     {
 6470              		.loc 18 32 66 view .LVU1489
 6471 029a 0699     		ldr	r1, [sp, #24]
 6472 029c 8B80     		strh	r3, [r1, #4]	@ movhi
 6473              	.LBE1854:
 6474              	.LBE1853:
 6475              	.LBE1852:
 221:../../libDaisy//src/hid/disp/graphics_common.h ****                         other.y_,
 6476              		.loc 18 221 58 view .LVU1490
 6477 029e A7EB6303 		sub	r3, r7, r3, asr #1
 6478              	.LBB1865:
 6479              	.LBB1861:
 6480              	.LBB1857:
  32:../../libDaisy//src/hid/disp/graphics_common.h ****     {
 6481              		.loc 18 32 66 view .LVU1491
 6482 02a2 4C80     		strh	r4, [r1, #2]	@ movhi
 6483              	.LBE1857:
 6484              	.LBE1861:
 6485              	.LBE1865:
 6486              	.LBE1980:
 6487              	.LBE2058:
 468:../../libDaisy//src/hid/disp/display.h ****         ((ChildType*)(this))->ChildType::WriteString(str, font, on);
 6488              		.loc 14 468 18 view .LVU1492
 6489 02a4 A4B2     		uxth	r4, r4
 6490              	.LBB2059:
 6491              	.LBB1981:
 221:../../libDaisy//src/hid/disp/graphics_common.h ****                         other.y_,
 6492              		.loc 18 221 58 view .LVU1493
 6493 02a6 9FB2     		uxth	r7, r3
 6494              	.LVL444:
 6495              	.LBB1866:
 6496              	.LBI1852:
  31:../../libDaisy//src/hid/disp/graphics_common.h ****     : x_(x), y_(y), width_(max(0, width)), height_(max(0, height))
 6497              		.loc 18 31 5 is_stmt 1 view .LVU1494
 6498              	.LBB1862:
 6499              	.LBB1858:
 6500              	.LBB1855:
 6501              	.LBI1855:
 6502              		.loc 18 261 13 view .LVU1495
 6503              	.LBE1855:
 6504              	.LBE1858:
 6505              	.LBE1862:
 6506              	.LBE1866:
 6507              	.LBE1981:
 6508              	.LBE2059:
 6509              		.loc 18 261 41 view .LVU1496
 6510              	.LBB2060:
 6511              	.LBB1982:
 6512              	.LBB1867:
 6513              	.LBB1863:
 6514              	.LBB1859:
 6515              	.LBB1856:
 6516              	.LBI1856:
 6517              		.loc 18 261 13 view .LVU1497
ARM GAS  C:\Users\kgpol\AppData\Local\Temp\ccIP7kIm.s 			page 183


 6518              	.LBE1856:
 6519              	.LBE1859:
 6520              	.LBE1863:
 6521              	.LBE1867:
 6522              	.LBE1982:
 6523              	.LBE2060:
 6524              		.loc 18 261 41 view .LVU1498
 6525              	.LBB2061:
 6526              	.LBB1983:
 6527              	.LBB1868:
 6528              	.LBB1864:
 6529              	.LBB1860:
  32:../../libDaisy//src/hid/disp/graphics_common.h ****     {
 6530              		.loc 18 32 66 is_stmt 0 view .LVU1499
 6531 02a8 CA80     		strh	r2, [r1, #6]	@ movhi
 6532 02aa 0F80     		strh	r7, [r1]	@ movhi
 6533              	.LBE1860:
  34:../../libDaisy//src/hid/disp/graphics_common.h **** 
 6534              		.loc 18 34 5 view .LVU1500
 6535 02ac EAE6     		b	.L349
 6536              	.LVL445:
 6537              	.L345:
  34:../../libDaisy//src/hid/disp/graphics_common.h **** 
 6538              		.loc 18 34 5 view .LVU1501
 6539              	.LBE1864:
 6540              	.LBE1868:
 215:../../libDaisy//src/hid/disp/graphics_common.h ****                 return {int16_t(other.GetRight() - width_),
 6541              		.loc 18 215 13 is_stmt 1 view .LVU1502
 216:../../libDaisy//src/hid/disp/graphics_common.h ****                         other.y_,
 6542              		.loc 18 216 17 view .LVU1503
 6543              	.LBB1869:
 6544              	.LBI1869:
  60:../../libDaisy//src/hid/disp/graphics_common.h ****     int16_t GetBottom() const { return y_ + height_; }
 6545              		.loc 18 60 13 view .LVU1504
 6546              	.LBB1870:
  60:../../libDaisy//src/hid/disp/graphics_common.h ****     int16_t GetBottom() const { return y_ + height_; }
 6547              		.loc 18 60 32 view .LVU1505
  60:../../libDaisy//src/hid/disp/graphics_common.h ****     int16_t GetBottom() const { return y_ + height_; }
 6548              		.loc 18 60 42 is_stmt 0 view .LVU1506
 6549 02ae A188     		ldrh	r1, [r4, #4]
 6550              	.LVL446:
  60:../../libDaisy//src/hid/disp/graphics_common.h ****     int16_t GetBottom() const { return y_ + height_; }
 6551              		.loc 18 60 42 view .LVU1507
 6552 02b0 2788     		ldrh	r7, [r4]
 6553              	.LBE1870:
 6554              	.LBE1869:
 217:../../libDaisy//src/hid/disp/graphics_common.h ****                         width_,
 6555              		.loc 18 217 31 view .LVU1508
 6556 02b2 B4F90240 		ldrsh	r4, [r4, #2]
 6557              	.LVL447:
 6558              	.LBB1872:
 6559              	.LBB1871:
  60:../../libDaisy//src/hid/disp/graphics_common.h ****     int16_t GetBottom() const { return y_ + height_; }
 6560              		.loc 18 60 42 view .LVU1509
 6561 02b6 0F44     		add	r7, r7, r1
 6562              	.LBE1871:
 6563              	.LBE1872:
ARM GAS  C:\Users\kgpol\AppData\Local\Temp\ccIP7kIm.s 			page 184


 6564              	.LBB1873:
 6565              	.LBB1874:
 6566              	.LBB1875:
  32:../../libDaisy//src/hid/disp/graphics_common.h ****     {
 6567              		.loc 18 32 66 view .LVU1510
 6568 02b8 0699     		ldr	r1, [sp, #24]
 6569 02ba 8B80     		strh	r3, [r1, #4]	@ movhi
 6570              	.LBE1875:
 6571              	.LBE1874:
 6572              	.LBE1873:
 216:../../libDaisy//src/hid/disp/graphics_common.h ****                         other.y_,
 6573              		.loc 18 216 50 view .LVU1511
 6574 02bc FB1A     		subs	r3, r7, r3
 6575              	.LBB1886:
 6576              	.LBB1882:
 6577              	.LBB1878:
  32:../../libDaisy//src/hid/disp/graphics_common.h ****     {
 6578              		.loc 18 32 66 view .LVU1512
 6579 02be 4C80     		strh	r4, [r1, #2]	@ movhi
 6580              	.LBE1878:
 6581              	.LBE1882:
 6582              	.LBE1886:
 6583              	.LBE1983:
 6584              	.LBE2061:
 468:../../libDaisy//src/hid/disp/display.h ****         ((ChildType*)(this))->ChildType::WriteString(str, font, on);
 6585              		.loc 14 468 18 view .LVU1513
 6586 02c0 A4B2     		uxth	r4, r4
 6587              	.LBB2062:
 6588              	.LBB1984:
 216:../../libDaisy//src/hid/disp/graphics_common.h ****                         other.y_,
 6589              		.loc 18 216 50 view .LVU1514
 6590 02c2 9FB2     		uxth	r7, r3
 6591              	.LVL448:
 6592              	.LBB1887:
 6593              	.LBI1873:
  31:../../libDaisy//src/hid/disp/graphics_common.h ****     : x_(x), y_(y), width_(max(0, width)), height_(max(0, height))
 6594              		.loc 18 31 5 is_stmt 1 view .LVU1515
 6595              	.LBB1883:
 6596              	.LBB1879:
 6597              	.LBB1876:
 6598              	.LBI1876:
 6599              		.loc 18 261 13 view .LVU1516
 6600              	.LBE1876:
 6601              	.LBE1879:
 6602              	.LBE1883:
 6603              	.LBE1887:
 6604              	.LBE1984:
 6605              	.LBE2062:
 6606              		.loc 18 261 41 view .LVU1517
 6607              	.LBB2063:
 6608              	.LBB1985:
 6609              	.LBB1888:
 6610              	.LBB1884:
 6611              	.LBB1880:
 6612              	.LBB1877:
 6613              	.LBI1877:
 6614              		.loc 18 261 13 view .LVU1518
ARM GAS  C:\Users\kgpol\AppData\Local\Temp\ccIP7kIm.s 			page 185


 6615              	.LBE1877:
 6616              	.LBE1880:
 6617              	.LBE1884:
 6618              	.LBE1888:
 6619              	.LBE1985:
 6620              	.LBE2063:
 6621              		.loc 18 261 41 view .LVU1519
 6622              	.LBB2064:
 6623              	.LBB1986:
 6624              	.LBB1889:
 6625              	.LBB1885:
 6626              	.LBB1881:
  32:../../libDaisy//src/hid/disp/graphics_common.h ****     {
 6627              		.loc 18 32 66 is_stmt 0 view .LVU1520
 6628 02c4 CA80     		strh	r2, [r1, #6]	@ movhi
 6629 02c6 0F80     		strh	r7, [r1]	@ movhi
 6630              	.LBE1881:
  34:../../libDaisy//src/hid/disp/graphics_common.h **** 
 6631              		.loc 18 34 5 view .LVU1521
 6632 02c8 DCE6     		b	.L349
 6633              	.LVL449:
 6634              	.L344:
  34:../../libDaisy//src/hid/disp/graphics_common.h **** 
 6635              		.loc 18 34 5 view .LVU1522
 6636              	.LBE1885:
 6637              	.LBE1889:
 225:../../libDaisy//src/hid/disp/graphics_common.h ****                 return {other.x_,
 6638              		.loc 18 225 13 is_stmt 1 view .LVU1523
 226:../../libDaisy//src/hid/disp/graphics_common.h ****                         int16_t(other.GetBottom() - height_),
 6639              		.loc 18 226 17 view .LVU1524
 6640              	.LBB1890:
 6641              	.LBB1891:
  61:../../libDaisy//src/hid/disp/graphics_common.h ****     int16_t GetCenterX() const { return x_ + width_ / 2; }
 6642              		.loc 18 61 43 is_stmt 0 view .LVU1525
 6643 02ca E788     		ldrh	r7, [r4, #6]
 6644 02cc 6188     		ldrh	r1, [r4, #2]
 6645              	.LVL450:
  61:../../libDaisy//src/hid/disp/graphics_common.h ****     int16_t GetCenterX() const { return x_ + width_ / 2; }
 6646              		.loc 18 61 43 view .LVU1526
 6647 02ce 3944     		add	r1, r1, r7
 6648              	.LBE1891:
 6649              	.LBE1890:
 226:../../libDaisy//src/hid/disp/graphics_common.h ****                         int16_t(other.GetBottom() - height_),
 6650              		.loc 18 226 31 view .LVU1527
 6651 02d0 B4F90070 		ldrsh	r7, [r4]
 227:../../libDaisy//src/hid/disp/graphics_common.h ****                         width_,
 6652              		.loc 18 227 51 view .LVU1528
 6653 02d4 081A     		subs	r0, r1, r0
 6654              	.LVL451:
 6655              	.LBB1893:
 6656              	.LBI1890:
  61:../../libDaisy//src/hid/disp/graphics_common.h ****     int16_t GetCenterX() const { return x_ + width_ / 2; }
 6657              		.loc 18 61 13 is_stmt 1 view .LVU1529
 6658              	.LBB1892:
  61:../../libDaisy//src/hid/disp/graphics_common.h ****     int16_t GetCenterX() const { return x_ + width_ / 2; }
 6659              		.loc 18 61 33 view .LVU1530
  61:../../libDaisy//src/hid/disp/graphics_common.h ****     int16_t GetCenterX() const { return x_ + width_ / 2; }
ARM GAS  C:\Users\kgpol\AppData\Local\Temp\ccIP7kIm.s 			page 186


 6660              		.loc 18 61 33 is_stmt 0 view .LVU1531
 6661              	.LBE1892:
 6662              	.LBE1893:
 6663              	.LBB1894:
 6664              	.LBB1895:
 6665              	.LBB1896:
  32:../../libDaisy//src/hid/disp/graphics_common.h ****     {
 6666              		.loc 18 32 66 view .LVU1532
 6667 02d6 0699     		ldr	r1, [sp, #24]
 6668              	.LBE1896:
 6669              	.LBE1895:
 6670              	.LBE1894:
 227:../../libDaisy//src/hid/disp/graphics_common.h ****                         width_,
 6671              		.loc 18 227 51 view .LVU1533
 6672 02d8 84B2     		uxth	r4, r0
 6673              	.LVL452:
 6674              	.LBB1906:
 6675              	.LBB1902:
 6676              	.LBB1899:
  32:../../libDaisy//src/hid/disp/graphics_common.h ****     {
 6677              		.loc 18 32 66 view .LVU1534
 6678 02da 0F80     		strh	r7, [r1]	@ movhi
 6679 02dc 8B80     		strh	r3, [r1, #4]	@ movhi
 6680              	.LVL453:
  32:../../libDaisy//src/hid/disp/graphics_common.h ****     {
 6681              		.loc 18 32 66 view .LVU1535
 6682              	.LBE1899:
 6683              	.LBE1902:
 6684              	.LBI1894:
  31:../../libDaisy//src/hid/disp/graphics_common.h ****     : x_(x), y_(y), width_(max(0, width)), height_(max(0, height))
 6685              		.loc 18 31 5 is_stmt 1 view .LVU1536
 6686              	.LBE1906:
 6687              	.LBE1986:
 6688              	.LBE2064:
 468:../../libDaisy//src/hid/disp/display.h ****         ((ChildType*)(this))->ChildType::WriteString(str, font, on);
 6689              		.loc 14 468 18 is_stmt 0 view .LVU1537
 6690 02de BFB2     		uxth	r7, r7
 6691              	.LVL454:
 6692              	.LBB2065:
 6693              	.LBB1987:
 6694              	.LBB1907:
 6695              	.LBB1903:
 6696              	.LBB1900:
  32:../../libDaisy//src/hid/disp/graphics_common.h ****     {
 6697              		.loc 18 32 66 view .LVU1538
 6698 02e0 CA80     		strh	r2, [r1, #6]	@ movhi
 6699 02e2 4C80     		strh	r4, [r1, #2]	@ movhi
 6700              	.LVL455:
 6701              	.LBB1897:
 6702              	.LBI1897:
 6703              		.loc 18 261 13 is_stmt 1 view .LVU1539
 6704              	.LBE1897:
 6705              	.LBE1900:
 6706              	.LBE1903:
 6707              	.LBE1907:
 6708              	.LBE1987:
 6709              	.LBE2065:
ARM GAS  C:\Users\kgpol\AppData\Local\Temp\ccIP7kIm.s 			page 187


 6710              		.loc 18 261 41 view .LVU1540
 6711              	.LBB2066:
 6712              	.LBB1988:
 6713              	.LBB1908:
 6714              	.LBB1904:
 6715              	.LBB1901:
 6716              	.LBB1898:
 6717              	.LBI1898:
 6718              		.loc 18 261 13 view .LVU1541
 6719              	.LBE1898:
 6720              	.LBE1901:
 6721              	.LBE1904:
 6722              	.LBE1908:
 6723              	.LBE1988:
 6724              	.LBE2066:
 6725              		.loc 18 261 41 view .LVU1542
 6726              	.LBB2067:
 6727              	.LBB1989:
 6728              	.LBB1909:
 6729              	.LBB1905:
  34:../../libDaisy//src/hid/disp/graphics_common.h **** 
 6730              		.loc 18 34 5 is_stmt 0 view .LVU1543
 6731 02e4 CEE6     		b	.L349
 6732              	.LVL456:
 6733              	.L343:
  34:../../libDaisy//src/hid/disp/graphics_common.h **** 
 6734              		.loc 18 34 5 view .LVU1544
 6735              	.LBE1905:
 6736              	.LBE1909:
 235:../../libDaisy//src/hid/disp/graphics_common.h ****                 return {int16_t(x_ + (other.GetCenterX() - GetCenterX())),
 6737              		.loc 18 235 13 is_stmt 1 view .LVU1545
 236:../../libDaisy//src/hid/disp/graphics_common.h ****                         int16_t(other.GetBottom() - height_),
 6738              		.loc 18 236 17 view .LVU1546
 6739              	.LBB1910:
 6740              	.LBI1910:
  62:../../libDaisy//src/hid/disp/graphics_common.h ****     int16_t GetCenterY() const { return y_ + height_ / 2; }
 6741              		.loc 18 62 13 view .LVU1547
 6742              	.LBB1911:
  62:../../libDaisy//src/hid/disp/graphics_common.h ****     int16_t GetCenterY() const { return y_ + height_ / 2; }
 6743              		.loc 18 62 34 view .LVU1548
  62:../../libDaisy//src/hid/disp/graphics_common.h ****     int16_t GetCenterY() const { return y_ + height_ / 2; }
 6744              		.loc 18 62 34 is_stmt 0 view .LVU1549
 6745              	.LBE1911:
 6746              	.LBE1910:
 6747              	.LBB1913:
 6748              	.LBI1913:
  62:../../libDaisy//src/hid/disp/graphics_common.h ****     int16_t GetCenterY() const { return y_ + height_ / 2; }
 6749              		.loc 18 62 13 is_stmt 1 view .LVU1550
 6750              	.LBB1914:
  62:../../libDaisy//src/hid/disp/graphics_common.h ****     int16_t GetCenterY() const { return y_ + height_ / 2; }
 6751              		.loc 18 62 34 view .LVU1551
  62:../../libDaisy//src/hid/disp/graphics_common.h ****     int16_t GetCenterY() const { return y_ + height_ / 2; }
 6752              		.loc 18 62 34 is_stmt 0 view .LVU1552
 6753              	.LBE1914:
 6754              	.LBE1913:
 6755              	.LBB1915:
 6756              	.LBB1912:
ARM GAS  C:\Users\kgpol\AppData\Local\Temp\ccIP7kIm.s 			page 188


  62:../../libDaisy//src/hid/disp/graphics_common.h ****     int16_t GetCenterY() const { return y_ + height_ / 2; }
 6757              		.loc 18 62 53 view .LVU1553
 6758 02e6 B4F90410 		ldrsh	r1, [r4, #4]
 6759              	.LVL457:
  62:../../libDaisy//src/hid/disp/graphics_common.h ****     int16_t GetCenterY() const { return y_ + height_ / 2; }
 6760              		.loc 18 62 44 view .LVU1554
 6761 02ea 2788     		ldrh	r7, [r4]
  62:../../libDaisy//src/hid/disp/graphics_common.h ****     int16_t GetCenterY() const { return y_ + height_ / 2; }
 6762              		.loc 18 62 53 view .LVU1555
 6763 02ec 0029     		cmp	r1, #0
 6764 02ee B8BF     		it	lt
 6765 02f0 0131     		addlt	r1, r1, #1
  62:../../libDaisy//src/hid/disp/graphics_common.h ****     int16_t GetCenterY() const { return y_ + height_ / 2; }
 6766              		.loc 18 62 44 view .LVU1556
 6767 02f2 07EB6107 		add	r7, r7, r1, asr #1
 6768              	.LBE1912:
 6769              	.LBE1915:
 236:../../libDaisy//src/hid/disp/graphics_common.h ****                         int16_t(other.GetBottom() - height_),
 6770              		.loc 18 236 58 view .LVU1557
 6771 02f6 A7EB6307 		sub	r7, r7, r3, asr #1
 6772              	.L409:
 6773              	.LBB1916:
 6774              	.LBB1917:
  61:../../libDaisy//src/hid/disp/graphics_common.h ****     int16_t GetCenterX() const { return x_ + width_ / 2; }
 6775              		.loc 18 61 43 view .LVU1558
 6776 02fa B4F802C0 		ldrh	ip, [r4, #2]
 6777              	.LBE1917:
 6778              	.LBE1916:
 236:../../libDaisy//src/hid/disp/graphics_common.h ****                         int16_t(other.GetBottom() - height_),
 6779              		.loc 18 236 58 view .LVU1559
 6780 02fe BFB2     		uxth	r7, r7
 6781              	.LVL458:
 6782              	.LBB1920:
 6783              	.LBI1916:
  61:../../libDaisy//src/hid/disp/graphics_common.h ****     int16_t GetCenterX() const { return x_ + width_ / 2; }
 6784              		.loc 18 61 13 is_stmt 1 view .LVU1560
 6785              	.LBB1918:
  61:../../libDaisy//src/hid/disp/graphics_common.h ****     int16_t GetCenterX() const { return x_ + width_ / 2; }
 6786              		.loc 18 61 33 view .LVU1561
  61:../../libDaisy//src/hid/disp/graphics_common.h ****     int16_t GetCenterX() const { return x_ + width_ / 2; }
 6787              		.loc 18 61 43 is_stmt 0 view .LVU1562
 6788 0300 E488     		ldrh	r4, [r4, #6]
 6789              	.LVL459:
  61:../../libDaisy//src/hid/disp/graphics_common.h ****     int16_t GetCenterX() const { return x_ + width_ / 2; }
 6790              		.loc 18 61 43 view .LVU1563
 6791              	.LBE1918:
 6792              	.LBE1920:
 6793              	.LBB1921:
 6794              	.LBB1922:
 6795              	.LBB1923:
  32:../../libDaisy//src/hid/disp/graphics_common.h ****     {
 6796              		.loc 18 32 66 view .LVU1564
 6797 0302 0699     		ldr	r1, [sp, #24]
 6798              	.LBE1923:
 6799              	.LBE1922:
 6800              	.LBE1921:
 6801              	.LBB1935:
ARM GAS  C:\Users\kgpol\AppData\Local\Temp\ccIP7kIm.s 			page 189


 6802              	.LBB1919:
  61:../../libDaisy//src/hid/disp/graphics_common.h ****     int16_t GetCenterX() const { return x_ + width_ / 2; }
 6803              		.loc 18 61 43 view .LVU1565
 6804 0304 6444     		add	r4, r4, ip
 6805              	.LBE1919:
 6806              	.LBE1935:
 6807              	.LBB1936:
 6808              	.LBB1930:
 6809              	.LBB1926:
  32:../../libDaisy//src/hid/disp/graphics_common.h ****     {
 6810              		.loc 18 32 66 view .LVU1566
 6811 0306 8B80     		strh	r3, [r1, #4]	@ movhi
 6812              	.LBE1926:
 6813              	.LBE1930:
 6814              	.LBE1936:
 237:../../libDaisy//src/hid/disp/graphics_common.h ****                         width_,
 6815              		.loc 18 237 51 view .LVU1567
 6816 0308 201A     		subs	r0, r4, r0
 6817              	.LBB1937:
 6818              	.LBB1931:
 6819              	.LBB1927:
  32:../../libDaisy//src/hid/disp/graphics_common.h ****     {
 6820              		.loc 18 32 66 view .LVU1568
 6821 030a CA80     		strh	r2, [r1, #6]	@ movhi
 6822 030c 0F80     		strh	r7, [r1]	@ movhi
 6823              	.LBE1927:
 6824              	.LBE1931:
 6825              	.LBE1937:
 237:../../libDaisy//src/hid/disp/graphics_common.h ****                         width_,
 6826              		.loc 18 237 51 view .LVU1569
 6827 030e 84B2     		uxth	r4, r0
 6828              	.LVL460:
 6829              	.LBB1938:
 6830              	.LBI1921:
  31:../../libDaisy//src/hid/disp/graphics_common.h ****     : x_(x), y_(y), width_(max(0, width)), height_(max(0, height))
 6831              		.loc 18 31 5 is_stmt 1 view .LVU1570
 6832              	.LBB1932:
 6833              	.LBB1928:
  32:../../libDaisy//src/hid/disp/graphics_common.h ****     {
 6834              		.loc 18 32 66 is_stmt 0 view .LVU1571
 6835 0310 4C80     		strh	r4, [r1, #2]	@ movhi
 6836              	.LVL461:
 6837              	.LBB1924:
 6838              	.LBI1924:
 6839              		.loc 18 261 13 is_stmt 1 view .LVU1572
 6840              	.LBE1924:
 6841              	.LBE1928:
 6842              	.LBE1932:
 6843              	.LBE1938:
 6844              	.LBE1989:
 6845              	.LBE2067:
 6846              		.loc 18 261 41 view .LVU1573
 6847              	.LBB2068:
 6848              	.LBB1990:
 6849              	.LBB1939:
 6850              	.LBB1933:
 6851              	.LBB1929:
ARM GAS  C:\Users\kgpol\AppData\Local\Temp\ccIP7kIm.s 			page 190


 6852              	.LBB1925:
 6853              	.LBI1925:
 6854              		.loc 18 261 13 view .LVU1574
 6855              	.LBE1925:
 6856              	.LBE1929:
 6857              	.LBE1933:
 6858              	.LBE1939:
 6859              	.LBE1990:
 6860              	.LBE2068:
 6861              		.loc 18 261 41 view .LVU1575
 6862              	.LBB2069:
 6863              	.LBB1991:
 6864              	.LBB1940:
 6865              	.LBB1934:
  34:../../libDaisy//src/hid/disp/graphics_common.h **** 
 6866              		.loc 18 34 5 is_stmt 0 view .LVU1576
 6867 0312 B7E6     		b	.L349
 6868              	.LVL462:
 6869              	.L342:
  34:../../libDaisy//src/hid/disp/graphics_common.h **** 
 6870              		.loc 18 34 5 view .LVU1577
 6871              	.LBE1934:
 6872              	.LBE1940:
 230:../../libDaisy//src/hid/disp/graphics_common.h ****                 return {int16_t(other.GetRight() - width_),
 6873              		.loc 18 230 13 is_stmt 1 view .LVU1578
 231:../../libDaisy//src/hid/disp/graphics_common.h ****                         int16_t(other.GetBottom() - height_),
 6874              		.loc 18 231 17 view .LVU1579
 6875              	.LBB1941:
 6876              	.LBI1941:
  60:../../libDaisy//src/hid/disp/graphics_common.h ****     int16_t GetBottom() const { return y_ + height_; }
 6877              		.loc 18 60 13 view .LVU1580
 6878              	.LBB1942:
  60:../../libDaisy//src/hid/disp/graphics_common.h ****     int16_t GetBottom() const { return y_ + height_; }
 6879              		.loc 18 60 32 view .LVU1581
  60:../../libDaisy//src/hid/disp/graphics_common.h ****     int16_t GetBottom() const { return y_ + height_; }
 6880              		.loc 18 60 42 is_stmt 0 view .LVU1582
 6881 0314 2788     		ldrh	r7, [r4]
 6882 0316 A188     		ldrh	r1, [r4, #4]
 6883              	.LVL463:
  60:../../libDaisy//src/hid/disp/graphics_common.h ****     int16_t GetBottom() const { return y_ + height_; }
 6884              		.loc 18 60 42 view .LVU1583
 6885 0318 0F44     		add	r7, r7, r1
 6886              	.LBE1942:
 6887              	.LBE1941:
 231:../../libDaisy//src/hid/disp/graphics_common.h ****                         int16_t(other.GetBottom() - height_),
 6888              		.loc 18 231 50 view .LVU1584
 6889 031a FF1A     		subs	r7, r7, r3
 6890 031c EDE7     		b	.L409
 6891              	.L422:
 6892 031e 00BF     		.align	2
 6893              	.L421:
 6894 0320 00000000 		.word	_ZNK5daisy11OledDisplayINS_13SSD130xDriverILj128ELj64ENS_24SSD130x4WireSpiTransportEEEE5Widt
 6895 0324 00000000 		.word	_ZNK5daisy11OledDisplayINS_13SSD130xDriverILj128ELj64ENS_24SSD130x4WireSpiTransportEEEE6Heig
 6896              	.LVL464:
 6897              	.L341:
 240:../../libDaisy//src/hid/disp/graphics_common.h ****                 return {other.x_,
 6898              		.loc 18 240 13 is_stmt 1 view .LVU1585
ARM GAS  C:\Users\kgpol\AppData\Local\Temp\ccIP7kIm.s 			page 191


 241:../../libDaisy//src/hid/disp/graphics_common.h ****                         int16_t(y_ + (other.GetCenterY() - GetCenterY())),
 6899              		.loc 18 241 17 view .LVU1586
 6900              	.LBB1943:
 6901              	.LBB1944:
  63:../../libDaisy//src/hid/disp/graphics_common.h **** 
 6902              		.loc 18 63 54 is_stmt 0 view .LVU1587
 6903 0328 B4F90610 		ldrsh	r1, [r4, #6]
 6904              	.LVL465:
  63:../../libDaisy//src/hid/disp/graphics_common.h **** 
 6905              		.loc 18 63 44 view .LVU1588
 6906 032c B4F802C0 		ldrh	ip, [r4, #2]
  63:../../libDaisy//src/hid/disp/graphics_common.h **** 
 6907              		.loc 18 63 54 view .LVU1589
 6908 0330 0029     		cmp	r1, #0
 6909              	.LBE1944:
 6910              	.LBE1943:
 241:../../libDaisy//src/hid/disp/graphics_common.h ****                         int16_t(y_ + (other.GetCenterY() - GetCenterY())),
 6911              		.loc 18 241 31 view .LVU1590
 6912 0332 B4F90070 		ldrsh	r7, [r4]
 6913              	.LVL466:
 6914              	.LBB1948:
 6915              	.LBI1943:
  63:../../libDaisy//src/hid/disp/graphics_common.h **** 
 6916              		.loc 18 63 13 is_stmt 1 view .LVU1591
 6917              	.LBB1945:
  63:../../libDaisy//src/hid/disp/graphics_common.h **** 
 6918              		.loc 18 63 34 view .LVU1592
  63:../../libDaisy//src/hid/disp/graphics_common.h **** 
 6919              		.loc 18 63 34 is_stmt 0 view .LVU1593
 6920              	.LBE1945:
 6921              	.LBE1948:
 6922              	.LBB1949:
 6923              	.LBI1949:
  63:../../libDaisy//src/hid/disp/graphics_common.h **** 
 6924              		.loc 18 63 13 is_stmt 1 view .LVU1594
 6925              	.LBB1950:
  63:../../libDaisy//src/hid/disp/graphics_common.h **** 
 6926              		.loc 18 63 34 view .LVU1595
  63:../../libDaisy//src/hid/disp/graphics_common.h **** 
 6927              		.loc 18 63 34 is_stmt 0 view .LVU1596
 6928              	.LBE1950:
 6929              	.LBE1949:
 6930              	.LBB1951:
 6931              	.LBB1952:
 6932              	.LBB1953:
  32:../../libDaisy//src/hid/disp/graphics_common.h ****     {
 6933              		.loc 18 32 66 view .LVU1597
 6934 0336 0698     		ldr	r0, [sp, #24]
 6935              	.LBE1953:
 6936              	.LBE1952:
 6937              	.LBE1951:
 6938              	.LBB1965:
 6939              	.LBB1946:
  63:../../libDaisy//src/hid/disp/graphics_common.h **** 
 6940              		.loc 18 63 54 view .LVU1598
 6941 0338 B8BF     		it	lt
 6942 033a 0131     		addlt	r1, r1, #1
ARM GAS  C:\Users\kgpol\AppData\Local\Temp\ccIP7kIm.s 			page 192


 6943              	.LBE1946:
 6944              	.LBE1965:
 6945              	.LBB1966:
 6946              	.LBB1960:
 6947              	.LBB1956:
  32:../../libDaisy//src/hid/disp/graphics_common.h ****     {
 6948              		.loc 18 32 66 view .LVU1599
 6949 033c C280     		strh	r2, [r0, #6]	@ movhi
 6950              	.LBE1956:
 6951              	.LBE1960:
 6952              	.LBE1966:
 6953              	.LBB1967:
 6954              	.LBB1947:
  63:../../libDaisy//src/hid/disp/graphics_common.h **** 
 6955              		.loc 18 63 44 view .LVU1600
 6956 033e 0CEB6104 		add	r4, ip, r1, asr #1
 6957              	.LVL467:
  63:../../libDaisy//src/hid/disp/graphics_common.h **** 
 6958              		.loc 18 63 44 view .LVU1601
 6959              	.LBE1947:
 6960              	.LBE1967:
 6961              	.LBB1968:
 6962              	.LBB1961:
 6963              	.LBB1957:
  32:../../libDaisy//src/hid/disp/graphics_common.h ****     {
 6964              		.loc 18 32 66 view .LVU1602
 6965 0342 0780     		strh	r7, [r0]	@ movhi
 6966 0344 8380     		strh	r3, [r0, #4]	@ movhi
 6967              	.LBE1957:
 6968              	.LBE1961:
 6969              	.LBE1968:
 6970              	.LBE1991:
 6971              	.LBE2069:
 468:../../libDaisy//src/hid/disp/display.h ****         ((ChildType*)(this))->ChildType::WriteString(str, font, on);
 6972              		.loc 14 468 18 view .LVU1603
 6973 0346 BFB2     		uxth	r7, r7
 6974              	.LBB2070:
 6975              	.LBB1992:
 242:../../libDaisy//src/hid/disp/graphics_common.h ****                         width_,
 6976              		.loc 18 242 58 view .LVU1604
 6977 0348 A4EB5202 		sub	r2, r4, r2, lsr #1
 6978 034c 94B2     		uxth	r4, r2
 6979              	.LVL468:
 6980              	.LBB1969:
 6981              	.LBI1951:
  31:../../libDaisy//src/hid/disp/graphics_common.h ****     : x_(x), y_(y), width_(max(0, width)), height_(max(0, height))
 6982              		.loc 18 31 5 is_stmt 1 view .LVU1605
 6983              	.LBB1962:
 6984              	.LBB1958:
  32:../../libDaisy//src/hid/disp/graphics_common.h ****     {
 6985              		.loc 18 32 66 is_stmt 0 view .LVU1606
 6986 034e 4480     		strh	r4, [r0, #2]	@ movhi
 6987              	.LVL469:
 6988              	.LBB1954:
 6989              	.LBI1954:
 6990              		.loc 18 261 13 is_stmt 1 view .LVU1607
 6991              	.LBE1954:
ARM GAS  C:\Users\kgpol\AppData\Local\Temp\ccIP7kIm.s 			page 193


 6992              	.LBE1958:
 6993              	.LBE1962:
 6994              	.LBE1969:
 6995              	.LBE1992:
 6996              	.LBE2070:
 6997              		.loc 18 261 41 view .LVU1608
 6998              	.LBB2071:
 6999              	.LBB1993:
 7000              	.LBB1970:
 7001              	.LBB1963:
 7002              	.LBB1959:
 7003              	.LBB1955:
 7004              	.LBI1955:
 7005              		.loc 18 261 13 view .LVU1609
 7006              	.LBE1955:
 7007              	.LBE1959:
 7008              	.LBE1963:
 7009              	.LBE1970:
 7010              	.LBE1993:
 7011              	.LBE2071:
 7012              		.loc 18 261 41 view .LVU1610
 7013              	.LBB2072:
 7014              	.LBB1994:
 7015              	.LBB1971:
 7016              	.LBB1964:
  34:../../libDaisy//src/hid/disp/graphics_common.h **** 
 7017              		.loc 18 34 5 is_stmt 0 view .LVU1611
 7018 0350 98E6     		b	.L349
 7019              	.LVL470:
 7020              	.L369:
  34:../../libDaisy//src/hid/disp/graphics_common.h **** 
 7021              		.loc 18 34 5 view .LVU1612
 7022              	.LBE1964:
 7023              	.LBE1971:
 7024              	.LBE1994:
 7025              	.LBE2072:
 7026              	.LBB2073:
 7027              	.LBB2051:
 7028              	.LBB2048:
 7029              	.LBB2047:
 402:../../libDaisy//src/hid/disp/display.h **** 
 7030              		.loc 14 402 20 view .LVU1613
 7031 0352 4FF0000B 		mov	fp, #0
 7032              	.LVL471:
 402:../../libDaisy//src/hid/disp/display.h **** 
 7033              		.loc 14 402 20 view .LVU1614
 7034 0356 69E7     		b	.L367
 7035              	.LVL472:
 7036              	.L414:
 405:../../libDaisy//src/hid/disp/display.h ****            || Height() < (currentY_ + font.FontHeight))
 7037              		.loc 14 405 17 view .LVU1615
 7038 0358 4046     		mov	r0, r8
 7039 035a 9847     		blx	r3
 7040              	.LVL473:
 7041 035c D3E6     		b	.L368
 7042              	.L415:
 406:../../libDaisy//src/hid/disp/display.h ****         {
ARM GAS  C:\Users\kgpol\AppData\Local\Temp\ccIP7kIm.s 			page 194


 7043              		.loc 14 406 21 view .LVU1616
 7044 035e 4046     		mov	r0, r8
 7045 0360 9847     		blx	r3
 7046              	.LVL474:
 7047 0362 DEE6     		b	.L370
 7048              	.LVL475:
 7049              	.L419:
 7050              	.LBB2045:
 7051              	.LBB2041:
 174:../../libDaisy//src/hid/disp/display.h ****     }
 7052              		.loc 14 174 33 view .LVU1617
 7053 0364 4046     		mov	r0, r8
 7054 0366 9847     		blx	r3
 7055              	.LVL476:
 7056 0368 51E7     		b	.L384
 7057              	.LVL477:
 7058              	.L417:
 173:../../libDaisy//src/hid/disp/display.h ****         currentY_ = (y >= Height()) ? Height() - 1 : y;
 7059              		.loc 14 173 32 view .LVU1618
 7060 036a 4046     		mov	r0, r8
 7061 036c 9847     		blx	r3
 7062              	.LVL478:
 173:../../libDaisy//src/hid/disp/display.h ****         currentY_ = (y >= Height()) ? Height() - 1 : y;
 7063              		.loc 14 173 44 view .LVU1619
 7064 036e D8F80020 		ldr	r2, [r8]
 7065 0372 3CE7     		b	.L381
 7066              	.LVL479:
 7067              	.L371:
 173:../../libDaisy//src/hid/disp/display.h ****         currentY_ = (y >= Height()) ? Height() - 1 : y;
 7068              		.loc 14 173 44 view .LVU1620
 7069              	.LBE2041:
 7070              	.LBE2045:
 434:../../libDaisy//src/hid/disp/display.h **** 
 7071              		.loc 14 434 19 view .LVU1621
 7072 0374 B8F804A0 		ldrh	r10, [r8, #4]
 7073 0378 2EE7     		b	.L373
 7074              	.LVL480:
 7075              	.L420:
 7076              	.LBB2046:
 7077              	.LBB2042:
 174:../../libDaisy//src/hid/disp/display.h ****     }
 7078              		.loc 14 174 45 view .LVU1622
 7079 037a 4046     		mov	r0, r8
 7080 037c 9847     		blx	r3
 7081              	.LVL481:
 174:../../libDaisy//src/hid/disp/display.h ****     }
 7082              		.loc 14 174 19 view .LVU1623
 7083 037e 0138     		subs	r0, r0, #1
 7084 0380 83B2     		uxth	r3, r0
 7085 0382 0293     		str	r3, [sp, #8]
 7086              	.LVL482:
 174:../../libDaisy//src/hid/disp/display.h ****     }
 7087              		.loc 14 174 19 view .LVU1624
 7088 0384 4FE7     		b	.L385
 7089              	.LVL483:
 7090              	.L418:
 173:../../libDaisy//src/hid/disp/display.h ****         currentY_ = (y >= Height()) ? Height() - 1 : y;
ARM GAS  C:\Users\kgpol\AppData\Local\Temp\ccIP7kIm.s 			page 195


 7091              		.loc 14 173 43 view .LVU1625
 7092 0386 4046     		mov	r0, r8
 7093 0388 9847     		blx	r3
 7094              	.LVL484:
 173:../../libDaisy//src/hid/disp/display.h ****         currentY_ = (y >= Height()) ? Height() - 1 : y;
 7095              		.loc 14 173 19 view .LVU1626
 7096 038a 0138     		subs	r0, r0, #1
 174:../../libDaisy//src/hid/disp/display.h ****     }
 7097              		.loc 14 174 34 view .LVU1627
 7098 038c D8F80020 		ldr	r2, [r8]
 173:../../libDaisy//src/hid/disp/display.h ****         currentY_ = (y >= Height()) ? Height() - 1 : y;
 7099              		.loc 14 173 19 view .LVU1628
 7100 0390 85B2     		uxth	r5, r0
 7101              	.LVL485:
 173:../../libDaisy//src/hid/disp/display.h ****         currentY_ = (y >= Height()) ? Height() - 1 : y;
 7102              		.loc 14 173 19 view .LVU1629
 7103 0392 34E7     		b	.L382
 7104              	.LVL486:
 7105              	.L338:
 173:../../libDaisy//src/hid/disp/display.h ****         currentY_ = (y >= Height()) ? Height() - 1 : y;
 7106              		.loc 14 173 19 view .LVU1630
 7107              	.LBE2042:
 7108              	.LBE2046:
 7109              	.LBE2047:
 7110              	.LBE2048:
 7111              	.LBE2051:
 7112              	.LBE2073:
 7113              	.LBB2074:
 7114              	.LBB1995:
 255:../../libDaisy//src/hid/disp/graphics_common.h ****         }
 7115              		.loc 18 255 13 is_stmt 1 view .LVU1631
 255:../../libDaisy//src/hid/disp/graphics_common.h ****         }
 7116              		.loc 18 255 22 view .LVU1632
 7117              	.LBB1972:
 7118              	.LBI1972:
  24:../../libDaisy//src/hid/disp/graphics_common.h **** 
 7119              		.loc 18 24 5 view .LVU1633
 7120              	.LBE1972:
 7121              	.LBE1995:
 7122              	.LBE2074:
 7123              	.LBB2075:
 7124              	.LBB2001:
 173:../../libDaisy//src/hid/disp/display.h ****         currentY_ = (y >= Height()) ? Height() - 1 : y;
 7125              		.loc 14 173 33 is_stmt 0 view .LVU1634
 7126 0394 D8F80030 		ldr	r3, [r8]
 7127              	.LBE2001:
 7128              	.LBE2075:
 7129              	.LBB2076:
 7130              	.LBB1996:
 7131              	.LBB1974:
 7132              	.LBB1973:
  24:../../libDaisy//src/hid/disp/graphics_common.h **** 
 7133              		.loc 18 24 53 view .LVU1635
 7134 0398 0024     		movs	r4, #0
 7135              	.LVL487:
  24:../../libDaisy//src/hid/disp/graphics_common.h **** 
 7136              		.loc 18 24 53 view .LVU1636
ARM GAS  C:\Users\kgpol\AppData\Local\Temp\ccIP7kIm.s 			page 196


 7137 039a 069A     		ldr	r2, [sp, #24]
 7138 039c 1249     		ldr	r1, .L423
 7139              	.LVL488:
  24:../../libDaisy//src/hid/disp/graphics_common.h **** 
 7140              		.loc 18 24 53 view .LVU1637
 7141 039e 1480     		strh	r4, [r2]	@ movhi
 7142 03a0 5480     		strh	r4, [r2, #2]	@ movhi
 7143 03a2 9480     		strh	r4, [r2, #4]	@ movhi
 7144 03a4 D480     		strh	r4, [r2, #6]	@ movhi
 7145              	.LVL489:
  24:../../libDaisy//src/hid/disp/graphics_common.h **** 
 7146              		.loc 18 24 53 view .LVU1638
 7147              	.LBE1973:
 7148              	.LBE1974:
 7149              	.LBE1996:
 7150              	.LBE2076:
  56:../../libDaisy//src/hid/disp/graphics_common.h ****     int16_t GetY() const { return y_; }
 7151              		.loc 18 56 28 is_stmt 1 view .LVU1639
  57:../../libDaisy//src/hid/disp/graphics_common.h ****     int16_t GetWidth() const { return width_; }
 7152              		.loc 18 57 28 view .LVU1640
 7153              	.LBB2077:
 171:../../libDaisy//src/hid/disp/display.h ****     {
 7154              		.loc 14 171 10 view .LVU1641
 7155              	.LBB2002:
 173:../../libDaisy//src/hid/disp/display.h ****         currentY_ = (y >= Height()) ? Height() - 1 : y;
 7156              		.loc 14 173 9 view .LVU1642
 173:../../libDaisy//src/hid/disp/display.h ****         currentY_ = (y >= Height()) ? Height() - 1 : y;
 7157              		.loc 14 173 33 is_stmt 0 view .LVU1643
 7158 03a6 DA68     		ldr	r2, [r3, #12]
 7159 03a8 0191     		str	r1, [sp, #4]
 7160 03aa 8A42     		cmp	r2, r1
 7161 03ac 05D0     		beq	.L356
 7162 03ae 2746     		mov	r7, r4
 7163              	.LVL490:
 7164              	.L357:
 173:../../libDaisy//src/hid/disp/display.h ****         currentY_ = (y >= Height()) ? Height() - 1 : y;
 7165              		.loc 14 173 32 view .LVU1644
 7166 03b0 4046     		mov	r0, r8
 7167 03b2 9047     		blx	r2
 7168              	.LVL491:
 173:../../libDaisy//src/hid/disp/display.h ****         currentY_ = (y >= Height()) ? Height() - 1 : y;
 7169              		.loc 14 173 44 view .LVU1645
 7170 03b4 D8F80030 		ldr	r3, [r8]
 7171 03b8 6EE6     		b	.L358
 7172              	.LVL492:
 7173              	.L356:
 174:../../libDaisy//src/hid/disp/display.h ****     }
 7174              		.loc 14 174 34 view .LVU1646
 7175 03ba 9B68     		ldr	r3, [r3, #8]
 7176 03bc 0B4A     		ldr	r2, .L423+4
 173:../../libDaisy//src/hid/disp/display.h ****         currentY_ = (y >= Height()) ? Height() - 1 : y;
 7177              		.loc 14 173 19 view .LVU1647
 7178 03be A8F80440 		strh	r4, [r8, #4]	@ movhi
 174:../../libDaisy//src/hid/disp/display.h ****     }
 7179              		.loc 14 174 9 is_stmt 1 view .LVU1648
 7180 03c2 9342     		cmp	r3, r2
 7181 03c4 0392     		str	r2, [sp, #12]
ARM GAS  C:\Users\kgpol\AppData\Local\Temp\ccIP7kIm.s 			page 197


 7182 03c6 3FF482AE 		beq	.L363
 7183              	.LVL493:
 7184              	.L389:
 174:../../libDaisy//src/hid/disp/display.h ****     }
 7185              		.loc 14 174 33 is_stmt 0 view .LVU1649
 7186 03ca 4046     		mov	r0, r8
 7187 03cc 9847     		blx	r3
 7188              	.LVL494:
 7189 03ce 74E6     		b	.L361
 7190              	.L413:
 174:../../libDaisy//src/hid/disp/display.h ****     }
 7191              		.loc 14 174 45 view .LVU1650
 7192 03d0 4046     		mov	r0, r8
 7193 03d2 9847     		blx	r3
 7194              	.LVL495:
 174:../../libDaisy//src/hid/disp/display.h ****     }
 7195              		.loc 14 174 19 view .LVU1651
 7196 03d4 0138     		subs	r0, r0, #1
 7197 03d6 84B2     		uxth	r4, r0
 7198 03d8 79E6     		b	.L363
 7199              	.L412:
 173:../../libDaisy//src/hid/disp/display.h ****         currentY_ = (y >= Height()) ? Height() - 1 : y;
 7200              		.loc 14 173 43 view .LVU1652
 7201 03da 4046     		mov	r0, r8
 7202 03dc 9047     		blx	r2
 7203              	.LVL496:
 173:../../libDaisy//src/hid/disp/display.h ****         currentY_ = (y >= Height()) ? Height() - 1 : y;
 7204              		.loc 14 173 19 view .LVU1653
 7205 03de 0138     		subs	r0, r0, #1
 174:../../libDaisy//src/hid/disp/display.h ****     }
 7206              		.loc 14 174 34 view .LVU1654
 7207 03e0 D8F80030 		ldr	r3, [r8]
 173:../../libDaisy//src/hid/disp/display.h ****         currentY_ = (y >= Height()) ? Height() - 1 : y;
 7208              		.loc 14 173 19 view .LVU1655
 7209 03e4 87B2     		uxth	r7, r0
 7210 03e6 5FE6     		b	.L359
 7211              	.L424:
 7212              		.align	2
 7213              	.L423:
 7214 03e8 00000000 		.word	_ZNK5daisy11OledDisplayINS_13SSD130xDriverILj128ELj64ENS_24SSD130x4WireSpiTransportEEEE5Widt
 7215 03ec 00000000 		.word	_ZNK5daisy11OledDisplayINS_13SSD130xDriverILj128ELj64ENS_24SSD130x4WireSpiTransportEEEE6Heig
 7216              	.LBE2002:
 7217              	.LBE2077:
 7218              		.cfi_endproc
 7219              	.LFE5050:
 7221              		.section	.text._ZN5daisy25OneBitGraphicsDisplayImplINS_11OledDisplayINS_13SSD130xDriverILj128ELj64
 7222              		.align	1
 7223              		.p2align 2,,3
 7224              		.weak	_ZN5daisy25OneBitGraphicsDisplayImplINS_11OledDisplayINS_13SSD130xDriverILj128ELj64ENS_24SSD
 7225              		.syntax unified
 7226              		.thumb
 7227              		.thumb_func
 7228              		.fpu fpv5-d16
 7230              	_ZN5daisy25OneBitGraphicsDisplayImplINS_11OledDisplayINS_13SSD130xDriverILj128ELj64ENS_24SSD130x4Wi
 7231              	.LVL497:
 7232              	.LFB5336:
 257:../../libDaisy//src/hid/disp/display.h ****                   uint_fast8_t y1,
ARM GAS  C:\Users\kgpol\AppData\Local\Temp\ccIP7kIm.s 			page 198


 7233              		.loc 14 257 10 is_stmt 1 view -0
 7234              		.cfi_startproc
 7235              		@ args = 12, pretend = 0, frame = 24
 7236              		@ frame_needed = 0, uses_anonymous_args = 0
 257:../../libDaisy//src/hid/disp/display.h ****                   uint_fast8_t y1,
 7237              		.loc 14 257 10 is_stmt 0 view .LVU1657
 7238 0000 2DE9F04F 		push	{r4, r5, r6, r7, r8, r9, r10, fp, lr}
 7239              		.cfi_def_cfa_offset 36
 7240              		.cfi_offset 4, -36
 7241              		.cfi_offset 5, -32
 7242              		.cfi_offset 6, -28
 7243              		.cfi_offset 7, -24
 7244              		.cfi_offset 8, -20
 7245              		.cfi_offset 9, -16
 7246              		.cfi_offset 10, -12
 7247              		.cfi_offset 11, -8
 7248              		.cfi_offset 14, -4
 7249 0004 87B0     		sub	sp, sp, #28
 7250              		.cfi_def_cfa_offset 64
 257:../../libDaisy//src/hid/disp/display.h ****                   uint_fast8_t y1,
 7251              		.loc 14 257 10 view .LVU1658
 7252 0006 9DF84850 		ldrb	r5, [sp, #72]	@ zero_extendqisi2
 7253 000a 109C     		ldr	r4, [sp, #64]
 7254 000c 2E46     		mov	r6, r5
 7255 000e 0195     		str	r5, [sp, #4]
 7256 0010 9DF84450 		ldrb	r5, [sp, #68]	@ zero_extendqisi2
 7257              	.LBB2147:
 264:../../libDaisy//src/hid/disp/display.h ****         {
 7258              		.loc 14 264 9 view .LVU1659
 7259 0014 9EB3     		cbz	r6, .L426
 7260              	.LVL498:
 264:../../libDaisy//src/hid/disp/display.h ****         {
 7261              		.loc 14 264 9 view .LVU1660
 7262              	.LBE2147:
 7263              	.LBB2269:
 7264              	.LBB2270:
 266:../../libDaisy//src/hid/disp/display.h ****             {
 7265              		.loc 14 266 40 is_stmt 1 view .LVU1661
 7266 0016 9942     		cmp	r1, r3
 7267 0018 2ED8     		bhi	.L425
 7268 001a 9946     		mov	r9, r3
 7269              	.LVL499:
 7270              	.L429:
 7271              	.LBB2271:
 268:../../libDaisy//src/hid/disp/display.h ****                 {
 7272              		.loc 14 268 44 view .LVU1662
 7273 001c A242     		cmp	r2, r4
 7274 001e 28D8     		bhi	.L432
 7275              	.LBB2272:
 7276              	.LBB2273:
 7277              	.LBB2274:
 354:../../libDaisy//src/dev/oled_ssd130x.h ****             return;
 7278              		.loc 13 354 14 is_stmt 0 view .LVU1663
 7279 0020 7F29     		cmp	r1, #127
 7280 0022 1646     		mov	r6, r2
 7281 0024 94BF     		ite	ls
 7282 0026 0023     		movls	r3, #0
ARM GAS  C:\Users\kgpol\AppData\Local\Temp\ccIP7kIm.s 			page 199


 7283 0028 0123     		movhi	r3, #1
 7284 002a 08E0     		b	.L433
 7285              	.LVL500:
 7286              	.L516:
 357:../../libDaisy//src/dev/oled_ssd130x.h ****         else
 7287              		.loc 13 357 42 view .LVU1664
 7288 002c 9CF81480 		ldrb	r8, [ip, #20]	@ zero_extendqisi2
 7289 0030 4EEA080E 		orr	lr, lr, r8
 7290 0034 8CF814E0 		strb	lr, [ip, #20]
 7291              	.LVL501:
 7292              	.L430:
 357:../../libDaisy//src/dev/oled_ssd130x.h ****         else
 7293              		.loc 13 357 42 view .LVU1665
 7294              	.LBE2274:
 7295              	.LBE2273:
 7296              	.LBE2272:
 268:../../libDaisy//src/hid/disp/display.h ****                 {
 7297              		.loc 14 268 17 is_stmt 1 view .LVU1666
 7298 0038 0136     		adds	r6, r6, #1
 7299              	.LVL502:
 268:../../libDaisy//src/hid/disp/display.h ****                 {
 7300              		.loc 14 268 44 view .LVU1667
 7301 003a B442     		cmp	r4, r6
 7302 003c 19D3     		bcc	.L432
 7303              	.L433:
 7304              	.LVL503:
 7305              	.LBB2288:
 7306              	.LBI2272:
  42:../../libDaisy//src/hid/disp/oled_display.h ****     {
 7307              		.loc 12 42 10 view .LVU1668
 7308              	.LBB2285:
 7309              	.LBI2273:
 352:../../libDaisy//src/dev/oled_ssd130x.h ****     {
 7310              		.loc 13 352 10 view .LVU1669
 7311              	.LBB2282:
 354:../../libDaisy//src/dev/oled_ssd130x.h ****             return;
 7312              		.loc 13 354 9 is_stmt 0 view .LVU1670
 7313 003e 3F2E     		cmp	r6, #63
 7314 0040 FAD8     		bhi	.L430
 354:../../libDaisy//src/dev/oled_ssd130x.h ****             return;
 7315              		.loc 13 354 9 view .LVU1671
 7316 0042 002B     		cmp	r3, #0
 7317 0044 F8D1     		bne	.L430
 7318              	.LVL504:
 7319              	.LBB2275:
 7320              	.LBI2275:
 352:../../libDaisy//src/dev/oled_ssd130x.h ****     {
 7321              		.loc 13 352 10 is_stmt 1 view .LVU1672
 352:../../libDaisy//src/dev/oled_ssd130x.h ****     {
 7322              		.loc 13 352 10 is_stmt 0 view .LVU1673
 7323              	.LBE2275:
 357:../../libDaisy//src/dev/oled_ssd130x.h ****         else
 7324              		.loc 13 357 28 view .LVU1674
 7325 0046 4FEAD60C 		lsr	ip, r6, #3
 357:../../libDaisy//src/dev/oled_ssd130x.h ****         else
 7326              		.loc 13 357 54 view .LVU1675
 7327 004a 06F0070E 		and	lr, r6, #7
ARM GAS  C:\Users\kgpol\AppData\Local\Temp\ccIP7kIm.s 			page 200


 357:../../libDaisy//src/dev/oled_ssd130x.h ****         else
 7328              		.loc 13 357 48 view .LVU1676
 7329 004e 4FF00108 		mov	r8, #1
 357:../../libDaisy//src/dev/oled_ssd130x.h ****         else
 7330              		.loc 13 357 42 view .LVU1677
 7331 0052 01EBCC1C 		add	ip, r1, ip, lsl #7
 357:../../libDaisy//src/dev/oled_ssd130x.h ****         else
 7332              		.loc 13 357 48 view .LVU1678
 7333 0056 08FA0EFE 		lsl	lr, r8, lr
 357:../../libDaisy//src/dev/oled_ssd130x.h ****         else
 7334              		.loc 13 357 42 view .LVU1679
 7335 005a 8444     		add	ip, ip, r0
 356:../../libDaisy//src/dev/oled_ssd130x.h ****             buffer_[x + (y / 8) * width] |= (1 << (y % 8));
 7336              		.loc 13 356 9 view .LVU1680
 7337 005c 002D     		cmp	r5, #0
 7338 005e E5D1     		bne	.L516
 7339              	.LBB2279:
 7340              	.LBB2276:
 359:../../libDaisy//src/dev/oled_ssd130x.h ****     }
 7341              		.loc 13 359 42 view .LVU1681
 7342 0060 9CF814B0 		ldrb	fp, [ip, #20]	@ zero_extendqisi2
 7343              	.LBE2276:
 7344              	.LBE2279:
 7345              	.LBE2282:
 7346              	.LBE2285:
 7347              	.LBE2288:
 268:../../libDaisy//src/hid/disp/display.h ****                 {
 7348              		.loc 14 268 17 view .LVU1682
 7349 0064 0136     		adds	r6, r6, #1
 7350              	.LVL505:
 7351              	.LBB2289:
 7352              	.LBB2286:
 7353              	.LBB2283:
 7354              	.LBB2280:
 7355              	.LBB2277:
 359:../../libDaisy//src/dev/oled_ssd130x.h ****     }
 7356              		.loc 13 359 42 view .LVU1683
 7357 0066 2BEA0E0A 		bic	r10, fp, lr
 7358              	.LBE2277:
 7359              	.LBE2280:
 7360              	.LBE2283:
 7361              	.LBE2286:
 7362              	.LBE2289:
 268:../../libDaisy//src/hid/disp/display.h ****                 {
 7363              		.loc 14 268 44 view .LVU1684
 7364 006a B442     		cmp	r4, r6
 7365              	.LBB2290:
 7366              	.LBB2287:
 7367              	.LBB2284:
 7368              	.LBB2281:
 7369              	.LBB2278:
 359:../../libDaisy//src/dev/oled_ssd130x.h ****     }
 7370              		.loc 13 359 42 view .LVU1685
 7371 006c 8CF814A0 		strb	r10, [ip, #20]
 7372              	.LVL506:
 359:../../libDaisy//src/dev/oled_ssd130x.h ****     }
 7373              		.loc 13 359 42 view .LVU1686
ARM GAS  C:\Users\kgpol\AppData\Local\Temp\ccIP7kIm.s 			page 201


 7374              	.LBE2278:
 7375              	.LBE2281:
 7376              	.LBE2284:
 7377              	.LBE2287:
 7378              	.LBE2290:
 268:../../libDaisy//src/hid/disp/display.h ****                 {
 7379              		.loc 14 268 17 is_stmt 1 view .LVU1687
 268:../../libDaisy//src/hid/disp/display.h ****                 {
 7380              		.loc 14 268 44 view .LVU1688
 7381 0070 E5D2     		bcs	.L433
 7382              	.LVL507:
 7383              	.L432:
 268:../../libDaisy//src/hid/disp/display.h ****                 {
 7384              		.loc 14 268 44 is_stmt 0 view .LVU1689
 7385              	.LBE2271:
 266:../../libDaisy//src/hid/disp/display.h ****             {
 7386              		.loc 14 266 13 is_stmt 1 view .LVU1690
 7387 0072 0131     		adds	r1, r1, #1
 7388              	.LVL508:
 266:../../libDaisy//src/hid/disp/display.h ****             {
 7389              		.loc 14 266 40 view .LVU1691
 7390 0074 8945     		cmp	r9, r1
 7391 0076 D1D2     		bcs	.L429
 7392              	.LVL509:
 7393              	.L425:
 266:../../libDaisy//src/hid/disp/display.h ****             {
 7394              		.loc 14 266 40 is_stmt 0 view .LVU1692
 7395              	.LBE2270:
 7396              	.LBE2269:
 281:../../libDaisy//src/hid/disp/display.h **** 
 7397              		.loc 14 281 5 view .LVU1693
 7398 0078 07B0     		add	sp, sp, #28
 7399              		.cfi_remember_state
 7400              		.cfi_def_cfa_offset 36
 7401              		@ sp needed
 7402 007a BDE8F08F 		pop	{r4, r5, r6, r7, r8, r9, r10, fp, pc}
 7403              	.LVL510:
 7404              	.L426:
 7405              		.cfi_restore_state
 7406              	.LBB2291:
 7407              	.LBB2148:
 7408              	.LBI2148:
 221:../../libDaisy//src/hid/disp/display.h ****                   uint_fast8_t y1,
 7409              		.loc 14 221 10 is_stmt 1 view .LVU1694
 7410              	.LBB2149:
 227:../../libDaisy//src/hid/disp/display.h ****         int_fast16_t deltaY = abs((int_fast16_t)y2 - (int_fast16_t)y1);
 7411              		.loc 14 227 52 is_stmt 0 view .LVU1695
 7412 007e A3EB0108 		sub	r8, r3, r1
 227:../../libDaisy//src/hid/disp/display.h ****         int_fast16_t deltaY = abs((int_fast16_t)y2 - (int_fast16_t)y1);
 7413              		.loc 14 227 22 view .LVU1696
 7414 0082 B8F1000F 		cmp	r8, #0
 7415 0086 B8BF     		it	lt
 7416 0088 C8F10008 		rsblt	r8, r8, #0
 7417              	.LVL511:
 229:../../libDaisy//src/hid/disp/display.h ****         int_fast16_t signY  = ((y1 < y2) ? 1 : -1);
 7418              		.loc 14 229 42 view .LVU1697
 7419 008c 9942     		cmp	r1, r3
ARM GAS  C:\Users\kgpol\AppData\Local\Temp\ccIP7kIm.s 			page 202


 7420 008e C0F04E81 		bcc	.L434
 7421              	.LVL512:
 7422              	.LBB2150:
 7423              	.LBI2150:
  42:../../libDaisy//src/hid/disp/oled_display.h ****     {
 7424              		.loc 12 42 10 is_stmt 1 view .LVU1698
 7425              	.LBB2151:
 7426              	.LBI2151:
 352:../../libDaisy//src/dev/oled_ssd130x.h ****     {
 7427              		.loc 13 352 10 view .LVU1699
 7428              	.LBB2152:
 354:../../libDaisy//src/dev/oled_ssd130x.h ****             return;
 7429              		.loc 13 354 14 is_stmt 0 view .LVU1700
 7430 0092 7F2B     		cmp	r3, #127
 7431              	.LBE2152:
 7432              	.LBE2151:
 7433              	.LBE2150:
 229:../../libDaisy//src/hid/disp/display.h ****         int_fast16_t signY  = ((y1 < y2) ? 1 : -1);
 7434              		.loc 14 229 42 view .LVU1701
 7435 0094 4FF0FF3A 		mov	r10, #-1
 7436              	.LBB2163:
 7437              	.LBB2159:
 7438              	.LBB2155:
 354:../../libDaisy//src/dev/oled_ssd130x.h ****             return;
 7439              		.loc 13 354 14 view .LVU1702
 7440 0098 94BF     		ite	ls
 7441 009a 0026     		movls	r6, #0
 7442 009c 0126     		movhi	r6, #1
 354:../../libDaisy//src/dev/oled_ssd130x.h ****             return;
 7443              		.loc 13 354 28 view .LVU1703
 7444 009e 3F2A     		cmp	r2, #63
 354:../../libDaisy//src/dev/oled_ssd130x.h ****             return;
 7445              		.loc 13 354 14 view .LVU1704
 7446 00a0 0096     		str	r6, [sp]
 354:../../libDaisy//src/dev/oled_ssd130x.h ****             return;
 7447              		.loc 13 354 28 view .LVU1705
 7448 00a2 94BF     		ite	ls
 7449 00a4 0027     		movls	r7, #0
 7450 00a6 0127     		movhi	r7, #1
 7451 00a8 0297     		str	r7, [sp, #8]
 354:../../libDaisy//src/dev/oled_ssd130x.h ****             return;
 7452              		.loc 13 354 9 view .LVU1706
 7453 00aa A6B9     		cbnz	r6, .L435
 7454 00ac 9FB9     		cbnz	r7, .L435
 7455              	.LVL513:
 7456              	.L476:
 357:../../libDaisy//src/dev/oled_ssd130x.h ****         else
 7457              		.loc 13 357 28 view .LVU1707
 7458 00ae D608     		lsrs	r6, r2, #3
 357:../../libDaisy//src/dev/oled_ssd130x.h ****         else
 7459              		.loc 13 357 54 view .LVU1708
 7460 00b0 02F0070C 		and	ip, r2, #7
 357:../../libDaisy//src/dev/oled_ssd130x.h ****         else
 7461              		.loc 13 357 48 view .LVU1709
 7462 00b4 0127     		movs	r7, #1
 357:../../libDaisy//src/dev/oled_ssd130x.h ****         else
 7463              		.loc 13 357 42 view .LVU1710
ARM GAS  C:\Users\kgpol\AppData\Local\Temp\ccIP7kIm.s 			page 203


 7464 00b6 03EBC616 		add	r6, r3, r6, lsl #7
 7465 00ba 0644     		add	r6, r6, r0
 356:../../libDaisy//src/dev/oled_ssd130x.h ****             buffer_[x + (y / 8) * width] |= (1 << (y % 8));
 7466              		.loc 13 356 9 view .LVU1711
 7467 00bc 002D     		cmp	r5, #0
 7468 00be 00F09481 		beq	.L436
 357:../../libDaisy//src/dev/oled_ssd130x.h ****         else
 7469              		.loc 13 357 48 view .LVU1712
 7470 00c2 07FA0CF7 		lsl	r7, r7, ip
 357:../../libDaisy//src/dev/oled_ssd130x.h ****         else
 7471              		.loc 13 357 42 view .LVU1713
 7472 00c6 96F814C0 		ldrb	ip, [r6, #20]	@ zero_extendqisi2
 7473 00ca 47EA0C07 		orr	r7, r7, ip
 7474 00ce 3775     		strb	r7, [r6, #20]
 7475 00d0 0026     		movs	r6, #0
 7476 00d2 0296     		str	r6, [sp, #8]
 7477 00d4 0096     		str	r6, [sp]
 7478              	.L435:
 7479              	.LVL514:
 357:../../libDaisy//src/dev/oled_ssd130x.h ****         else
 7480              		.loc 13 357 42 view .LVU1714
 7481              	.LBE2155:
 7482              	.LBE2159:
 7483              	.LBE2163:
 239:../../libDaisy//src/hid/disp/display.h ****         {
 7484              		.loc 14 239 26 is_stmt 1 view .LVU1715
 7485 00d6 9942     		cmp	r1, r3
 7486 00d8 00F09781 		beq	.L517
 7487              	.L438:
 7488              	.LVL515:
 227:../../libDaisy//src/hid/disp/display.h ****         int_fast16_t deltaY = abs((int_fast16_t)y2 - (int_fast16_t)y1);
 7489              		.loc 14 227 22 is_stmt 0 view .LVU1716
 7490 00dc 4646     		mov	r6, r8
 7491 00de 9446     		mov	ip, r2
 7492 00e0 8E46     		mov	lr, r1
 7493              	.LVL516:
 7494              	.L440:
 7495              	.LBB2164:
 7496              	.LBI2164:
  42:../../libDaisy//src/hid/disp/oled_display.h ****     {
 7497              		.loc 12 42 10 is_stmt 1 view .LVU1717
 7498              	.LBB2165:
 7499              	.LBI2165:
 352:../../libDaisy//src/dev/oled_ssd130x.h ****     {
 7500              		.loc 13 352 10 view .LVU1718
 7501              	.LBB2166:
 354:../../libDaisy//src/dev/oled_ssd130x.h ****             return;
 7502              		.loc 13 354 9 is_stmt 0 view .LVU1719
 7503 00e2 BEF17F0F 		cmp	lr, #127
 7504 00e6 16D8     		bhi	.L441
 7505 00e8 BCF13F0F 		cmp	ip, #63
 7506 00ec 13D8     		bhi	.L441
 357:../../libDaisy//src/dev/oled_ssd130x.h ****         else
 7507              		.loc 13 357 28 view .LVU1720
 7508 00ee 4FEADC07 		lsr	r7, ip, #3
 357:../../libDaisy//src/dev/oled_ssd130x.h ****         else
 7509              		.loc 13 357 54 view .LVU1721
ARM GAS  C:\Users\kgpol\AppData\Local\Temp\ccIP7kIm.s 			page 204


 7510 00f2 0CF0070B 		and	fp, ip, #7
 357:../../libDaisy//src/dev/oled_ssd130x.h ****         else
 7511              		.loc 13 357 48 view .LVU1722
 7512 00f6 4FF00109 		mov	r9, #1
 357:../../libDaisy//src/dev/oled_ssd130x.h ****         else
 7513              		.loc 13 357 42 view .LVU1723
 7514 00fa 0EEBC717 		add	r7, lr, r7, lsl #7
 7515 00fe 0744     		add	r7, r7, r0
 356:../../libDaisy//src/dev/oled_ssd130x.h ****             buffer_[x + (y / 8) * width] |= (1 << (y % 8));
 7516              		.loc 13 356 9 view .LVU1724
 7517 0100 002D     		cmp	r5, #0
 7518 0102 00F03981 		beq	.L442
 357:../../libDaisy//src/dev/oled_ssd130x.h ****         else
 7519              		.loc 13 357 48 view .LVU1725
 7520 0106 09FA0BF9 		lsl	r9, r9, fp
 357:../../libDaisy//src/dev/oled_ssd130x.h ****         else
 7521              		.loc 13 357 42 view .LVU1726
 7522 010a 97F814B0 		ldrb	fp, [r7, #20]	@ zero_extendqisi2
 7523 010e 49EA0B09 		orr	r9, r9, fp
 7524 0112 87F81490 		strb	r9, [r7, #20]
 7525              	.L441:
 7526              	.LVL517:
 357:../../libDaisy//src/dev/oled_ssd130x.h ****         else
 7527              		.loc 13 357 42 view .LVU1727
 7528              	.LBE2166:
 7529              	.LBE2165:
 7530              	.LBE2164:
 243:../../libDaisy//src/hid/disp/display.h ****             {
 7531              		.loc 14 243 13 view .LVU1728
 7532 0116 7700     		lsls	r7, r6, #1
 7533              	.LVL518:
 246:../../libDaisy//src/hid/disp/display.h ****             }
 7534              		.loc 14 246 20 view .LVU1729
 7535 0118 18BF     		it	ne
 7536 011a D644     		addne	lr, lr, r10
 7537              	.LVL519:
 249:../../libDaisy//src/hid/disp/display.h ****             {
 7538              		.loc 14 249 13 view .LVU1730
 7539 011c B845     		cmp	r8, r7
 7540 011e 02DD     		ble	.L444
 251:../../libDaisy//src/hid/disp/display.h ****                 y1 += signY;
 7541              		.loc 14 251 23 view .LVU1731
 7542 0120 4644     		add	r6, r6, r8
 7543              	.LVL520:
 252:../../libDaisy//src/hid/disp/display.h ****             }
 7544              		.loc 14 252 20 view .LVU1732
 7545 0122 0CF1FF3C 		add	ip, ip, #-1
 7546              	.LVL521:
 7547              	.L444:
 239:../../libDaisy//src/hid/disp/display.h ****         {
 7548              		.loc 14 239 26 is_stmt 1 view .LVU1733
 7549 0126 7345     		cmp	r3, lr
 7550 0128 DBD1     		bne	.L440
 239:../../libDaisy//src/hid/disp/display.h ****         {
 7551              		.loc 14 239 26 is_stmt 0 view .LVU1734
 7552 012a 6245     		cmp	r2, ip
 7553 012c D9D1     		bne	.L440
ARM GAS  C:\Users\kgpol\AppData\Local\Temp\ccIP7kIm.s 			page 205


 7554 012e 0026     		movs	r6, #0
 7555              	.LVL522:
 239:../../libDaisy//src/hid/disp/display.h ****         {
 7556              		.loc 14 239 26 view .LVU1735
 7557 0130 0496     		str	r6, [sp, #16]
 7558              	.LVL523:
 7559              	.L437:
 239:../../libDaisy//src/hid/disp/display.h ****         {
 7560              		.loc 14 239 26 view .LVU1736
 7561              	.LBE2149:
 7562              	.LBE2148:
 7563              	.LBB2179:
 7564              	.LBI2179:
 221:../../libDaisy//src/hid/disp/display.h ****                   uint_fast8_t y1,
 7565              		.loc 14 221 10 is_stmt 1 view .LVU1737
 7566              	.LBB2180:
 228:../../libDaisy//src/hid/disp/display.h ****         int_fast16_t signX  = ((x1 < x2) ? 1 : -1);
 7567              		.loc 14 228 52 is_stmt 0 view .LVU1738
 7568 0132 A4EB0209 		sub	r9, r4, r2
 7569              	.LBB2181:
 7570              	.LBB2182:
 7571              	.LBB2183:
 354:../../libDaisy//src/dev/oled_ssd130x.h ****             return;
 7572              		.loc 13 354 9 view .LVU1739
 7573 0136 009F     		ldr	r7, [sp]
 7574              	.LBE2183:
 7575              	.LBE2182:
 7576              	.LBE2181:
 228:../../libDaisy//src/hid/disp/display.h ****         int_fast16_t signX  = ((x1 < x2) ? 1 : -1);
 7577              		.loc 14 228 22 view .LVU1740
 7578 0138 B9F1000F 		cmp	r9, #0
 7579 013c B8BF     		it	lt
 7580 013e C9F10009 		rsblt	r9, r9, #0
 7581              	.LVL524:
 7582              	.LBB2198:
 7583              	.LBB2192:
 7584              	.LBB2186:
 354:../../libDaisy//src/dev/oled_ssd130x.h ****             return;
 7585              		.loc 13 354 28 view .LVU1741
 7586 0142 3F2C     		cmp	r4, #63
 7587 0144 94BF     		ite	ls
 7588 0146 0026     		movls	r6, #0
 7589 0148 0126     		movhi	r6, #1
 7590              	.LBE2186:
 7591              	.LBE2192:
 7592              	.LBE2198:
 230:../../libDaisy//src/hid/disp/display.h ****         int_fast16_t error  = deltaX - deltaY;
 7593              		.loc 14 230 42 view .LVU1742
 7594 014a A242     		cmp	r2, r4
 231:../../libDaisy//src/hid/disp/display.h ****         int_fast16_t error2;
 7595              		.loc 14 231 22 view .LVU1743
 7596 014c C9F10008 		rsb	r8, r9, #0
 7597              	.LVL525:
 7598              	.LBB2199:
 7599              	.LBI2181:
  42:../../libDaisy//src/hid/disp/oled_display.h ****     {
 7600              		.loc 12 42 10 is_stmt 1 view .LVU1744
ARM GAS  C:\Users\kgpol\AppData\Local\Temp\ccIP7kIm.s 			page 206


 7601              	.LBB2193:
 7602              	.LBI2182:
 352:../../libDaisy//src/dev/oled_ssd130x.h ****     {
 7603              		.loc 13 352 10 view .LVU1745
 7604              	.LBB2187:
 354:../../libDaisy//src/dev/oled_ssd130x.h ****             return;
 7605              		.loc 13 354 28 is_stmt 0 view .LVU1746
 7606 0150 0396     		str	r6, [sp, #12]
 7607              	.LBE2187:
 7608              	.LBE2193:
 7609              	.LBE2199:
 230:../../libDaisy//src/hid/disp/display.h ****         int_fast16_t error  = deltaX - deltaY;
 7610              		.loc 14 230 42 view .LVU1747
 7611 0152 C0F02381 		bcc	.L445
 7612              	.LVL526:
 7613              	.LBB2200:
 7614              	.LBB2194:
 7615              	.LBB2188:
 354:../../libDaisy//src/dev/oled_ssd130x.h ****             return;
 7616              		.loc 13 354 9 view .LVU1748
 7617 0156 002F     		cmp	r7, #0
 7618 0158 40F05081 		bne	.L480
 7619 015c 002E     		cmp	r6, #0
 7620 015e 40F04D81 		bne	.L480
 7621              	.LBE2188:
 7622              	.LBE2194:
 7623              	.LBE2200:
 230:../../libDaisy//src/hid/disp/display.h ****         int_fast16_t error  = deltaX - deltaY;
 7624              		.loc 14 230 42 view .LVU1749
 7625 0162 4FF0FF36 		mov	r6, #-1
 7626 0166 0096     		str	r6, [sp]
 7627              	.LBB2201:
 7628              	.LBB2195:
 7629              	.LBB2189:
 357:../../libDaisy//src/dev/oled_ssd130x.h ****         else
 7630              		.loc 13 357 28 view .LVU1750
 7631 0168 E608     		lsrs	r6, r4, #3
 357:../../libDaisy//src/dev/oled_ssd130x.h ****         else
 7632              		.loc 13 357 42 view .LVU1751
 7633 016a 03EBC616 		add	r6, r3, r6, lsl #7
 7634 016e 0644     		add	r6, r6, r0
 356:../../libDaisy//src/dev/oled_ssd130x.h ****             buffer_[x + (y / 8) * width] |= (1 << (y % 8));
 7635              		.loc 13 356 9 view .LVU1752
 7636 0170 002D     		cmp	r5, #0
 7637 0172 00F01E81 		beq	.L447
 7638              	.LVL527:
 7639              	.L519:
 357:../../libDaisy//src/dev/oled_ssd130x.h ****         else
 7640              		.loc 13 357 48 view .LVU1753
 7641 0176 4FF0010C 		mov	ip, #1
 357:../../libDaisy//src/dev/oled_ssd130x.h ****         else
 7642              		.loc 13 357 54 view .LVU1754
 7643 017a 04F00707 		and	r7, r4, #7
 357:../../libDaisy//src/dev/oled_ssd130x.h ****         else
 7644              		.loc 13 357 48 view .LVU1755
 7645 017e 0CFA07F7 		lsl	r7, ip, r7
 357:../../libDaisy//src/dev/oled_ssd130x.h ****         else
ARM GAS  C:\Users\kgpol\AppData\Local\Temp\ccIP7kIm.s 			page 207


 7646              		.loc 13 357 42 view .LVU1756
 7647 0182 96F814C0 		ldrb	ip, [r6, #20]	@ zero_extendqisi2
 7648 0186 47EA0C07 		orr	r7, r7, ip
 7649 018a 3775     		strb	r7, [r6, #20]
 7650 018c 0026     		movs	r6, #0
 7651 018e 0396     		str	r6, [sp, #12]
 7652              	.L446:
 7653              	.LVL528:
 357:../../libDaisy//src/dev/oled_ssd130x.h ****         else
 7654              		.loc 13 357 42 view .LVU1757
 7655              	.LBE2189:
 7656              	.LBE2195:
 7657              	.LBE2201:
 239:../../libDaisy//src/hid/disp/display.h ****         {
 7658              		.loc 14 239 26 is_stmt 1 view .LVU1758
 7659 0190 A242     		cmp	r2, r4
 7660 0192 00F03D81 		beq	.L518
 7661              	.L449:
 7662              	.LVL529:
 230:../../libDaisy//src/hid/disp/display.h ****         int_fast16_t error  = deltaX - deltaY;
 7663              		.loc 14 230 42 is_stmt 0 view .LVU1759
 7664 0196 C446     		mov	ip, r8
 7665 0198 1646     		mov	r6, r2
 7666 019a 1F46     		mov	r7, r3
 7667 019c 0592     		str	r2, [sp, #20]
 7668              	.LVL530:
 7669              	.L451:
 7670              	.LBB2202:
 7671              	.LBI2202:
  42:../../libDaisy//src/hid/disp/oled_display.h ****     {
 7672              		.loc 12 42 10 is_stmt 1 view .LVU1760
 7673              	.LBB2203:
 7674              	.LBI2203:
 352:../../libDaisy//src/dev/oled_ssd130x.h ****     {
 7675              		.loc 13 352 10 view .LVU1761
 7676              	.LBB2204:
 354:../../libDaisy//src/dev/oled_ssd130x.h ****             return;
 7677              		.loc 13 354 9 is_stmt 0 view .LVU1762
 7678 019e 7F2F     		cmp	r7, #127
 7679 01a0 15D8     		bhi	.L452
 7680 01a2 3F2E     		cmp	r6, #63
 7681 01a4 13D8     		bhi	.L452
 357:../../libDaisy//src/dev/oled_ssd130x.h ****         else
 7682              		.loc 13 357 28 view .LVU1763
 7683 01a6 4FEAD60E 		lsr	lr, r6, #3
 357:../../libDaisy//src/dev/oled_ssd130x.h ****         else
 7684              		.loc 13 357 54 view .LVU1764
 7685 01aa 06F0070B 		and	fp, r6, #7
 357:../../libDaisy//src/dev/oled_ssd130x.h ****         else
 7686              		.loc 13 357 48 view .LVU1765
 7687 01ae 4FF0010A 		mov	r10, #1
 357:../../libDaisy//src/dev/oled_ssd130x.h ****         else
 7688              		.loc 13 357 42 view .LVU1766
 7689 01b2 07EBCE1E 		add	lr, r7, lr, lsl #7
 7690 01b6 8644     		add	lr, lr, r0
 356:../../libDaisy//src/dev/oled_ssd130x.h ****             buffer_[x + (y / 8) * width] |= (1 << (y % 8));
 7691              		.loc 13 356 9 view .LVU1767
ARM GAS  C:\Users\kgpol\AppData\Local\Temp\ccIP7kIm.s 			page 208


 7692 01b8 002D     		cmp	r5, #0
 7693 01ba 00F0E680 		beq	.L453
 357:../../libDaisy//src/dev/oled_ssd130x.h ****         else
 7694              		.loc 13 357 48 view .LVU1768
 7695 01be 0AFA0BFA 		lsl	r10, r10, fp
 357:../../libDaisy//src/dev/oled_ssd130x.h ****         else
 7696              		.loc 13 357 42 view .LVU1769
 7697 01c2 9EF814B0 		ldrb	fp, [lr, #20]	@ zero_extendqisi2
 7698 01c6 4AEA0B0A 		orr	r10, r10, fp
 7699 01ca 8EF814A0 		strb	r10, [lr, #20]
 7700              	.L452:
 7701              	.LVL531:
 357:../../libDaisy//src/dev/oled_ssd130x.h ****         else
 7702              		.loc 13 357 42 view .LVU1770
 7703              	.LBE2204:
 7704              	.LBE2203:
 7705              	.LBE2202:
 243:../../libDaisy//src/hid/disp/display.h ****             {
 7706              		.loc 14 243 13 view .LVU1771
 7707 01ce B8EB4C0F 		cmp	r8, ip, lsl #1
 242:../../libDaisy//src/hid/disp/display.h ****             if(error2 > -deltaY)
 7708              		.loc 14 242 20 view .LVU1772
 7709 01d2 4FEA4C0E 		lsl	lr, ip, #1
 7710              	.LVL532:
 243:../../libDaisy//src/hid/disp/display.h ****             {
 7711              		.loc 14 243 13 view .LVU1773
 7712 01d6 02DA     		bge	.L454
 245:../../libDaisy//src/hid/disp/display.h ****                 x1 += signX;
 7713              		.loc 14 245 23 view .LVU1774
 7714 01d8 ACEB090C 		sub	ip, ip, r9
 7715              	.LVL533:
 246:../../libDaisy//src/hid/disp/display.h ****             }
 7716              		.loc 14 246 20 view .LVU1775
 7717 01dc 013F     		subs	r7, r7, #1
 7718              	.LVL534:
 7719              	.L454:
 249:../../libDaisy//src/hid/disp/display.h ****             {
 7720              		.loc 14 249 13 view .LVU1776
 7721 01de BEF1000F 		cmp	lr, #0
 7722 01e2 01D0     		beq	.L455
 252:../../libDaisy//src/hid/disp/display.h ****             }
 7723              		.loc 14 252 20 view .LVU1777
 7724 01e4 009A     		ldr	r2, [sp]
 7725 01e6 1644     		add	r6, r6, r2
 7726              	.LVL535:
 7727              	.L455:
 239:../../libDaisy//src/hid/disp/display.h ****         {
 7728              		.loc 14 239 26 is_stmt 1 view .LVU1778
 7729 01e8 BB42     		cmp	r3, r7
 7730 01ea D8D1     		bne	.L451
 239:../../libDaisy//src/hid/disp/display.h ****         {
 7731              		.loc 14 239 26 is_stmt 0 view .LVU1779
 7732 01ec B442     		cmp	r4, r6
 7733 01ee D6D1     		bne	.L451
 7734 01f0 059A     		ldr	r2, [sp, #20]
 7735              	.LVL536:
 7736              	.L448:
ARM GAS  C:\Users\kgpol\AppData\Local\Temp\ccIP7kIm.s 			page 209


 239:../../libDaisy//src/hid/disp/display.h ****         {
 7737              		.loc 14 239 26 view .LVU1780
 7738              	.LBE2180:
 7739              	.LBE2179:
 7740              	.LBB2215:
 7741              	.LBI2215:
 221:../../libDaisy//src/hid/disp/display.h ****                   uint_fast8_t y1,
 7742              		.loc 14 221 10 is_stmt 1 view .LVU1781
 7743              	.LBB2216:
 227:../../libDaisy//src/hid/disp/display.h ****         int_fast16_t deltaY = abs((int_fast16_t)y2 - (int_fast16_t)y1);
 7744              		.loc 14 227 52 is_stmt 0 view .LVU1782
 7745 01f2 A1EB030E 		sub	lr, r1, r3
 227:../../libDaisy//src/hid/disp/display.h ****         int_fast16_t deltaY = abs((int_fast16_t)y2 - (int_fast16_t)y1);
 7746              		.loc 14 227 22 view .LVU1783
 7747 01f6 BEF1000F 		cmp	lr, #0
 7748 01fa B8BF     		it	lt
 7749 01fc CEF1000E 		rsblt	lr, lr, #0
 7750              	.LVL537:
 7751              	.LBB2217:
 7752              	.LBB2218:
 7753              	.LBB2219:
 354:../../libDaisy//src/dev/oled_ssd130x.h ****             return;
 7754              		.loc 13 354 14 view .LVU1784
 7755 0200 7F29     		cmp	r1, #127
 7756 0202 94BF     		ite	ls
 7757 0204 4FF0000A 		movls	r10, #0
 7758 0208 4FF0010A 		movhi	r10, #1
 7759              	.LBE2219:
 7760              	.LBE2218:
 7761              	.LBE2217:
 229:../../libDaisy//src/hid/disp/display.h ****         int_fast16_t signY  = ((y1 < y2) ? 1 : -1);
 7762              		.loc 14 229 42 view .LVU1785
 7763 020c 9942     		cmp	r1, r3
 7764 020e 8CBF     		ite	hi
 7765 0210 4FF00109 		movhi	r9, #1
 7766 0214 4FF0FF39 		movls	r9, #-1
 7767              	.LVL538:
 7768              	.LBB2226:
 7769              	.LBI2217:
  42:../../libDaisy//src/hid/disp/oled_display.h ****     {
 7770              		.loc 12 42 10 is_stmt 1 view .LVU1786
 7771              	.LBB2224:
 7772              	.LBI2218:
 352:../../libDaisy//src/dev/oled_ssd130x.h ****     {
 7773              		.loc 13 352 10 view .LVU1787
 7774              	.LBB2222:
 354:../../libDaisy//src/dev/oled_ssd130x.h ****             return;
 7775              		.loc 13 354 9 is_stmt 0 view .LVU1788
 7776 0218 BAF1000F 		cmp	r10, #0
 7777 021c 13D1     		bne	.L457
 7778 021e 039E     		ldr	r6, [sp, #12]
 7779 0220 8EB9     		cbnz	r6, .L457
 357:../../libDaisy//src/dev/oled_ssd130x.h ****         else
 7780              		.loc 13 357 28 view .LVU1789
 7781 0222 E608     		lsrs	r6, r4, #3
 357:../../libDaisy//src/dev/oled_ssd130x.h ****         else
 7782              		.loc 13 357 42 view .LVU1790
ARM GAS  C:\Users\kgpol\AppData\Local\Temp\ccIP7kIm.s 			page 210


 7783 0224 01EBC616 		add	r6, r1, r6, lsl #7
 7784 0228 0644     		add	r6, r6, r0
 356:../../libDaisy//src/dev/oled_ssd130x.h ****             buffer_[x + (y / 8) * width] |= (1 << (y % 8));
 7785              		.loc 13 356 9 view .LVU1791
 7786 022a 002D     		cmp	r5, #0
 7787 022c 00F0D380 		beq	.L458
 357:../../libDaisy//src/dev/oled_ssd130x.h ****         else
 7788              		.loc 13 357 48 view .LVU1792
 7789 0230 4FF0010C 		mov	ip, #1
 357:../../libDaisy//src/dev/oled_ssd130x.h ****         else
 7790              		.loc 13 357 54 view .LVU1793
 7791 0234 04F00707 		and	r7, r4, #7
 357:../../libDaisy//src/dev/oled_ssd130x.h ****         else
 7792              		.loc 13 357 48 view .LVU1794
 7793 0238 0CFA07F7 		lsl	r7, ip, r7
 357:../../libDaisy//src/dev/oled_ssd130x.h ****         else
 7794              		.loc 13 357 42 view .LVU1795
 7795 023c 96F814C0 		ldrb	ip, [r6, #20]	@ zero_extendqisi2
 7796 0240 47EA0C07 		orr	r7, r7, ip
 7797 0244 3775     		strb	r7, [r6, #20]
 7798              	.L457:
 7799              	.LVL539:
 357:../../libDaisy//src/dev/oled_ssd130x.h ****         else
 7800              		.loc 13 357 42 view .LVU1796
 7801              	.LBE2222:
 7802              	.LBE2224:
 7803              	.LBE2226:
 239:../../libDaisy//src/hid/disp/display.h ****         {
 7804              		.loc 14 239 26 is_stmt 1 view .LVU1797
 7805 0246 049E     		ldr	r6, [sp, #16]
 7806 0248 26BB     		cbnz	r6, .L459
 227:../../libDaisy//src/hid/disp/display.h ****         int_fast16_t deltaY = abs((int_fast16_t)y2 - (int_fast16_t)y1);
 7807              		.loc 14 227 22 is_stmt 0 view .LVU1798
 7808 024a 7746     		mov	r7, lr
 239:../../libDaisy//src/hid/disp/display.h ****         {
 7809              		.loc 14 239 26 view .LVU1799
 7810 024c 2646     		mov	r6, r4
 7811              	.LVL540:
 7812              	.L460:
 7813              	.LBB2227:
 7814              	.LBI2227:
  42:../../libDaisy//src/hid/disp/oled_display.h ****     {
 7815              		.loc 12 42 10 is_stmt 1 view .LVU1800
 7816              	.LBB2228:
 7817              	.LBI2228:
 352:../../libDaisy//src/dev/oled_ssd130x.h ****     {
 7818              		.loc 13 352 10 view .LVU1801
 7819              	.LBB2229:
 354:../../libDaisy//src/dev/oled_ssd130x.h ****             return;
 7820              		.loc 13 354 9 is_stmt 0 view .LVU1802
 7821 024e 7F2B     		cmp	r3, #127
 7822 0250 14D8     		bhi	.L462
 354:../../libDaisy//src/dev/oled_ssd130x.h ****             return;
 7823              		.loc 13 354 9 view .LVU1803
 7824 0252 3F2E     		cmp	r6, #63
 7825 0254 12D8     		bhi	.L462
 357:../../libDaisy//src/dev/oled_ssd130x.h ****         else
ARM GAS  C:\Users\kgpol\AppData\Local\Temp\ccIP7kIm.s 			page 211


 7826              		.loc 13 357 28 view .LVU1804
 7827 0256 4FEAD60C 		lsr	ip, r6, #3
 357:../../libDaisy//src/dev/oled_ssd130x.h ****         else
 7828              		.loc 13 357 54 view .LVU1805
 7829 025a 06F0070B 		and	fp, r6, #7
 357:../../libDaisy//src/dev/oled_ssd130x.h ****         else
 7830              		.loc 13 357 48 view .LVU1806
 7831 025e 4FF00108 		mov	r8, #1
 357:../../libDaisy//src/dev/oled_ssd130x.h ****         else
 7832              		.loc 13 357 42 view .LVU1807
 7833 0262 03EBCC1C 		add	ip, r3, ip, lsl #7
 7834 0266 8444     		add	ip, ip, r0
 356:../../libDaisy//src/dev/oled_ssd130x.h ****             buffer_[x + (y / 8) * width] |= (1 << (y % 8));
 7835              		.loc 13 356 9 view .LVU1808
 7836 0268 002D     		cmp	r5, #0
 7837 026a 73D0     		beq	.L463
 357:../../libDaisy//src/dev/oled_ssd130x.h ****         else
 7838              		.loc 13 357 48 view .LVU1809
 7839 026c 08FA0BF8 		lsl	r8, r8, fp
 357:../../libDaisy//src/dev/oled_ssd130x.h ****         else
 7840              		.loc 13 357 42 view .LVU1810
 7841 0270 9CF814B0 		ldrb	fp, [ip, #20]	@ zero_extendqisi2
 7842 0274 48EA0B08 		orr	r8, r8, fp
 7843 0278 8CF81480 		strb	r8, [ip, #20]
 7844              	.L462:
 7845              	.LVL541:
 357:../../libDaisy//src/dev/oled_ssd130x.h ****         else
 7846              		.loc 13 357 42 view .LVU1811
 7847              	.LBE2229:
 7848              	.LBE2228:
 7849              	.LBE2227:
 243:../../libDaisy//src/hid/disp/display.h ****             {
 7850              		.loc 14 243 13 view .LVU1812
 7851 027c 5FEA470C 		lsls	ip, r7, #1
 7852              	.LVL542:
 246:../../libDaisy//src/hid/disp/display.h ****             }
 7853              		.loc 14 246 20 view .LVU1813
 7854 0280 18BF     		it	ne
 7855 0282 4B44     		addne	r3, r3, r9
 7856              	.LVL543:
 249:../../libDaisy//src/hid/disp/display.h ****             {
 7857              		.loc 14 249 13 view .LVU1814
 7858 0284 E645     		cmp	lr, ip
 7859 0286 01DD     		ble	.L465
 251:../../libDaisy//src/hid/disp/display.h ****                 y1 += signY;
 7860              		.loc 14 251 23 view .LVU1815
 7861 0288 7744     		add	r7, r7, lr
 7862              	.LVL544:
 252:../../libDaisy//src/hid/disp/display.h ****             }
 7863              		.loc 14 252 20 view .LVU1816
 7864 028a 013E     		subs	r6, r6, #1
 7865              	.LVL545:
 7866              	.L465:
 239:../../libDaisy//src/hid/disp/display.h ****         {
 7867              		.loc 14 239 26 is_stmt 1 view .LVU1817
 7868 028c 9942     		cmp	r1, r3
 7869 028e DED1     		bne	.L460
ARM GAS  C:\Users\kgpol\AppData\Local\Temp\ccIP7kIm.s 			page 212


 239:../../libDaisy//src/hid/disp/display.h ****         {
 7870              		.loc 14 239 26 is_stmt 0 view .LVU1818
 7871 0290 B442     		cmp	r4, r6
 7872 0292 DCD1     		bne	.L460
 7873              	.LVL546:
 7874              	.L459:
 239:../../libDaisy//src/hid/disp/display.h ****         {
 7875              		.loc 14 239 26 view .LVU1819
 7876              	.LBE2216:
 7877              	.LBE2215:
 7878              	.LBB2238:
 7879              	.LBI2238:
 221:../../libDaisy//src/hid/disp/display.h ****                   uint_fast8_t y1,
 7880              		.loc 14 221 10 is_stmt 1 view .LVU1820
 7881              	.LBB2239:
 228:../../libDaisy//src/hid/disp/display.h ****         int_fast16_t signX  = ((x1 < x2) ? 1 : -1);
 7882              		.loc 14 228 52 is_stmt 0 view .LVU1821
 7883 0294 A2EB040E 		sub	lr, r2, r4
 228:../../libDaisy//src/hid/disp/display.h ****         int_fast16_t signX  = ((x1 < x2) ? 1 : -1);
 7884              		.loc 14 228 22 view .LVU1822
 7885 0298 BEF1000F 		cmp	lr, #0
 7886 029c B8BF     		it	lt
 7887 029e CEF1000E 		rsblt	lr, lr, #0
 7888              	.LVL547:
 230:../../libDaisy//src/hid/disp/display.h ****         int_fast16_t error  = deltaX - deltaY;
 7889              		.loc 14 230 42 view .LVU1823
 7890 02a2 A242     		cmp	r2, r4
 7891 02a4 8CBF     		ite	hi
 7892 02a6 4FF00108 		movhi	r8, #1
 7893 02aa 4FF0FF38 		movls	r8, #-1
 7894              	.LVL548:
 231:../../libDaisy//src/hid/disp/display.h ****         int_fast16_t error2;
 7895              		.loc 14 231 22 view .LVU1824
 7896 02ae CEF1000C 		rsb	ip, lr, #0
 7897              	.LVL549:
 7898              	.LBB2240:
 7899              	.LBI2240:
  42:../../libDaisy//src/hid/disp/oled_display.h ****     {
 7900              		.loc 12 42 10 is_stmt 1 view .LVU1825
 7901              	.LBB2241:
 7902              	.LBI2241:
 352:../../libDaisy//src/dev/oled_ssd130x.h ****     {
 7903              		.loc 13 352 10 view .LVU1826
 7904              	.LBB2242:
 354:../../libDaisy//src/dev/oled_ssd130x.h ****             return;
 7905              		.loc 13 354 9 is_stmt 0 view .LVU1827
 7906 02b2 BAF1000F 		cmp	r10, #0
 7907 02b6 0ED1     		bne	.L467
 7908 02b8 029B     		ldr	r3, [sp, #8]
 7909 02ba 63B9     		cbnz	r3, .L467
 357:../../libDaisy//src/dev/oled_ssd130x.h ****         else
 7910              		.loc 13 357 28 view .LVU1828
 7911 02bc D308     		lsrs	r3, r2, #3
 357:../../libDaisy//src/dev/oled_ssd130x.h ****         else
 7912              		.loc 13 357 54 view .LVU1829
 7913 02be 02F00707 		and	r7, r2, #7
 357:../../libDaisy//src/dev/oled_ssd130x.h ****         else
ARM GAS  C:\Users\kgpol\AppData\Local\Temp\ccIP7kIm.s 			page 213


 7914              		.loc 13 357 48 view .LVU1830
 7915 02c2 0126     		movs	r6, #1
 357:../../libDaisy//src/dev/oled_ssd130x.h ****         else
 7916              		.loc 13 357 42 view .LVU1831
 7917 02c4 01EBC313 		add	r3, r1, r3, lsl #7
 7918 02c8 0344     		add	r3, r3, r0
 356:../../libDaisy//src/dev/oled_ssd130x.h ****             buffer_[x + (y / 8) * width] |= (1 << (y % 8));
 7919              		.loc 13 356 9 view .LVU1832
 7920 02ca 002D     		cmp	r5, #0
 7921 02cc 7CD0     		beq	.L468
 357:../../libDaisy//src/dev/oled_ssd130x.h ****         else
 7922              		.loc 13 357 48 view .LVU1833
 7923 02ce BE40     		lsls	r6, r6, r7
 357:../../libDaisy//src/dev/oled_ssd130x.h ****         else
 7924              		.loc 13 357 42 view .LVU1834
 7925 02d0 1F7D     		ldrb	r7, [r3, #20]	@ zero_extendqisi2
 7926 02d2 3E43     		orrs	r6, r6, r7
 7927 02d4 1E75     		strb	r6, [r3, #20]
 7928              	.L467:
 7929              	.LVL550:
 357:../../libDaisy//src/dev/oled_ssd130x.h ****         else
 7930              		.loc 13 357 42 view .LVU1835
 7931              	.LBE2242:
 7932              	.LBE2241:
 7933              	.LBE2240:
 239:../../libDaisy//src/hid/disp/display.h ****         {
 7934              		.loc 14 239 26 is_stmt 1 view .LVU1836
 7935 02d6 019B     		ldr	r3, [sp, #4]
 7936 02d8 002B     		cmp	r3, #0
 7937 02da 7FF4CDAE 		bne	.L425
 7938 02de 6646     		mov	r6, ip
 7939 02e0 0B46     		mov	r3, r1
 7940              	.LVL551:
 7941              	.L469:
 7942              	.LBB2247:
 7943              	.LBI2247:
  42:../../libDaisy//src/hid/disp/oled_display.h ****     {
 7944              		.loc 12 42 10 view .LVU1837
 7945              	.LBB2248:
 7946              	.LBI2248:
 352:../../libDaisy//src/dev/oled_ssd130x.h ****     {
 7947              		.loc 13 352 10 view .LVU1838
 7948              	.LBB2249:
 354:../../libDaisy//src/dev/oled_ssd130x.h ****             return;
 7949              		.loc 13 354 9 is_stmt 0 view .LVU1839
 7950 02e2 7F2B     		cmp	r3, #127
 7951 02e4 12D8     		bhi	.L471
 354:../../libDaisy//src/dev/oled_ssd130x.h ****             return;
 7952              		.loc 13 354 9 view .LVU1840
 7953 02e6 3F2C     		cmp	r4, #63
 7954 02e8 10D8     		bhi	.L471
 357:../../libDaisy//src/dev/oled_ssd130x.h ****         else
 7955              		.loc 13 357 28 view .LVU1841
 7956 02ea E708     		lsrs	r7, r4, #3
 357:../../libDaisy//src/dev/oled_ssd130x.h ****         else
 7957              		.loc 13 357 54 view .LVU1842
 7958 02ec 04F0070A 		and	r10, r4, #7
ARM GAS  C:\Users\kgpol\AppData\Local\Temp\ccIP7kIm.s 			page 214


 357:../../libDaisy//src/dev/oled_ssd130x.h ****         else
 7959              		.loc 13 357 48 view .LVU1843
 7960 02f0 4FF00109 		mov	r9, #1
 357:../../libDaisy//src/dev/oled_ssd130x.h ****         else
 7961              		.loc 13 357 42 view .LVU1844
 7962 02f4 03EBC717 		add	r7, r3, r7, lsl #7
 7963 02f8 0744     		add	r7, r7, r0
 356:../../libDaisy//src/dev/oled_ssd130x.h ****             buffer_[x + (y / 8) * width] |= (1 << (y % 8));
 7964              		.loc 13 356 9 view .LVU1845
 7965 02fa A5B3     		cbz	r5, .L472
 357:../../libDaisy//src/dev/oled_ssd130x.h ****         else
 7966              		.loc 13 357 48 view .LVU1846
 7967 02fc 09FA0AF9 		lsl	r9, r9, r10
 357:../../libDaisy//src/dev/oled_ssd130x.h ****         else
 7968              		.loc 13 357 42 view .LVU1847
 7969 0300 97F814A0 		ldrb	r10, [r7, #20]	@ zero_extendqisi2
 7970 0304 49EA0A09 		orr	r9, r9, r10
 7971 0308 87F81490 		strb	r9, [r7, #20]
 7972              	.L471:
 7973              	.LVL552:
 357:../../libDaisy//src/dev/oled_ssd130x.h ****         else
 7974              		.loc 13 357 42 view .LVU1848
 7975              	.LBE2249:
 7976              	.LBE2248:
 7977              	.LBE2247:
 243:../../libDaisy//src/hid/disp/display.h ****             {
 7978              		.loc 14 243 13 view .LVU1849
 7979 030c BCEB460F 		cmp	ip, r6, lsl #1
 242:../../libDaisy//src/hid/disp/display.h ****             if(error2 > -deltaY)
 7980              		.loc 14 242 20 view .LVU1850
 7981 0310 4FEA4607 		lsl	r7, r6, #1
 7982              	.LVL553:
 243:../../libDaisy//src/hid/disp/display.h ****             {
 7983              		.loc 14 243 13 view .LVU1851
 7984 0314 02DA     		bge	.L473
 245:../../libDaisy//src/hid/disp/display.h ****                 x1 += signX;
 7985              		.loc 14 245 23 view .LVU1852
 7986 0316 A6EB0E06 		sub	r6, r6, lr
 7987              	.LVL554:
 246:../../libDaisy//src/hid/disp/display.h ****             }
 7988              		.loc 14 246 20 view .LVU1853
 7989 031a 013B     		subs	r3, r3, #1
 7990              	.LVL555:
 7991              	.L473:
 249:../../libDaisy//src/hid/disp/display.h ****             {
 7992              		.loc 14 249 13 view .LVU1854
 7993 031c 07B1     		cbz	r7, .L474
 252:../../libDaisy//src/hid/disp/display.h ****             }
 7994              		.loc 14 252 20 view .LVU1855
 7995 031e 4444     		add	r4, r4, r8
 7996              	.LVL556:
 7997              	.L474:
 239:../../libDaisy//src/hid/disp/display.h ****         {
 7998              		.loc 14 239 26 is_stmt 1 view .LVU1856
 7999 0320 9942     		cmp	r1, r3
 8000 0322 DED1     		bne	.L469
 239:../../libDaisy//src/hid/disp/display.h ****         {
ARM GAS  C:\Users\kgpol\AppData\Local\Temp\ccIP7kIm.s 			page 215


 8001              		.loc 14 239 26 is_stmt 0 view .LVU1857
 8002 0324 A242     		cmp	r2, r4
 8003 0326 DCD1     		bne	.L469
 8004              	.LBE2239:
 8005              	.LBE2238:
 8006              	.LBE2291:
 281:../../libDaisy//src/hid/disp/display.h **** 
 8007              		.loc 14 281 5 view .LVU1858
 8008 0328 07B0     		add	sp, sp, #28
 8009              		.cfi_remember_state
 8010              		.cfi_def_cfa_offset 36
 8011              		@ sp needed
 8012 032a BDE8F08F 		pop	{r4, r5, r6, r7, r8, r9, r10, fp, pc}
 8013              	.LVL557:
 8014              	.L434:
 8015              		.cfi_restore_state
 8016              	.LBB2292:
 8017              	.LBB2258:
 8018              	.LBB2175:
 8019              	.LBB2171:
  42:../../libDaisy//src/hid/disp/oled_display.h ****     {
 8020              		.loc 12 42 10 is_stmt 1 view .LVU1859
 8021              	.LBB2160:
 352:../../libDaisy//src/dev/oled_ssd130x.h ****     {
 8022              		.loc 13 352 10 view .LVU1860
 8023              	.LBB2156:
 354:../../libDaisy//src/dev/oled_ssd130x.h ****             return;
 8024              		.loc 13 354 28 is_stmt 0 view .LVU1861
 8025 032e 3F2A     		cmp	r2, #63
 8026              	.LBE2156:
 8027              	.LBE2160:
 8028              	.LBE2171:
 229:../../libDaisy//src/hid/disp/display.h ****         int_fast16_t signY  = ((y1 < y2) ? 1 : -1);
 8029              		.loc 14 229 42 view .LVU1862
 8030 0330 4FF0010A 		mov	r10, #1
 8031              	.LBB2172:
 8032              	.LBB2161:
 8033              	.LBB2157:
 354:../../libDaisy//src/dev/oled_ssd130x.h ****             return;
 8034              		.loc 13 354 28 view .LVU1863
 8035 0334 94BF     		ite	ls
 8036 0336 0026     		movls	r6, #0
 8037 0338 0126     		movhi	r6, #1
 354:../../libDaisy//src/dev/oled_ssd130x.h ****             return;
 8038              		.loc 13 354 14 view .LVU1864
 8039 033a 7F2B     		cmp	r3, #127
 354:../../libDaisy//src/dev/oled_ssd130x.h ****             return;
 8040              		.loc 13 354 28 view .LVU1865
 8041 033c 0296     		str	r6, [sp, #8]
 354:../../libDaisy//src/dev/oled_ssd130x.h ****             return;
 8042              		.loc 13 354 14 view .LVU1866
 8043 033e 94BF     		ite	ls
 8044 0340 0027     		movls	r7, #0
 8045 0342 0127     		movhi	r7, #1
 8046 0344 0097     		str	r7, [sp]
 354:../../libDaisy//src/dev/oled_ssd130x.h ****             return;
 8047              		.loc 13 354 9 view .LVU1867
ARM GAS  C:\Users\kgpol\AppData\Local\Temp\ccIP7kIm.s 			page 216


 8048 0346 002E     		cmp	r6, #0
 8049 0348 7FF4C8AE 		bne	.L438
 8050 034c 002F     		cmp	r7, #0
 8051 034e 3FF4AEAE 		beq	.L476
 8052 0352 C3E6     		b	.L438
 8053              	.LVL558:
 8054              	.L463:
 354:../../libDaisy//src/dev/oled_ssd130x.h ****             return;
 8055              		.loc 13 354 9 view .LVU1868
 8056              	.LBE2157:
 8057              	.LBE2161:
 8058              	.LBE2172:
 8059              	.LBE2175:
 8060              	.LBE2258:
 8061              	.LBB2259:
 8062              	.LBB2236:
 8063              	.LBB2234:
 8064              	.LBB2233:
 8065              	.LBB2232:
 8066              	.LBB2230:
 8067              	.LBI2230:
 352:../../libDaisy//src/dev/oled_ssd130x.h ****     {
 8068              		.loc 13 352 10 is_stmt 1 view .LVU1869
 8069              	.LBB2231:
 359:../../libDaisy//src/dev/oled_ssd130x.h ****     }
 8070              		.loc 13 359 49 is_stmt 0 view .LVU1870
 8071 0354 08FA0BFB 		lsl	fp, r8, fp
 359:../../libDaisy//src/dev/oled_ssd130x.h ****     }
 8072              		.loc 13 359 42 view .LVU1871
 8073 0358 9CF81480 		ldrb	r8, [ip, #20]	@ zero_extendqisi2
 8074 035c 28EA0B08 		bic	r8, r8, fp
 8075 0360 8CF81480 		strb	r8, [ip, #20]
 8076 0364 8AE7     		b	.L462
 8077              	.LVL559:
 8078              	.L472:
 359:../../libDaisy//src/dev/oled_ssd130x.h ****     }
 8079              		.loc 13 359 42 view .LVU1872
 8080              	.LBE2231:
 8081              	.LBE2230:
 8082              	.LBE2232:
 8083              	.LBE2233:
 8084              	.LBE2234:
 8085              	.LBE2236:
 8086              	.LBE2259:
 8087              	.LBB2260:
 8088              	.LBB2256:
 8089              	.LBB2254:
 8090              	.LBB2253:
 8091              	.LBB2252:
 8092              	.LBB2250:
 8093              	.LBI2250:
 352:../../libDaisy//src/dev/oled_ssd130x.h ****     {
 8094              		.loc 13 352 10 is_stmt 1 view .LVU1873
 8095              	.LBB2251:
 359:../../libDaisy//src/dev/oled_ssd130x.h ****     }
 8096              		.loc 13 359 49 is_stmt 0 view .LVU1874
 8097 0366 09FA0AFA 		lsl	r10, r9, r10
ARM GAS  C:\Users\kgpol\AppData\Local\Temp\ccIP7kIm.s 			page 217


 359:../../libDaisy//src/dev/oled_ssd130x.h ****     }
 8098              		.loc 13 359 42 view .LVU1875
 8099 036a 97F81490 		ldrb	r9, [r7, #20]	@ zero_extendqisi2
 8100 036e 29EA0A09 		bic	r9, r9, r10
 8101 0372 87F81490 		strb	r9, [r7, #20]
 8102 0376 C9E7     		b	.L471
 8103              	.LVL560:
 8104              	.L442:
 359:../../libDaisy//src/dev/oled_ssd130x.h ****     }
 8105              		.loc 13 359 42 view .LVU1876
 8106              	.LBE2251:
 8107              	.LBE2250:
 8108              	.LBE2252:
 8109              	.LBE2253:
 8110              	.LBE2254:
 8111              	.LBE2256:
 8112              	.LBE2260:
 8113              	.LBB2261:
 8114              	.LBB2176:
 8115              	.LBB2173:
 8116              	.LBB2170:
 8117              	.LBB2169:
 8118              	.LBB2167:
 8119              	.LBI2167:
 352:../../libDaisy//src/dev/oled_ssd130x.h ****     {
 8120              		.loc 13 352 10 is_stmt 1 view .LVU1877
 8121              	.LBB2168:
 359:../../libDaisy//src/dev/oled_ssd130x.h ****     }
 8122              		.loc 13 359 49 is_stmt 0 view .LVU1878
 8123 0378 09FA0BFB 		lsl	fp, r9, fp
 359:../../libDaisy//src/dev/oled_ssd130x.h ****     }
 8124              		.loc 13 359 42 view .LVU1879
 8125 037c 97F81490 		ldrb	r9, [r7, #20]	@ zero_extendqisi2
 8126 0380 29EA0B09 		bic	r9, r9, fp
 8127 0384 87F81490 		strb	r9, [r7, #20]
 8128 0388 C5E6     		b	.L441
 8129              	.LVL561:
 8130              	.L453:
 359:../../libDaisy//src/dev/oled_ssd130x.h ****     }
 8131              		.loc 13 359 42 view .LVU1880
 8132              	.LBE2168:
 8133              	.LBE2167:
 8134              	.LBE2169:
 8135              	.LBE2170:
 8136              	.LBE2173:
 8137              	.LBE2176:
 8138              	.LBE2261:
 8139              	.LBB2262:
 8140              	.LBB2212:
 8141              	.LBB2209:
 8142              	.LBB2208:
 8143              	.LBB2207:
 8144              	.LBB2205:
 8145              	.LBI2205:
 352:../../libDaisy//src/dev/oled_ssd130x.h ****     {
 8146              		.loc 13 352 10 is_stmt 1 view .LVU1881
 8147              	.LBB2206:
ARM GAS  C:\Users\kgpol\AppData\Local\Temp\ccIP7kIm.s 			page 218


 359:../../libDaisy//src/dev/oled_ssd130x.h ****     }
 8148              		.loc 13 359 49 is_stmt 0 view .LVU1882
 8149 038a 0AFA0BFB 		lsl	fp, r10, fp
 359:../../libDaisy//src/dev/oled_ssd130x.h ****     }
 8150              		.loc 13 359 42 view .LVU1883
 8151 038e 9EF814A0 		ldrb	r10, [lr, #20]	@ zero_extendqisi2
 8152 0392 2AEA0B0A 		bic	r10, r10, fp
 8153 0396 8EF814A0 		strb	r10, [lr, #20]
 8154 039a 18E7     		b	.L452
 8155              	.LVL562:
 8156              	.L445:
 359:../../libDaisy//src/dev/oled_ssd130x.h ****     }
 8157              		.loc 13 359 42 view .LVU1884
 8158              	.LBE2206:
 8159              	.LBE2205:
 8160              	.LBE2207:
 8161              	.LBE2208:
 8162              	.LBE2209:
 8163              	.LBB2210:
 8164              	.LBB2196:
 8165              	.LBB2190:
 354:../../libDaisy//src/dev/oled_ssd130x.h ****             return;
 8166              		.loc 13 354 9 view .LVU1885
 8167 039c 97BB     		cbnz	r7, .L484
 8168 039e 8EBB     		cbnz	r6, .L484
 8169              	.LBE2190:
 8170              	.LBE2196:
 8171              	.LBE2210:
 230:../../libDaisy//src/hid/disp/display.h ****         int_fast16_t error  = deltaX - deltaY;
 8172              		.loc 14 230 42 view .LVU1886
 8173 03a0 0126     		movs	r6, #1
 8174 03a2 0096     		str	r6, [sp]
 8175              	.LBB2211:
 8176              	.LBB2197:
 8177              	.LBB2191:
 357:../../libDaisy//src/dev/oled_ssd130x.h ****         else
 8178              		.loc 13 357 28 view .LVU1887
 8179 03a4 E608     		lsrs	r6, r4, #3
 357:../../libDaisy//src/dev/oled_ssd130x.h ****         else
 8180              		.loc 13 357 42 view .LVU1888
 8181 03a6 03EBC616 		add	r6, r3, r6, lsl #7
 8182 03aa 0644     		add	r6, r6, r0
 356:../../libDaisy//src/dev/oled_ssd130x.h ****             buffer_[x + (y / 8) * width] |= (1 << (y % 8));
 8183              		.loc 13 356 9 view .LVU1889
 8184 03ac 002D     		cmp	r5, #0
 8185 03ae 7FF4E2AE 		bne	.L519
 8186              	.LVL563:
 8187              	.L447:
 8188              	.LBB2184:
 8189              	.LBI2184:
 352:../../libDaisy//src/dev/oled_ssd130x.h ****     {
 8190              		.loc 13 352 10 is_stmt 1 view .LVU1890
 8191              	.LBB2185:
 359:../../libDaisy//src/dev/oled_ssd130x.h ****     }
 8192              		.loc 13 359 49 is_stmt 0 view .LVU1891
 8193 03b2 0127     		movs	r7, #1
 359:../../libDaisy//src/dev/oled_ssd130x.h ****     }
ARM GAS  C:\Users\kgpol\AppData\Local\Temp\ccIP7kIm.s 			page 219


 8194              		.loc 13 359 55 view .LVU1892
 8195 03b4 04F0070C 		and	ip, r4, #7
 359:../../libDaisy//src/dev/oled_ssd130x.h ****     }
 8196              		.loc 13 359 42 view .LVU1893
 8197 03b8 0395     		str	r5, [sp, #12]
 359:../../libDaisy//src/dev/oled_ssd130x.h ****     }
 8198              		.loc 13 359 49 view .LVU1894
 8199 03ba 07FA0CFC 		lsl	ip, r7, ip
 359:../../libDaisy//src/dev/oled_ssd130x.h ****     }
 8200              		.loc 13 359 42 view .LVU1895
 8201 03be 377D     		ldrb	r7, [r6, #20]	@ zero_extendqisi2
 8202 03c0 27EA0C07 		bic	r7, r7, ip
 8203 03c4 3775     		strb	r7, [r6, #20]
 8204 03c6 E3E6     		b	.L446
 8205              	.LVL564:
 8206              	.L468:
 359:../../libDaisy//src/dev/oled_ssd130x.h ****     }
 8207              		.loc 13 359 42 view .LVU1896
 8208              	.LBE2185:
 8209              	.LBE2184:
 8210              	.LBE2191:
 8211              	.LBE2197:
 8212              	.LBE2211:
 8213              	.LBE2212:
 8214              	.LBE2262:
 8215              	.LBB2263:
 8216              	.LBB2257:
 8217              	.LBB2255:
 8218              	.LBB2246:
 8219              	.LBB2245:
 8220              	.LBB2243:
 8221              	.LBI2243:
 352:../../libDaisy//src/dev/oled_ssd130x.h ****     {
 8222              		.loc 13 352 10 is_stmt 1 view .LVU1897
 8223              	.LBB2244:
 359:../../libDaisy//src/dev/oled_ssd130x.h ****     }
 8224              		.loc 13 359 49 is_stmt 0 view .LVU1898
 8225 03c8 06FA07F7 		lsl	r7, r6, r7
 359:../../libDaisy//src/dev/oled_ssd130x.h ****     }
 8226              		.loc 13 359 42 view .LVU1899
 8227 03cc 1E7D     		ldrb	r6, [r3, #20]	@ zero_extendqisi2
 8228 03ce 26EA0706 		bic	r6, r6, r7
 8229 03d2 1E75     		strb	r6, [r3, #20]
 8230 03d4 7FE7     		b	.L467
 8231              	.LVL565:
 8232              	.L458:
 359:../../libDaisy//src/dev/oled_ssd130x.h ****     }
 8233              		.loc 13 359 42 view .LVU1900
 8234              	.LBE2244:
 8235              	.LBE2243:
 8236              	.LBE2245:
 8237              	.LBE2246:
 8238              	.LBE2255:
 8239              	.LBE2257:
 8240              	.LBE2263:
 8241              	.LBB2264:
 8242              	.LBB2237:
ARM GAS  C:\Users\kgpol\AppData\Local\Temp\ccIP7kIm.s 			page 220


 8243              	.LBB2235:
 8244              	.LBB2225:
 8245              	.LBB2223:
 8246              	.LBB2220:
 8247              	.LBI2220:
 352:../../libDaisy//src/dev/oled_ssd130x.h ****     {
 8248              		.loc 13 352 10 is_stmt 1 view .LVU1901
 8249              	.LBB2221:
 359:../../libDaisy//src/dev/oled_ssd130x.h ****     }
 8250              		.loc 13 359 49 is_stmt 0 view .LVU1902
 8251 03d6 0127     		movs	r7, #1
 359:../../libDaisy//src/dev/oled_ssd130x.h ****     }
 8252              		.loc 13 359 55 view .LVU1903
 8253 03d8 04F0070C 		and	ip, r4, #7
 359:../../libDaisy//src/dev/oled_ssd130x.h ****     }
 8254              		.loc 13 359 49 view .LVU1904
 8255 03dc 07FA0CFC 		lsl	ip, r7, ip
 359:../../libDaisy//src/dev/oled_ssd130x.h ****     }
 8256              		.loc 13 359 42 view .LVU1905
 8257 03e0 377D     		ldrb	r7, [r6, #20]	@ zero_extendqisi2
 8258 03e2 27EA0C07 		bic	r7, r7, ip
 8259 03e6 3775     		strb	r7, [r6, #20]
 8260 03e8 2DE7     		b	.L457
 8261              	.LVL566:
 8262              	.L436:
 359:../../libDaisy//src/dev/oled_ssd130x.h ****     }
 8263              		.loc 13 359 42 view .LVU1906
 8264              	.LBE2221:
 8265              	.LBE2220:
 8266              	.LBE2223:
 8267              	.LBE2225:
 8268              	.LBE2235:
 8269              	.LBE2237:
 8270              	.LBE2264:
 8271              	.LBB2265:
 8272              	.LBB2177:
 8273              	.LBB2174:
 8274              	.LBB2162:
 8275              	.LBB2158:
 8276              	.LBB2153:
 8277              	.LBI2153:
 352:../../libDaisy//src/dev/oled_ssd130x.h ****     {
 8278              		.loc 13 352 10 is_stmt 1 view .LVU1907
 8279              	.LBB2154:
 359:../../libDaisy//src/dev/oled_ssd130x.h ****     }
 8280              		.loc 13 359 49 is_stmt 0 view .LVU1908
 8281 03ea 07FA0CFC 		lsl	ip, r7, ip
 359:../../libDaisy//src/dev/oled_ssd130x.h ****     }
 8282              		.loc 13 359 42 view .LVU1909
 8283 03ee 377D     		ldrb	r7, [r6, #20]	@ zero_extendqisi2
 8284 03f0 0295     		str	r5, [sp, #8]
 8285 03f2 27EA0C07 		bic	r7, r7, ip
 8286 03f6 0095     		str	r5, [sp]
 8287 03f8 3775     		strb	r7, [r6, #20]
 8288 03fa 6CE6     		b	.L435
 8289              	.LVL567:
 8290              	.L480:
ARM GAS  C:\Users\kgpol\AppData\Local\Temp\ccIP7kIm.s 			page 221


 359:../../libDaisy//src/dev/oled_ssd130x.h ****     }
 8291              		.loc 13 359 42 view .LVU1910
 8292              	.LBE2154:
 8293              	.LBE2153:
 8294              	.LBE2158:
 8295              	.LBE2162:
 8296              	.LBE2174:
 8297              	.LBE2177:
 8298              	.LBE2265:
 8299              	.LBB2266:
 8300              	.LBB2213:
 230:../../libDaisy//src/hid/disp/display.h ****         int_fast16_t error  = deltaX - deltaY;
 8301              		.loc 14 230 42 view .LVU1911
 8302 03fc 4FF0FF36 		mov	r6, #-1
 8303 0400 0096     		str	r6, [sp]
 8304 0402 C5E6     		b	.L446
 8305              	.LVL568:
 8306              	.L484:
 230:../../libDaisy//src/hid/disp/display.h ****         int_fast16_t error  = deltaX - deltaY;
 8307              		.loc 14 230 42 view .LVU1912
 8308 0404 0126     		movs	r6, #1
 8309 0406 0096     		str	r6, [sp]
 8310 0408 C5E6     		b	.L449
 8311              	.LVL569:
 8312              	.L517:
 230:../../libDaisy//src/hid/disp/display.h ****         int_fast16_t error  = deltaX - deltaY;
 8313              		.loc 14 230 42 view .LVU1913
 8314              	.LBE2213:
 8315              	.LBE2266:
 8316              	.LBB2267:
 8317              	.LBB2178:
 239:../../libDaisy//src/hid/disp/display.h ****         {
 8318              		.loc 14 239 19 view .LVU1914
 8319 040a 0126     		movs	r6, #1
 8320 040c 0496     		str	r6, [sp, #16]
 8321 040e 90E6     		b	.L437
 8322              	.LVL570:
 8323              	.L518:
 239:../../libDaisy//src/hid/disp/display.h ****         {
 8324              		.loc 14 239 19 view .LVU1915
 8325              	.LBE2178:
 8326              	.LBE2267:
 8327              	.LBB2268:
 8328              	.LBB2214:
 239:../../libDaisy//src/hid/disp/display.h ****         {
 8329              		.loc 14 239 33 view .LVU1916
 8330 0410 0126     		movs	r6, #1
 8331 0412 0196     		str	r6, [sp, #4]
 8332 0414 EDE6     		b	.L448
 8333              	.LBE2214:
 8334              	.LBE2268:
 8335              	.LBE2292:
 8336              		.cfi_endproc
 8337              	.LFE5336:
 8339 0416 00BF     		.section	.text._ZN5daisy13SSD130xDriverILj128ELj64ENS_24SSD130x4WireSpiTransportEE4InitENS2_6Confi
 8340              		.align	1
 8341              		.p2align 2,,3
ARM GAS  C:\Users\kgpol\AppData\Local\Temp\ccIP7kIm.s 			page 222


 8342              		.weak	_ZN5daisy13SSD130xDriverILj128ELj64ENS_24SSD130x4WireSpiTransportEE4InitENS2_6ConfigE
 8343              		.syntax unified
 8344              		.thumb
 8345              		.thumb_func
 8346              		.fpu fpv5-d16
 8348              	_ZN5daisy13SSD130xDriverILj128ELj64ENS_24SSD130x4WireSpiTransportEE4InitENS2_6ConfigE:
 8349              	.LVL571:
 8350              	.LFB5185:
 253:../../libDaisy//src/dev/oled_ssd130x.h ****     {
 8351              		.loc 13 253 10 is_stmt 1 view -0
 8352              		.cfi_startproc
 8353              		@ args = 48, pretend = 16, frame = 8
 8354              		@ frame_needed = 0, uses_anonymous_args = 0
 253:../../libDaisy//src/dev/oled_ssd130x.h ****     {
 8355              		.loc 13 253 10 is_stmt 0 view .LVU1918
 8356 0000 84B0     		sub	sp, sp, #16
 8357              		.cfi_def_cfa_offset 16
 8358 0002 2DE9F041 		push	{r4, r5, r6, r7, r8, lr}
 8359              		.cfi_def_cfa_offset 40
 8360              		.cfi_offset 4, -40
 8361              		.cfi_offset 5, -36
 8362              		.cfi_offset 6, -32
 8363              		.cfi_offset 7, -28
 8364              		.cfi_offset 8, -24
 8365              		.cfi_offset 14, -20
 8366 0006 82B0     		sub	sp, sp, #8
 8367              		.cfi_def_cfa_offset 48
 8368              	.LBB2341:
 8369              	.LBB2342:
 106:../../libDaisy//src/dev/oled_ssd130x.h ****         pin_dc_.pin  = config.pin_config.dc;
 8370              		.loc 13 106 22 view .LVU1919
 8371 0008 0125     		movs	r5, #1
 107:../../libDaisy//src/dev/oled_ssd130x.h ****         dsy_gpio_init(&pin_dc_);
 8372              		.loc 13 107 22 view .LVU1920
 8373 000a 0646     		mov	r6, r0
 8374              	.LBE2342:
 8375              	.LBE2341:
 253:../../libDaisy//src/dev/oled_ssd130x.h ****     {
 8376              		.loc 13 253 10 view .LVU1921
 8377 000c 0446     		mov	r4, r0
 8378              	.LVL572:
 8379              	.LBB2346:
 8380              	.LBI2341:
 103:../../libDaisy//src/dev/oled_ssd130x.h ****     {
 8381              		.loc 13 103 10 is_stmt 1 view .LVU1922
 8382              	.LBB2343:
 106:../../libDaisy//src/dev/oled_ssd130x.h ****         pin_dc_.pin  = config.pin_config.dc;
 8383              		.loc 13 106 9 view .LVU1923
 8384              	.LBE2343:
 8385              	.LBE2346:
 253:../../libDaisy//src/dev/oled_ssd130x.h ****     {
 8386              		.loc 13 253 10 is_stmt 0 view .LVU1924
 8387 000e 0DF12408 		add	r8, sp, #36
 8388              	.LBB2347:
 8389              	.LBB2344:
 106:../../libDaisy//src/dev/oled_ssd130x.h ****         pin_dc_.pin  = config.pin_config.dc;
 8390              		.loc 13 106 22 view .LVU1925
ARM GAS  C:\Users\kgpol\AppData\Local\Temp\ccIP7kIm.s 			page 223


 8391 0012 8572     		strb	r5, [r0, #10]
 107:../../libDaisy//src/dev/oled_ssd130x.h ****         dsy_gpio_init(&pin_dc_);
 8392              		.loc 13 107 9 is_stmt 1 view .LVU1926
 110:../../libDaisy//src/dev/oled_ssd130x.h ****         dsy_gpio_init(&pin_reset_);
 8393              		.loc 13 110 25 is_stmt 0 view .LVU1927
 8394 0014 2746     		mov	r7, r4
 8395              	.LBE2344:
 8396              	.LBE2347:
 253:../../libDaisy//src/dev/oled_ssd130x.h ****     {
 8397              		.loc 13 253 10 view .LVU1928
 8398 0016 88E80E00 		stm	r8, {r1, r2, r3}
 8399              	.LBB2348:
 8400              	.LBB2345:
 107:../../libDaisy//src/dev/oled_ssd130x.h ****         dsy_gpio_init(&pin_dc_);
 8401              		.loc 13 107 22 view .LVU1929
 8402 001a BDF84C30 		ldrh	r3, [sp, #76]
 8403 001e 26F8083F 		strh	r3, [r6, #8]!	@ movhi
 108:../../libDaisy//src/dev/oled_ssd130x.h ****         pin_reset_.mode = DSY_GPIO_MODE_OUTPUT_PP;
 8404              		.loc 13 108 9 is_stmt 1 view .LVU1930
 108:../../libDaisy//src/dev/oled_ssd130x.h ****         pin_reset_.mode = DSY_GPIO_MODE_OUTPUT_PP;
 8405              		.loc 13 108 22 is_stmt 0 view .LVU1931
 8406 0022 3046     		mov	r0, r6
 8407              	.LVL573:
 108:../../libDaisy//src/dev/oled_ssd130x.h ****         pin_reset_.mode = DSY_GPIO_MODE_OUTPUT_PP;
 8408              		.loc 13 108 22 view .LVU1932
 8409 0024 FFF7FEFF 		bl	dsy_gpio_init
 8410              	.LVL574:
 109:../../libDaisy//src/dev/oled_ssd130x.h ****         pin_reset_.pin  = config.pin_config.reset;
 8411              		.loc 13 109 9 is_stmt 1 view .LVU1933
 110:../../libDaisy//src/dev/oled_ssd130x.h ****         dsy_gpio_init(&pin_reset_);
 8412              		.loc 13 110 25 is_stmt 0 view .LVU1934
 8413 0028 BDF84E30 		ldrh	r3, [sp, #78]
 109:../../libDaisy//src/dev/oled_ssd130x.h ****         pin_reset_.pin  = config.pin_config.reset;
 8414              		.loc 13 109 25 view .LVU1935
 8415 002c A571     		strb	r5, [r4, #6]
 110:../../libDaisy//src/dev/oled_ssd130x.h ****         dsy_gpio_init(&pin_reset_);
 8416              		.loc 13 110 9 is_stmt 1 view .LVU1936
 110:../../libDaisy//src/dev/oled_ssd130x.h ****         dsy_gpio_init(&pin_reset_);
 8417              		.loc 13 110 25 is_stmt 0 view .LVU1937
 8418 002e 27F8043F 		strh	r3, [r7, #4]!	@ movhi
 111:../../libDaisy//src/dev/oled_ssd130x.h **** 
 8419              		.loc 13 111 9 is_stmt 1 view .LVU1938
 111:../../libDaisy//src/dev/oled_ssd130x.h **** 
 8420              		.loc 13 111 22 is_stmt 0 view .LVU1939
 8421 0032 3846     		mov	r0, r7
 8422 0034 FFF7FEFF 		bl	dsy_gpio_init
 8423              	.LVL575:
 114:../../libDaisy//src/dev/oled_ssd130x.h **** 
 8424              		.loc 13 114 9 is_stmt 1 view .LVU1940
 114:../../libDaisy//src/dev/oled_ssd130x.h **** 
 8425              		.loc 13 114 18 is_stmt 0 view .LVU1941
 8426 0038 4146     		mov	r1, r8
 8427 003a 2046     		mov	r0, r4
 8428 003c FFF7FEFF 		bl	_ZN5daisy9SpiHandle4InitERKNS0_6ConfigE
 8429              	.LVL576:
 117:../../libDaisy//src/dev/oled_ssd130x.h ****         System::Delay(10);
 8430              		.loc 13 117 9 is_stmt 1 view .LVU1942
ARM GAS  C:\Users\kgpol\AppData\Local\Temp\ccIP7kIm.s 			page 224


 117:../../libDaisy//src/dev/oled_ssd130x.h ****         System::Delay(10);
 8431              		.loc 13 117 23 is_stmt 0 view .LVU1943
 8432 0040 0021     		movs	r1, #0
 8433 0042 3846     		mov	r0, r7
 8434 0044 FFF7FEFF 		bl	dsy_gpio_write
 8435              	.LVL577:
 118:../../libDaisy//src/dev/oled_ssd130x.h ****         dsy_gpio_write(&pin_reset_, 1);
 8436              		.loc 13 118 9 is_stmt 1 view .LVU1944
 118:../../libDaisy//src/dev/oled_ssd130x.h ****         dsy_gpio_write(&pin_reset_, 1);
 8437              		.loc 13 118 22 is_stmt 0 view .LVU1945
 8438 0048 0A20     		movs	r0, #10
 8439 004a FFF7FEFF 		bl	_ZN5daisy6System5DelayEm
 8440              	.LVL578:
 119:../../libDaisy//src/dev/oled_ssd130x.h ****         System::Delay(10);
 8441              		.loc 13 119 9 is_stmt 1 view .LVU1946
 119:../../libDaisy//src/dev/oled_ssd130x.h ****         System::Delay(10);
 8442              		.loc 13 119 23 is_stmt 0 view .LVU1947
 8443 004e 2946     		mov	r1, r5
 8444 0050 3846     		mov	r0, r7
 8445 0052 FFF7FEFF 		bl	dsy_gpio_write
 8446              	.LVL579:
 120:../../libDaisy//src/dev/oled_ssd130x.h ****     };
 8447              		.loc 13 120 9 is_stmt 1 view .LVU1948
 120:../../libDaisy//src/dev/oled_ssd130x.h ****     };
 8448              		.loc 13 120 22 is_stmt 0 view .LVU1949
 8449 0056 0A20     		movs	r0, #10
 8450 0058 FFF7FEFF 		bl	_ZN5daisy6System5DelayEm
 8451              	.LVL580:
 120:../../libDaisy//src/dev/oled_ssd130x.h ****     };
 8452              		.loc 13 120 22 view .LVU1950
 8453 005c AE23     		movs	r3, #174
 8454              	.LBE2345:
 8455              	.LBE2348:
 8456              	.LBB2349:
 8457              	.LBB2350:
 124:../../libDaisy//src/dev/oled_ssd130x.h ****         spi_.BlockingTransmit(&cmd, 1);
 8458              		.loc 13 124 23 view .LVU1951
 8459 005e 3046     		mov	r0, r6
 8460 0060 0021     		movs	r1, #0
 8461 0062 8DF80730 		strb	r3, [sp, #7]
 8462              	.LVL581:
 124:../../libDaisy//src/dev/oled_ssd130x.h ****         spi_.BlockingTransmit(&cmd, 1);
 8463              		.loc 13 124 23 view .LVU1952
 8464              	.LBE2350:
 8465              	.LBI2349:
 122:../../libDaisy//src/dev/oled_ssd130x.h ****     {
 8466              		.loc 13 122 10 is_stmt 1 view .LVU1953
 8467              	.LBB2351:
 124:../../libDaisy//src/dev/oled_ssd130x.h ****         spi_.BlockingTransmit(&cmd, 1);
 8468              		.loc 13 124 9 view .LVU1954
 124:../../libDaisy//src/dev/oled_ssd130x.h ****         spi_.BlockingTransmit(&cmd, 1);
 8469              		.loc 13 124 23 is_stmt 0 view .LVU1955
 8470 0066 FFF7FEFF 		bl	dsy_gpio_write
 8471              	.LVL582:
 125:../../libDaisy//src/dev/oled_ssd130x.h ****     };
 8472              		.loc 13 125 9 is_stmt 1 view .LVU1956
 125:../../libDaisy//src/dev/oled_ssd130x.h ****     };
ARM GAS  C:\Users\kgpol\AppData\Local\Temp\ccIP7kIm.s 			page 225


 8473              		.loc 13 125 30 is_stmt 0 view .LVU1957
 8474 006a 2A46     		mov	r2, r5
 8475 006c 0DF10701 		add	r1, sp, #7
 8476 0070 6423     		movs	r3, #100
 8477 0072 2046     		mov	r0, r4
 8478 0074 FFF7FEFF 		bl	_ZN5daisy9SpiHandle16BlockingTransmitEPhjm
 8479              	.LVL583:
 125:../../libDaisy//src/dev/oled_ssd130x.h ****     };
 8480              		.loc 13 125 30 view .LVU1958
 8481 0078 D523     		movs	r3, #213
 8482              	.LBE2351:
 8483              	.LBE2349:
 8484              	.LBB2352:
 8485              	.LBB2353:
 124:../../libDaisy//src/dev/oled_ssd130x.h ****         spi_.BlockingTransmit(&cmd, 1);
 8486              		.loc 13 124 23 view .LVU1959
 8487 007a 3046     		mov	r0, r6
 8488 007c 0021     		movs	r1, #0
 8489 007e 8DF80730 		strb	r3, [sp, #7]
 8490              	.LVL584:
 124:../../libDaisy//src/dev/oled_ssd130x.h ****         spi_.BlockingTransmit(&cmd, 1);
 8491              		.loc 13 124 23 view .LVU1960
 8492              	.LBE2353:
 8493              	.LBI2352:
 122:../../libDaisy//src/dev/oled_ssd130x.h ****     {
 8494              		.loc 13 122 10 is_stmt 1 view .LVU1961
 8495              	.LBB2354:
 124:../../libDaisy//src/dev/oled_ssd130x.h ****         spi_.BlockingTransmit(&cmd, 1);
 8496              		.loc 13 124 9 view .LVU1962
 124:../../libDaisy//src/dev/oled_ssd130x.h ****         spi_.BlockingTransmit(&cmd, 1);
 8497              		.loc 13 124 23 is_stmt 0 view .LVU1963
 8498 0082 FFF7FEFF 		bl	dsy_gpio_write
 8499              	.LVL585:
 125:../../libDaisy//src/dev/oled_ssd130x.h ****     };
 8500              		.loc 13 125 9 is_stmt 1 view .LVU1964
 125:../../libDaisy//src/dev/oled_ssd130x.h ****     };
 8501              		.loc 13 125 30 is_stmt 0 view .LVU1965
 8502 0086 2A46     		mov	r2, r5
 8503 0088 0DF10701 		add	r1, sp, #7
 8504 008c 6423     		movs	r3, #100
 8505 008e 2046     		mov	r0, r4
 8506 0090 FFF7FEFF 		bl	_ZN5daisy9SpiHandle16BlockingTransmitEPhjm
 8507              	.LVL586:
 125:../../libDaisy//src/dev/oled_ssd130x.h ****     };
 8508              		.loc 13 125 30 view .LVU1966
 8509 0094 8023     		movs	r3, #128
 8510              	.LBE2354:
 8511              	.LBE2352:
 8512              	.LBB2355:
 8513              	.LBB2356:
 124:../../libDaisy//src/dev/oled_ssd130x.h ****         spi_.BlockingTransmit(&cmd, 1);
 8514              		.loc 13 124 23 view .LVU1967
 8515 0096 3046     		mov	r0, r6
 8516 0098 0021     		movs	r1, #0
 8517 009a 8DF80730 		strb	r3, [sp, #7]
 8518              	.LVL587:
 124:../../libDaisy//src/dev/oled_ssd130x.h ****         spi_.BlockingTransmit(&cmd, 1);
ARM GAS  C:\Users\kgpol\AppData\Local\Temp\ccIP7kIm.s 			page 226


 8519              		.loc 13 124 23 view .LVU1968
 8520              	.LBE2356:
 8521              	.LBI2355:
 122:../../libDaisy//src/dev/oled_ssd130x.h ****     {
 8522              		.loc 13 122 10 is_stmt 1 view .LVU1969
 8523              	.LBB2357:
 124:../../libDaisy//src/dev/oled_ssd130x.h ****         spi_.BlockingTransmit(&cmd, 1);
 8524              		.loc 13 124 9 view .LVU1970
 124:../../libDaisy//src/dev/oled_ssd130x.h ****         spi_.BlockingTransmit(&cmd, 1);
 8525              		.loc 13 124 23 is_stmt 0 view .LVU1971
 8526 009e FFF7FEFF 		bl	dsy_gpio_write
 8527              	.LVL588:
 125:../../libDaisy//src/dev/oled_ssd130x.h ****     };
 8528              		.loc 13 125 9 is_stmt 1 view .LVU1972
 125:../../libDaisy//src/dev/oled_ssd130x.h ****     };
 8529              		.loc 13 125 30 is_stmt 0 view .LVU1973
 8530 00a2 2A46     		mov	r2, r5
 8531 00a4 0DF10701 		add	r1, sp, #7
 8532 00a8 6423     		movs	r3, #100
 8533 00aa 2046     		mov	r0, r4
 8534 00ac FFF7FEFF 		bl	_ZN5daisy9SpiHandle16BlockingTransmitEPhjm
 8535              	.LVL589:
 125:../../libDaisy//src/dev/oled_ssd130x.h ****     };
 8536              		.loc 13 125 30 view .LVU1974
 8537 00b0 A823     		movs	r3, #168
 8538              	.LBE2357:
 8539              	.LBE2355:
 8540              	.LBB2358:
 8541              	.LBB2359:
 124:../../libDaisy//src/dev/oled_ssd130x.h ****         spi_.BlockingTransmit(&cmd, 1);
 8542              		.loc 13 124 23 view .LVU1975
 8543 00b2 3046     		mov	r0, r6
 8544 00b4 0021     		movs	r1, #0
 8545 00b6 8DF80730 		strb	r3, [sp, #7]
 8546              	.LVL590:
 124:../../libDaisy//src/dev/oled_ssd130x.h ****         spi_.BlockingTransmit(&cmd, 1);
 8547              		.loc 13 124 23 view .LVU1976
 8548              	.LBE2359:
 8549              	.LBI2358:
 122:../../libDaisy//src/dev/oled_ssd130x.h ****     {
 8550              		.loc 13 122 10 is_stmt 1 view .LVU1977
 8551              	.LBB2360:
 124:../../libDaisy//src/dev/oled_ssd130x.h ****         spi_.BlockingTransmit(&cmd, 1);
 8552              		.loc 13 124 9 view .LVU1978
 124:../../libDaisy//src/dev/oled_ssd130x.h ****         spi_.BlockingTransmit(&cmd, 1);
 8553              		.loc 13 124 23 is_stmt 0 view .LVU1979
 8554 00ba FFF7FEFF 		bl	dsy_gpio_write
 8555              	.LVL591:
 125:../../libDaisy//src/dev/oled_ssd130x.h ****     };
 8556              		.loc 13 125 9 is_stmt 1 view .LVU1980
 125:../../libDaisy//src/dev/oled_ssd130x.h ****     };
 8557              		.loc 13 125 30 is_stmt 0 view .LVU1981
 8558 00be 2A46     		mov	r2, r5
 8559 00c0 0DF10701 		add	r1, sp, #7
 8560 00c4 6423     		movs	r3, #100
 8561 00c6 2046     		mov	r0, r4
 8562 00c8 FFF7FEFF 		bl	_ZN5daisy9SpiHandle16BlockingTransmitEPhjm
ARM GAS  C:\Users\kgpol\AppData\Local\Temp\ccIP7kIm.s 			page 227


 8563              	.LVL592:
 125:../../libDaisy//src/dev/oled_ssd130x.h ****     };
 8564              		.loc 13 125 30 view .LVU1982
 8565 00cc 3F23     		movs	r3, #63
 8566              	.LBE2360:
 8567              	.LBE2358:
 8568              	.LBB2361:
 8569              	.LBB2362:
 124:../../libDaisy//src/dev/oled_ssd130x.h ****         spi_.BlockingTransmit(&cmd, 1);
 8570              		.loc 13 124 23 view .LVU1983
 8571 00ce 3046     		mov	r0, r6
 8572 00d0 0021     		movs	r1, #0
 8573 00d2 8DF80730 		strb	r3, [sp, #7]
 8574              	.LVL593:
 124:../../libDaisy//src/dev/oled_ssd130x.h ****         spi_.BlockingTransmit(&cmd, 1);
 8575              		.loc 13 124 23 view .LVU1984
 8576              	.LBE2362:
 8577              	.LBI2361:
 122:../../libDaisy//src/dev/oled_ssd130x.h ****     {
 8578              		.loc 13 122 10 is_stmt 1 view .LVU1985
 8579              	.LBB2363:
 124:../../libDaisy//src/dev/oled_ssd130x.h ****         spi_.BlockingTransmit(&cmd, 1);
 8580              		.loc 13 124 9 view .LVU1986
 124:../../libDaisy//src/dev/oled_ssd130x.h ****         spi_.BlockingTransmit(&cmd, 1);
 8581              		.loc 13 124 23 is_stmt 0 view .LVU1987
 8582 00d6 FFF7FEFF 		bl	dsy_gpio_write
 8583              	.LVL594:
 125:../../libDaisy//src/dev/oled_ssd130x.h ****     };
 8584              		.loc 13 125 9 is_stmt 1 view .LVU1988
 125:../../libDaisy//src/dev/oled_ssd130x.h ****     };
 8585              		.loc 13 125 30 is_stmt 0 view .LVU1989
 8586 00da 2A46     		mov	r2, r5
 8587 00dc 0DF10701 		add	r1, sp, #7
 8588 00e0 6423     		movs	r3, #100
 8589 00e2 2046     		mov	r0, r4
 8590 00e4 FFF7FEFF 		bl	_ZN5daisy9SpiHandle16BlockingTransmitEPhjm
 8591              	.LVL595:
 125:../../libDaisy//src/dev/oled_ssd130x.h ****     };
 8592              		.loc 13 125 30 view .LVU1990
 8593 00e8 DA23     		movs	r3, #218
 8594              	.LBE2363:
 8595              	.LBE2361:
 8596              	.LBB2364:
 8597              	.LBB2365:
 124:../../libDaisy//src/dev/oled_ssd130x.h ****         spi_.BlockingTransmit(&cmd, 1);
 8598              		.loc 13 124 23 view .LVU1991
 8599 00ea 3046     		mov	r0, r6
 8600 00ec 0021     		movs	r1, #0
 8601 00ee 8DF80730 		strb	r3, [sp, #7]
 8602              	.LVL596:
 124:../../libDaisy//src/dev/oled_ssd130x.h ****         spi_.BlockingTransmit(&cmd, 1);
 8603              		.loc 13 124 23 view .LVU1992
 8604              	.LBE2365:
 8605              	.LBI2364:
 122:../../libDaisy//src/dev/oled_ssd130x.h ****     {
 8606              		.loc 13 122 10 is_stmt 1 view .LVU1993
 8607              	.LBB2366:
ARM GAS  C:\Users\kgpol\AppData\Local\Temp\ccIP7kIm.s 			page 228


 124:../../libDaisy//src/dev/oled_ssd130x.h ****         spi_.BlockingTransmit(&cmd, 1);
 8608              		.loc 13 124 9 view .LVU1994
 124:../../libDaisy//src/dev/oled_ssd130x.h ****         spi_.BlockingTransmit(&cmd, 1);
 8609              		.loc 13 124 23 is_stmt 0 view .LVU1995
 8610 00f2 FFF7FEFF 		bl	dsy_gpio_write
 8611              	.LVL597:
 125:../../libDaisy//src/dev/oled_ssd130x.h ****     };
 8612              		.loc 13 125 9 is_stmt 1 view .LVU1996
 125:../../libDaisy//src/dev/oled_ssd130x.h ****     };
 8613              		.loc 13 125 30 is_stmt 0 view .LVU1997
 8614 00f6 2A46     		mov	r2, r5
 8615 00f8 0DF10701 		add	r1, sp, #7
 8616 00fc 6423     		movs	r3, #100
 8617 00fe 2046     		mov	r0, r4
 8618 0100 FFF7FEFF 		bl	_ZN5daisy9SpiHandle16BlockingTransmitEPhjm
 8619              	.LVL598:
 125:../../libDaisy//src/dev/oled_ssd130x.h ****     };
 8620              		.loc 13 125 30 view .LVU1998
 8621 0104 1223     		movs	r3, #18
 8622              	.LBE2366:
 8623              	.LBE2364:
 8624              	.LBB2367:
 8625              	.LBB2368:
 124:../../libDaisy//src/dev/oled_ssd130x.h ****         spi_.BlockingTransmit(&cmd, 1);
 8626              		.loc 13 124 23 view .LVU1999
 8627 0106 3046     		mov	r0, r6
 8628 0108 0021     		movs	r1, #0
 8629 010a 8DF80730 		strb	r3, [sp, #7]
 8630              	.LVL599:
 124:../../libDaisy//src/dev/oled_ssd130x.h ****         spi_.BlockingTransmit(&cmd, 1);
 8631              		.loc 13 124 23 view .LVU2000
 8632              	.LBE2368:
 8633              	.LBI2367:
 122:../../libDaisy//src/dev/oled_ssd130x.h ****     {
 8634              		.loc 13 122 10 is_stmt 1 view .LVU2001
 8635              	.LBB2369:
 124:../../libDaisy//src/dev/oled_ssd130x.h ****         spi_.BlockingTransmit(&cmd, 1);
 8636              		.loc 13 124 9 view .LVU2002
 124:../../libDaisy//src/dev/oled_ssd130x.h ****         spi_.BlockingTransmit(&cmd, 1);
 8637              		.loc 13 124 23 is_stmt 0 view .LVU2003
 8638 010e FFF7FEFF 		bl	dsy_gpio_write
 8639              	.LVL600:
 125:../../libDaisy//src/dev/oled_ssd130x.h ****     };
 8640              		.loc 13 125 9 is_stmt 1 view .LVU2004
 125:../../libDaisy//src/dev/oled_ssd130x.h ****     };
 8641              		.loc 13 125 30 is_stmt 0 view .LVU2005
 8642 0112 2A46     		mov	r2, r5
 8643 0114 0DF10701 		add	r1, sp, #7
 8644 0118 6423     		movs	r3, #100
 8645 011a 2046     		mov	r0, r4
 8646 011c FFF7FEFF 		bl	_ZN5daisy9SpiHandle16BlockingTransmitEPhjm
 8647              	.LVL601:
 125:../../libDaisy//src/dev/oled_ssd130x.h ****     };
 8648              		.loc 13 125 30 view .LVU2006
 8649              	.LBE2369:
 8650              	.LBE2367:
 8651              	.LBB2370:
ARM GAS  C:\Users\kgpol\AppData\Local\Temp\ccIP7kIm.s 			page 229


 8652              	.LBB2371:
 124:../../libDaisy//src/dev/oled_ssd130x.h ****         spi_.BlockingTransmit(&cmd, 1);
 8653              		.loc 13 124 23 view .LVU2007
 8654 0120 0021     		movs	r1, #0
 8655 0122 D323     		movs	r3, #211
 8656 0124 3046     		mov	r0, r6
 8657 0126 0F46     		mov	r7, r1
 8658 0128 8DF80730 		strb	r3, [sp, #7]
 8659              	.LVL602:
 124:../../libDaisy//src/dev/oled_ssd130x.h ****         spi_.BlockingTransmit(&cmd, 1);
 8660              		.loc 13 124 23 view .LVU2008
 8661              	.LBE2371:
 8662              	.LBI2370:
 122:../../libDaisy//src/dev/oled_ssd130x.h ****     {
 8663              		.loc 13 122 10 is_stmt 1 view .LVU2009
 8664              	.LBB2372:
 124:../../libDaisy//src/dev/oled_ssd130x.h ****         spi_.BlockingTransmit(&cmd, 1);
 8665              		.loc 13 124 9 view .LVU2010
 124:../../libDaisy//src/dev/oled_ssd130x.h ****         spi_.BlockingTransmit(&cmd, 1);
 8666              		.loc 13 124 23 is_stmt 0 view .LVU2011
 8667 012c FFF7FEFF 		bl	dsy_gpio_write
 8668              	.LVL603:
 125:../../libDaisy//src/dev/oled_ssd130x.h ****     };
 8669              		.loc 13 125 9 is_stmt 1 view .LVU2012
 125:../../libDaisy//src/dev/oled_ssd130x.h ****     };
 8670              		.loc 13 125 30 is_stmt 0 view .LVU2013
 8671 0130 2A46     		mov	r2, r5
 8672 0132 6423     		movs	r3, #100
 8673 0134 0DF10701 		add	r1, sp, #7
 8674 0138 2046     		mov	r0, r4
 8675 013a FFF7FEFF 		bl	_ZN5daisy9SpiHandle16BlockingTransmitEPhjm
 8676              	.LVL604:
 125:../../libDaisy//src/dev/oled_ssd130x.h ****     };
 8677              		.loc 13 125 30 view .LVU2014
 8678              	.LBE2372:
 8679              	.LBE2370:
 8680              	.LBB2373:
 8681              	.LBB2374:
 124:../../libDaisy//src/dev/oled_ssd130x.h ****         spi_.BlockingTransmit(&cmd, 1);
 8682              		.loc 13 124 23 view .LVU2015
 8683 013e 3946     		mov	r1, r7
 8684 0140 3046     		mov	r0, r6
 8685 0142 8DF80770 		strb	r7, [sp, #7]
 8686              	.LVL605:
 124:../../libDaisy//src/dev/oled_ssd130x.h ****         spi_.BlockingTransmit(&cmd, 1);
 8687              		.loc 13 124 23 view .LVU2016
 8688              	.LBE2374:
 8689              	.LBI2373:
 122:../../libDaisy//src/dev/oled_ssd130x.h ****     {
 8690              		.loc 13 122 10 is_stmt 1 view .LVU2017
 8691              	.LBB2375:
 124:../../libDaisy//src/dev/oled_ssd130x.h ****         spi_.BlockingTransmit(&cmd, 1);
 8692              		.loc 13 124 9 view .LVU2018
 124:../../libDaisy//src/dev/oled_ssd130x.h ****         spi_.BlockingTransmit(&cmd, 1);
 8693              		.loc 13 124 23 is_stmt 0 view .LVU2019
 8694 0146 FFF7FEFF 		bl	dsy_gpio_write
 8695              	.LVL606:
ARM GAS  C:\Users\kgpol\AppData\Local\Temp\ccIP7kIm.s 			page 230


 125:../../libDaisy//src/dev/oled_ssd130x.h ****     };
 8696              		.loc 13 125 9 is_stmt 1 view .LVU2020
 125:../../libDaisy//src/dev/oled_ssd130x.h ****     };
 8697              		.loc 13 125 30 is_stmt 0 view .LVU2021
 8698 014a 2A46     		mov	r2, r5
 8699 014c 0DF10701 		add	r1, sp, #7
 8700 0150 6423     		movs	r3, #100
 8701 0152 2046     		mov	r0, r4
 8702 0154 FFF7FEFF 		bl	_ZN5daisy9SpiHandle16BlockingTransmitEPhjm
 8703              	.LVL607:
 125:../../libDaisy//src/dev/oled_ssd130x.h ****     };
 8704              		.loc 13 125 30 view .LVU2022
 8705 0158 4023     		movs	r3, #64
 8706              	.LBE2375:
 8707              	.LBE2373:
 8708              	.LBB2376:
 8709              	.LBB2377:
 124:../../libDaisy//src/dev/oled_ssd130x.h ****         spi_.BlockingTransmit(&cmd, 1);
 8710              		.loc 13 124 23 view .LVU2023
 8711 015a 3946     		mov	r1, r7
 8712 015c 3046     		mov	r0, r6
 8713 015e 8DF80730 		strb	r3, [sp, #7]
 8714              	.LVL608:
 124:../../libDaisy//src/dev/oled_ssd130x.h ****         spi_.BlockingTransmit(&cmd, 1);
 8715              		.loc 13 124 23 view .LVU2024
 8716              	.LBE2377:
 8717              	.LBI2376:
 122:../../libDaisy//src/dev/oled_ssd130x.h ****     {
 8718              		.loc 13 122 10 is_stmt 1 view .LVU2025
 8719              	.LBB2378:
 124:../../libDaisy//src/dev/oled_ssd130x.h ****         spi_.BlockingTransmit(&cmd, 1);
 8720              		.loc 13 124 9 view .LVU2026
 124:../../libDaisy//src/dev/oled_ssd130x.h ****         spi_.BlockingTransmit(&cmd, 1);
 8721              		.loc 13 124 23 is_stmt 0 view .LVU2027
 8722 0162 FFF7FEFF 		bl	dsy_gpio_write
 8723              	.LVL609:
 125:../../libDaisy//src/dev/oled_ssd130x.h ****     };
 8724              		.loc 13 125 9 is_stmt 1 view .LVU2028
 125:../../libDaisy//src/dev/oled_ssd130x.h ****     };
 8725              		.loc 13 125 30 is_stmt 0 view .LVU2029
 8726 0166 2A46     		mov	r2, r5
 8727 0168 0DF10701 		add	r1, sp, #7
 8728 016c 6423     		movs	r3, #100
 8729 016e 2046     		mov	r0, r4
 8730 0170 FFF7FEFF 		bl	_ZN5daisy9SpiHandle16BlockingTransmitEPhjm
 8731              	.LVL610:
 125:../../libDaisy//src/dev/oled_ssd130x.h ****     };
 8732              		.loc 13 125 30 view .LVU2030
 8733 0174 A623     		movs	r3, #166
 8734              	.LBE2378:
 8735              	.LBE2376:
 8736              	.LBB2379:
 8737              	.LBB2380:
 124:../../libDaisy//src/dev/oled_ssd130x.h ****         spi_.BlockingTransmit(&cmd, 1);
 8738              		.loc 13 124 23 view .LVU2031
 8739 0176 3946     		mov	r1, r7
 8740 0178 3046     		mov	r0, r6
ARM GAS  C:\Users\kgpol\AppData\Local\Temp\ccIP7kIm.s 			page 231


 8741 017a 8DF80730 		strb	r3, [sp, #7]
 8742              	.LVL611:
 124:../../libDaisy//src/dev/oled_ssd130x.h ****         spi_.BlockingTransmit(&cmd, 1);
 8743              		.loc 13 124 23 view .LVU2032
 8744              	.LBE2380:
 8745              	.LBI2379:
 122:../../libDaisy//src/dev/oled_ssd130x.h ****     {
 8746              		.loc 13 122 10 is_stmt 1 view .LVU2033
 8747              	.LBB2381:
 124:../../libDaisy//src/dev/oled_ssd130x.h ****         spi_.BlockingTransmit(&cmd, 1);
 8748              		.loc 13 124 9 view .LVU2034
 124:../../libDaisy//src/dev/oled_ssd130x.h ****         spi_.BlockingTransmit(&cmd, 1);
 8749              		.loc 13 124 23 is_stmt 0 view .LVU2035
 8750 017e FFF7FEFF 		bl	dsy_gpio_write
 8751              	.LVL612:
 125:../../libDaisy//src/dev/oled_ssd130x.h ****     };
 8752              		.loc 13 125 9 is_stmt 1 view .LVU2036
 125:../../libDaisy//src/dev/oled_ssd130x.h ****     };
 8753              		.loc 13 125 30 is_stmt 0 view .LVU2037
 8754 0182 2A46     		mov	r2, r5
 8755 0184 0DF10701 		add	r1, sp, #7
 8756 0188 6423     		movs	r3, #100
 8757 018a 2046     		mov	r0, r4
 8758 018c FFF7FEFF 		bl	_ZN5daisy9SpiHandle16BlockingTransmitEPhjm
 8759              	.LVL613:
 125:../../libDaisy//src/dev/oled_ssd130x.h ****     };
 8760              		.loc 13 125 30 view .LVU2038
 8761 0190 A423     		movs	r3, #164
 8762              	.LBE2381:
 8763              	.LBE2379:
 8764              	.LBB2382:
 8765              	.LBB2383:
 124:../../libDaisy//src/dev/oled_ssd130x.h ****         spi_.BlockingTransmit(&cmd, 1);
 8766              		.loc 13 124 23 view .LVU2039
 8767 0192 3946     		mov	r1, r7
 8768 0194 3046     		mov	r0, r6
 8769 0196 8DF80730 		strb	r3, [sp, #7]
 8770              	.LVL614:
 124:../../libDaisy//src/dev/oled_ssd130x.h ****         spi_.BlockingTransmit(&cmd, 1);
 8771              		.loc 13 124 23 view .LVU2040
 8772              	.LBE2383:
 8773              	.LBI2382:
 122:../../libDaisy//src/dev/oled_ssd130x.h ****     {
 8774              		.loc 13 122 10 is_stmt 1 view .LVU2041
 8775              	.LBB2384:
 124:../../libDaisy//src/dev/oled_ssd130x.h ****         spi_.BlockingTransmit(&cmd, 1);
 8776              		.loc 13 124 9 view .LVU2042
 124:../../libDaisy//src/dev/oled_ssd130x.h ****         spi_.BlockingTransmit(&cmd, 1);
 8777              		.loc 13 124 23 is_stmt 0 view .LVU2043
 8778 019a FFF7FEFF 		bl	dsy_gpio_write
 8779              	.LVL615:
 125:../../libDaisy//src/dev/oled_ssd130x.h ****     };
 8780              		.loc 13 125 9 is_stmt 1 view .LVU2044
 125:../../libDaisy//src/dev/oled_ssd130x.h ****     };
 8781              		.loc 13 125 30 is_stmt 0 view .LVU2045
 8782 019e 2A46     		mov	r2, r5
 8783 01a0 0DF10701 		add	r1, sp, #7
ARM GAS  C:\Users\kgpol\AppData\Local\Temp\ccIP7kIm.s 			page 232


 8784 01a4 6423     		movs	r3, #100
 8785 01a6 2046     		mov	r0, r4
 8786 01a8 FFF7FEFF 		bl	_ZN5daisy9SpiHandle16BlockingTransmitEPhjm
 8787              	.LVL616:
 125:../../libDaisy//src/dev/oled_ssd130x.h ****     };
 8788              		.loc 13 125 30 view .LVU2046
 8789 01ac 8D23     		movs	r3, #141
 8790              	.LBE2384:
 8791              	.LBE2382:
 8792              	.LBB2385:
 8793              	.LBB2386:
 124:../../libDaisy//src/dev/oled_ssd130x.h ****         spi_.BlockingTransmit(&cmd, 1);
 8794              		.loc 13 124 23 view .LVU2047
 8795 01ae 3946     		mov	r1, r7
 8796 01b0 3046     		mov	r0, r6
 8797 01b2 8DF80730 		strb	r3, [sp, #7]
 8798              	.LVL617:
 124:../../libDaisy//src/dev/oled_ssd130x.h ****         spi_.BlockingTransmit(&cmd, 1);
 8799              		.loc 13 124 23 view .LVU2048
 8800              	.LBE2386:
 8801              	.LBI2385:
 122:../../libDaisy//src/dev/oled_ssd130x.h ****     {
 8802              		.loc 13 122 10 is_stmt 1 view .LVU2049
 8803              	.LBB2387:
 124:../../libDaisy//src/dev/oled_ssd130x.h ****         spi_.BlockingTransmit(&cmd, 1);
 8804              		.loc 13 124 9 view .LVU2050
 124:../../libDaisy//src/dev/oled_ssd130x.h ****         spi_.BlockingTransmit(&cmd, 1);
 8805              		.loc 13 124 23 is_stmt 0 view .LVU2051
 8806 01b6 FFF7FEFF 		bl	dsy_gpio_write
 8807              	.LVL618:
 125:../../libDaisy//src/dev/oled_ssd130x.h ****     };
 8808              		.loc 13 125 9 is_stmt 1 view .LVU2052
 125:../../libDaisy//src/dev/oled_ssd130x.h ****     };
 8809              		.loc 13 125 30 is_stmt 0 view .LVU2053
 8810 01ba 2A46     		mov	r2, r5
 8811 01bc 0DF10701 		add	r1, sp, #7
 8812 01c0 6423     		movs	r3, #100
 8813 01c2 2046     		mov	r0, r4
 8814 01c4 FFF7FEFF 		bl	_ZN5daisy9SpiHandle16BlockingTransmitEPhjm
 8815              	.LVL619:
 125:../../libDaisy//src/dev/oled_ssd130x.h ****     };
 8816              		.loc 13 125 30 view .LVU2054
 8817 01c8 1423     		movs	r3, #20
 8818              	.LBE2387:
 8819              	.LBE2385:
 8820              	.LBB2388:
 8821              	.LBB2389:
 124:../../libDaisy//src/dev/oled_ssd130x.h ****         spi_.BlockingTransmit(&cmd, 1);
 8822              		.loc 13 124 23 view .LVU2055
 8823 01ca 3946     		mov	r1, r7
 8824 01cc 3046     		mov	r0, r6
 8825 01ce 8DF80730 		strb	r3, [sp, #7]
 8826              	.LVL620:
 124:../../libDaisy//src/dev/oled_ssd130x.h ****         spi_.BlockingTransmit(&cmd, 1);
 8827              		.loc 13 124 23 view .LVU2056
 8828              	.LBE2389:
 8829              	.LBI2388:
ARM GAS  C:\Users\kgpol\AppData\Local\Temp\ccIP7kIm.s 			page 233


 122:../../libDaisy//src/dev/oled_ssd130x.h ****     {
 8830              		.loc 13 122 10 is_stmt 1 view .LVU2057
 8831              	.LBB2390:
 124:../../libDaisy//src/dev/oled_ssd130x.h ****         spi_.BlockingTransmit(&cmd, 1);
 8832              		.loc 13 124 9 view .LVU2058
 124:../../libDaisy//src/dev/oled_ssd130x.h ****         spi_.BlockingTransmit(&cmd, 1);
 8833              		.loc 13 124 23 is_stmt 0 view .LVU2059
 8834 01d2 FFF7FEFF 		bl	dsy_gpio_write
 8835              	.LVL621:
 125:../../libDaisy//src/dev/oled_ssd130x.h ****     };
 8836              		.loc 13 125 9 is_stmt 1 view .LVU2060
 125:../../libDaisy//src/dev/oled_ssd130x.h ****     };
 8837              		.loc 13 125 30 is_stmt 0 view .LVU2061
 8838 01d6 2A46     		mov	r2, r5
 8839 01d8 0DF10701 		add	r1, sp, #7
 8840 01dc 6423     		movs	r3, #100
 8841 01de 2046     		mov	r0, r4
 8842 01e0 FFF7FEFF 		bl	_ZN5daisy9SpiHandle16BlockingTransmitEPhjm
 8843              	.LVL622:
 125:../../libDaisy//src/dev/oled_ssd130x.h ****     };
 8844              		.loc 13 125 30 view .LVU2062
 8845 01e4 A123     		movs	r3, #161
 8846              	.LBE2390:
 8847              	.LBE2388:
 8848              	.LBB2391:
 8849              	.LBB2392:
 124:../../libDaisy//src/dev/oled_ssd130x.h ****         spi_.BlockingTransmit(&cmd, 1);
 8850              		.loc 13 124 23 view .LVU2063
 8851 01e6 3946     		mov	r1, r7
 8852 01e8 3046     		mov	r0, r6
 8853 01ea 8DF80730 		strb	r3, [sp, #7]
 8854              	.LVL623:
 124:../../libDaisy//src/dev/oled_ssd130x.h ****         spi_.BlockingTransmit(&cmd, 1);
 8855              		.loc 13 124 23 view .LVU2064
 8856              	.LBE2392:
 8857              	.LBI2391:
 122:../../libDaisy//src/dev/oled_ssd130x.h ****     {
 8858              		.loc 13 122 10 is_stmt 1 view .LVU2065
 8859              	.LBB2393:
 124:../../libDaisy//src/dev/oled_ssd130x.h ****         spi_.BlockingTransmit(&cmd, 1);
 8860              		.loc 13 124 9 view .LVU2066
 124:../../libDaisy//src/dev/oled_ssd130x.h ****         spi_.BlockingTransmit(&cmd, 1);
 8861              		.loc 13 124 23 is_stmt 0 view .LVU2067
 8862 01ee FFF7FEFF 		bl	dsy_gpio_write
 8863              	.LVL624:
 125:../../libDaisy//src/dev/oled_ssd130x.h ****     };
 8864              		.loc 13 125 9 is_stmt 1 view .LVU2068
 125:../../libDaisy//src/dev/oled_ssd130x.h ****     };
 8865              		.loc 13 125 30 is_stmt 0 view .LVU2069
 8866 01f2 2A46     		mov	r2, r5
 8867 01f4 0DF10701 		add	r1, sp, #7
 8868 01f8 6423     		movs	r3, #100
 8869 01fa 2046     		mov	r0, r4
 8870 01fc FFF7FEFF 		bl	_ZN5daisy9SpiHandle16BlockingTransmitEPhjm
 8871              	.LVL625:
 125:../../libDaisy//src/dev/oled_ssd130x.h ****     };
 8872              		.loc 13 125 30 view .LVU2070
ARM GAS  C:\Users\kgpol\AppData\Local\Temp\ccIP7kIm.s 			page 234


 8873 0200 C823     		movs	r3, #200
 8874              	.LBE2393:
 8875              	.LBE2391:
 8876              	.LBB2394:
 8877              	.LBB2395:
 124:../../libDaisy//src/dev/oled_ssd130x.h ****         spi_.BlockingTransmit(&cmd, 1);
 8878              		.loc 13 124 23 view .LVU2071
 8879 0202 3946     		mov	r1, r7
 8880 0204 3046     		mov	r0, r6
 8881 0206 8DF80730 		strb	r3, [sp, #7]
 8882              	.LVL626:
 124:../../libDaisy//src/dev/oled_ssd130x.h ****         spi_.BlockingTransmit(&cmd, 1);
 8883              		.loc 13 124 23 view .LVU2072
 8884              	.LBE2395:
 8885              	.LBI2394:
 122:../../libDaisy//src/dev/oled_ssd130x.h ****     {
 8886              		.loc 13 122 10 is_stmt 1 view .LVU2073
 8887              	.LBB2396:
 124:../../libDaisy//src/dev/oled_ssd130x.h ****         spi_.BlockingTransmit(&cmd, 1);
 8888              		.loc 13 124 9 view .LVU2074
 124:../../libDaisy//src/dev/oled_ssd130x.h ****         spi_.BlockingTransmit(&cmd, 1);
 8889              		.loc 13 124 23 is_stmt 0 view .LVU2075
 8890 020a FFF7FEFF 		bl	dsy_gpio_write
 8891              	.LVL627:
 125:../../libDaisy//src/dev/oled_ssd130x.h ****     };
 8892              		.loc 13 125 9 is_stmt 1 view .LVU2076
 125:../../libDaisy//src/dev/oled_ssd130x.h ****     };
 8893              		.loc 13 125 30 is_stmt 0 view .LVU2077
 8894 020e 2A46     		mov	r2, r5
 8895 0210 0DF10701 		add	r1, sp, #7
 8896 0214 6423     		movs	r3, #100
 8897 0216 2046     		mov	r0, r4
 8898 0218 FFF7FEFF 		bl	_ZN5daisy9SpiHandle16BlockingTransmitEPhjm
 8899              	.LVL628:
 125:../../libDaisy//src/dev/oled_ssd130x.h ****     };
 8900              		.loc 13 125 30 view .LVU2078
 8901 021c 8123     		movs	r3, #129
 8902              	.LBE2396:
 8903              	.LBE2394:
 8904              	.LBB2397:
 8905              	.LBB2398:
 124:../../libDaisy//src/dev/oled_ssd130x.h ****         spi_.BlockingTransmit(&cmd, 1);
 8906              		.loc 13 124 23 view .LVU2079
 8907 021e 3946     		mov	r1, r7
 8908 0220 3046     		mov	r0, r6
 8909 0222 8DF80730 		strb	r3, [sp, #7]
 8910              	.LVL629:
 124:../../libDaisy//src/dev/oled_ssd130x.h ****         spi_.BlockingTransmit(&cmd, 1);
 8911              		.loc 13 124 23 view .LVU2080
 8912              	.LBE2398:
 8913              	.LBI2397:
 122:../../libDaisy//src/dev/oled_ssd130x.h ****     {
 8914              		.loc 13 122 10 is_stmt 1 view .LVU2081
 8915              	.LBB2399:
 124:../../libDaisy//src/dev/oled_ssd130x.h ****         spi_.BlockingTransmit(&cmd, 1);
 8916              		.loc 13 124 9 view .LVU2082
 124:../../libDaisy//src/dev/oled_ssd130x.h ****         spi_.BlockingTransmit(&cmd, 1);
ARM GAS  C:\Users\kgpol\AppData\Local\Temp\ccIP7kIm.s 			page 235


 8917              		.loc 13 124 23 is_stmt 0 view .LVU2083
 8918 0226 FFF7FEFF 		bl	dsy_gpio_write
 8919              	.LVL630:
 125:../../libDaisy//src/dev/oled_ssd130x.h ****     };
 8920              		.loc 13 125 9 is_stmt 1 view .LVU2084
 125:../../libDaisy//src/dev/oled_ssd130x.h ****     };
 8921              		.loc 13 125 30 is_stmt 0 view .LVU2085
 8922 022a 2A46     		mov	r2, r5
 8923 022c 0DF10701 		add	r1, sp, #7
 8924 0230 6423     		movs	r3, #100
 8925 0232 2046     		mov	r0, r4
 8926 0234 FFF7FEFF 		bl	_ZN5daisy9SpiHandle16BlockingTransmitEPhjm
 8927              	.LVL631:
 125:../../libDaisy//src/dev/oled_ssd130x.h ****     };
 8928              		.loc 13 125 30 view .LVU2086
 8929 0238 8F23     		movs	r3, #143
 8930              	.LBE2399:
 8931              	.LBE2397:
 8932              	.LBB2400:
 8933              	.LBB2401:
 124:../../libDaisy//src/dev/oled_ssd130x.h ****         spi_.BlockingTransmit(&cmd, 1);
 8934              		.loc 13 124 23 view .LVU2087
 8935 023a 3946     		mov	r1, r7
 8936 023c 3046     		mov	r0, r6
 8937 023e 8DF80730 		strb	r3, [sp, #7]
 8938              	.LVL632:
 124:../../libDaisy//src/dev/oled_ssd130x.h ****         spi_.BlockingTransmit(&cmd, 1);
 8939              		.loc 13 124 23 view .LVU2088
 8940              	.LBE2401:
 8941              	.LBI2400:
 122:../../libDaisy//src/dev/oled_ssd130x.h ****     {
 8942              		.loc 13 122 10 is_stmt 1 view .LVU2089
 8943              	.LBB2402:
 124:../../libDaisy//src/dev/oled_ssd130x.h ****         spi_.BlockingTransmit(&cmd, 1);
 8944              		.loc 13 124 9 view .LVU2090
 124:../../libDaisy//src/dev/oled_ssd130x.h ****         spi_.BlockingTransmit(&cmd, 1);
 8945              		.loc 13 124 23 is_stmt 0 view .LVU2091
 8946 0242 FFF7FEFF 		bl	dsy_gpio_write
 8947              	.LVL633:
 125:../../libDaisy//src/dev/oled_ssd130x.h ****     };
 8948              		.loc 13 125 9 is_stmt 1 view .LVU2092
 125:../../libDaisy//src/dev/oled_ssd130x.h ****     };
 8949              		.loc 13 125 30 is_stmt 0 view .LVU2093
 8950 0246 2A46     		mov	r2, r5
 8951 0248 0DF10701 		add	r1, sp, #7
 8952 024c 6423     		movs	r3, #100
 8953 024e 2046     		mov	r0, r4
 8954 0250 FFF7FEFF 		bl	_ZN5daisy9SpiHandle16BlockingTransmitEPhjm
 8955              	.LVL634:
 125:../../libDaisy//src/dev/oled_ssd130x.h ****     };
 8956              		.loc 13 125 30 view .LVU2094
 8957 0254 D923     		movs	r3, #217
 8958              	.LBE2402:
 8959              	.LBE2400:
 8960              	.LBB2403:
 8961              	.LBB2404:
 124:../../libDaisy//src/dev/oled_ssd130x.h ****         spi_.BlockingTransmit(&cmd, 1);
ARM GAS  C:\Users\kgpol\AppData\Local\Temp\ccIP7kIm.s 			page 236


 8962              		.loc 13 124 23 view .LVU2095
 8963 0256 3946     		mov	r1, r7
 8964 0258 3046     		mov	r0, r6
 8965 025a 8DF80730 		strb	r3, [sp, #7]
 8966              	.LVL635:
 124:../../libDaisy//src/dev/oled_ssd130x.h ****         spi_.BlockingTransmit(&cmd, 1);
 8967              		.loc 13 124 23 view .LVU2096
 8968              	.LBE2404:
 8969              	.LBI2403:
 122:../../libDaisy//src/dev/oled_ssd130x.h ****     {
 8970              		.loc 13 122 10 is_stmt 1 view .LVU2097
 8971              	.LBB2405:
 124:../../libDaisy//src/dev/oled_ssd130x.h ****         spi_.BlockingTransmit(&cmd, 1);
 8972              		.loc 13 124 9 view .LVU2098
 124:../../libDaisy//src/dev/oled_ssd130x.h ****         spi_.BlockingTransmit(&cmd, 1);
 8973              		.loc 13 124 23 is_stmt 0 view .LVU2099
 8974 025e FFF7FEFF 		bl	dsy_gpio_write
 8975              	.LVL636:
 125:../../libDaisy//src/dev/oled_ssd130x.h ****     };
 8976              		.loc 13 125 9 is_stmt 1 view .LVU2100
 125:../../libDaisy//src/dev/oled_ssd130x.h ****     };
 8977              		.loc 13 125 30 is_stmt 0 view .LVU2101
 8978 0262 2A46     		mov	r2, r5
 8979 0264 0DF10701 		add	r1, sp, #7
 8980 0268 6423     		movs	r3, #100
 8981 026a 2046     		mov	r0, r4
 8982 026c FFF7FEFF 		bl	_ZN5daisy9SpiHandle16BlockingTransmitEPhjm
 8983              	.LVL637:
 125:../../libDaisy//src/dev/oled_ssd130x.h ****     };
 8984              		.loc 13 125 30 view .LVU2102
 8985 0270 2523     		movs	r3, #37
 8986              	.LBE2405:
 8987              	.LBE2403:
 8988              	.LBB2406:
 8989              	.LBB2407:
 124:../../libDaisy//src/dev/oled_ssd130x.h ****         spi_.BlockingTransmit(&cmd, 1);
 8990              		.loc 13 124 23 view .LVU2103
 8991 0272 3946     		mov	r1, r7
 8992 0274 3046     		mov	r0, r6
 8993 0276 8DF80730 		strb	r3, [sp, #7]
 8994              	.LVL638:
 124:../../libDaisy//src/dev/oled_ssd130x.h ****         spi_.BlockingTransmit(&cmd, 1);
 8995              		.loc 13 124 23 view .LVU2104
 8996              	.LBE2407:
 8997              	.LBI2406:
 122:../../libDaisy//src/dev/oled_ssd130x.h ****     {
 8998              		.loc 13 122 10 is_stmt 1 view .LVU2105
 8999              	.LBB2408:
 124:../../libDaisy//src/dev/oled_ssd130x.h ****         spi_.BlockingTransmit(&cmd, 1);
 9000              		.loc 13 124 9 view .LVU2106
 124:../../libDaisy//src/dev/oled_ssd130x.h ****         spi_.BlockingTransmit(&cmd, 1);
 9001              		.loc 13 124 23 is_stmt 0 view .LVU2107
 9002 027a FFF7FEFF 		bl	dsy_gpio_write
 9003              	.LVL639:
 125:../../libDaisy//src/dev/oled_ssd130x.h ****     };
 9004              		.loc 13 125 9 is_stmt 1 view .LVU2108
 125:../../libDaisy//src/dev/oled_ssd130x.h ****     };
ARM GAS  C:\Users\kgpol\AppData\Local\Temp\ccIP7kIm.s 			page 237


 9005              		.loc 13 125 30 is_stmt 0 view .LVU2109
 9006 027e 2A46     		mov	r2, r5
 9007 0280 0DF10701 		add	r1, sp, #7
 9008 0284 6423     		movs	r3, #100
 9009 0286 2046     		mov	r0, r4
 9010 0288 FFF7FEFF 		bl	_ZN5daisy9SpiHandle16BlockingTransmitEPhjm
 9011              	.LVL640:
 125:../../libDaisy//src/dev/oled_ssd130x.h ****     };
 9012              		.loc 13 125 30 view .LVU2110
 9013 028c DB23     		movs	r3, #219
 9014              	.LBE2408:
 9015              	.LBE2406:
 9016              	.LBB2409:
 9017              	.LBB2410:
 124:../../libDaisy//src/dev/oled_ssd130x.h ****         spi_.BlockingTransmit(&cmd, 1);
 9018              		.loc 13 124 23 view .LVU2111
 9019 028e 3946     		mov	r1, r7
 9020 0290 3046     		mov	r0, r6
 9021 0292 8DF80730 		strb	r3, [sp, #7]
 9022              	.LVL641:
 124:../../libDaisy//src/dev/oled_ssd130x.h ****         spi_.BlockingTransmit(&cmd, 1);
 9023              		.loc 13 124 23 view .LVU2112
 9024              	.LBE2410:
 9025              	.LBI2409:
 122:../../libDaisy//src/dev/oled_ssd130x.h ****     {
 9026              		.loc 13 122 10 is_stmt 1 view .LVU2113
 9027              	.LBB2411:
 124:../../libDaisy//src/dev/oled_ssd130x.h ****         spi_.BlockingTransmit(&cmd, 1);
 9028              		.loc 13 124 9 view .LVU2114
 124:../../libDaisy//src/dev/oled_ssd130x.h ****         spi_.BlockingTransmit(&cmd, 1);
 9029              		.loc 13 124 23 is_stmt 0 view .LVU2115
 9030 0296 FFF7FEFF 		bl	dsy_gpio_write
 9031              	.LVL642:
 125:../../libDaisy//src/dev/oled_ssd130x.h ****     };
 9032              		.loc 13 125 9 is_stmt 1 view .LVU2116
 125:../../libDaisy//src/dev/oled_ssd130x.h ****     };
 9033              		.loc 13 125 30 is_stmt 0 view .LVU2117
 9034 029a 2A46     		mov	r2, r5
 9035 029c 0DF10701 		add	r1, sp, #7
 9036 02a0 6423     		movs	r3, #100
 9037 02a2 2046     		mov	r0, r4
 9038 02a4 FFF7FEFF 		bl	_ZN5daisy9SpiHandle16BlockingTransmitEPhjm
 9039              	.LVL643:
 125:../../libDaisy//src/dev/oled_ssd130x.h ****     };
 9040              		.loc 13 125 30 view .LVU2118
 9041 02a8 3423     		movs	r3, #52
 9042              	.LBE2411:
 9043              	.LBE2409:
 9044              	.LBB2412:
 9045              	.LBB2413:
 124:../../libDaisy//src/dev/oled_ssd130x.h ****         spi_.BlockingTransmit(&cmd, 1);
 9046              		.loc 13 124 23 view .LVU2119
 9047 02aa 3946     		mov	r1, r7
 9048 02ac 3046     		mov	r0, r6
 9049 02ae 8DF80730 		strb	r3, [sp, #7]
 9050              	.LVL644:
 124:../../libDaisy//src/dev/oled_ssd130x.h ****         spi_.BlockingTransmit(&cmd, 1);
ARM GAS  C:\Users\kgpol\AppData\Local\Temp\ccIP7kIm.s 			page 238


 9051              		.loc 13 124 23 view .LVU2120
 9052              	.LBE2413:
 9053              	.LBI2412:
 122:../../libDaisy//src/dev/oled_ssd130x.h ****     {
 9054              		.loc 13 122 10 is_stmt 1 view .LVU2121
 9055              	.LBB2414:
 124:../../libDaisy//src/dev/oled_ssd130x.h ****         spi_.BlockingTransmit(&cmd, 1);
 9056              		.loc 13 124 9 view .LVU2122
 124:../../libDaisy//src/dev/oled_ssd130x.h ****         spi_.BlockingTransmit(&cmd, 1);
 9057              		.loc 13 124 23 is_stmt 0 view .LVU2123
 9058 02b2 FFF7FEFF 		bl	dsy_gpio_write
 9059              	.LVL645:
 125:../../libDaisy//src/dev/oled_ssd130x.h ****     };
 9060              		.loc 13 125 9 is_stmt 1 view .LVU2124
 125:../../libDaisy//src/dev/oled_ssd130x.h ****     };
 9061              		.loc 13 125 30 is_stmt 0 view .LVU2125
 9062 02b6 2A46     		mov	r2, r5
 9063 02b8 0DF10701 		add	r1, sp, #7
 9064 02bc 6423     		movs	r3, #100
 9065 02be 2046     		mov	r0, r4
 9066 02c0 FFF7FEFF 		bl	_ZN5daisy9SpiHandle16BlockingTransmitEPhjm
 9067              	.LVL646:
 125:../../libDaisy//src/dev/oled_ssd130x.h ****     };
 9068              		.loc 13 125 30 view .LVU2126
 9069 02c4 AF23     		movs	r3, #175
 9070              	.LBE2414:
 9071              	.LBE2412:
 9072              	.LBB2415:
 9073              	.LBB2416:
 124:../../libDaisy//src/dev/oled_ssd130x.h ****         spi_.BlockingTransmit(&cmd, 1);
 9074              		.loc 13 124 23 view .LVU2127
 9075 02c6 3946     		mov	r1, r7
 9076 02c8 3046     		mov	r0, r6
 9077 02ca 8DF80730 		strb	r3, [sp, #7]
 9078              	.LVL647:
 124:../../libDaisy//src/dev/oled_ssd130x.h ****         spi_.BlockingTransmit(&cmd, 1);
 9079              		.loc 13 124 23 view .LVU2128
 9080              	.LBE2416:
 9081              	.LBI2415:
 122:../../libDaisy//src/dev/oled_ssd130x.h ****     {
 9082              		.loc 13 122 10 is_stmt 1 view .LVU2129
 9083              	.LBB2417:
 124:../../libDaisy//src/dev/oled_ssd130x.h ****         spi_.BlockingTransmit(&cmd, 1);
 9084              		.loc 13 124 9 view .LVU2130
 124:../../libDaisy//src/dev/oled_ssd130x.h ****         spi_.BlockingTransmit(&cmd, 1);
 9085              		.loc 13 124 23 is_stmt 0 view .LVU2131
 9086 02ce FFF7FEFF 		bl	dsy_gpio_write
 9087              	.LVL648:
 125:../../libDaisy//src/dev/oled_ssd130x.h ****     };
 9088              		.loc 13 125 9 is_stmt 1 view .LVU2132
 125:../../libDaisy//src/dev/oled_ssd130x.h ****     };
 9089              		.loc 13 125 30 is_stmt 0 view .LVU2133
 9090 02d2 6423     		movs	r3, #100
 9091 02d4 2A46     		mov	r2, r5
 9092 02d6 0DF10701 		add	r1, sp, #7
 9093 02da 2046     		mov	r0, r4
 9094 02dc FFF7FEFF 		bl	_ZN5daisy9SpiHandle16BlockingTransmitEPhjm
ARM GAS  C:\Users\kgpol\AppData\Local\Temp\ccIP7kIm.s 			page 239


 9095              	.LVL649:
 125:../../libDaisy//src/dev/oled_ssd130x.h ****     };
 9096              		.loc 13 125 30 view .LVU2134
 9097              	.LBE2417:
 9098              	.LBE2415:
 347:../../libDaisy//src/dev/oled_ssd130x.h **** 
 9099              		.loc 13 347 5 view .LVU2135
 9100 02e0 02B0     		add	sp, sp, #8
 9101              		.cfi_def_cfa_offset 40
 9102              		@ sp needed
 9103 02e2 BDE8F041 		pop	{r4, r5, r6, r7, r8, lr}
 9104              		.cfi_restore 14
 9105              		.cfi_restore 8
 9106              		.cfi_restore 7
 9107              		.cfi_restore 6
 9108              		.cfi_restore 5
 9109              		.cfi_restore 4
 9110              		.cfi_def_cfa_offset 16
 9111              	.LVL650:
 347:../../libDaisy//src/dev/oled_ssd130x.h **** 
 9112              		.loc 13 347 5 view .LVU2136
 9113 02e6 04B0     		add	sp, sp, #16
 9114              		.cfi_def_cfa_offset 0
 9115 02e8 7047     		bx	lr
 9116              		.cfi_endproc
 9117              	.LFE5185:
 9119 02ea 00BF     		.section	.rodata.main.str1.4,"aMS",%progbits,1
 9120              		.align	2
 9121              	.LC19:
 9122 0000 256400   		.ascii	"%d\000"
 9123              		.section	.text.startup.main,"ax",%progbits
 9124              		.align	1
 9125              		.p2align 2,,3
 9126              		.global	main
 9127              		.syntax unified
 9128              		.thumb
 9129              		.thumb_func
 9130              		.fpu fpv5-d16
 9132              	main:
 9133              	.LFB4723:
 312:delay-module.cpp **** 
 313:delay-module.cpp **** int main(void)
 314:delay-module.cpp **** {
 9134              		.loc 16 314 1 is_stmt 1 view -0
 9135              		.cfi_startproc
 9136              		@ args = 0, pretend = 0, frame = 240
 9137              		@ frame_needed = 0, uses_anonymous_args = 0
 315:delay-module.cpp ****     float sample_rate;
 9138              		.loc 16 315 5 view .LVU2138
 316:delay-module.cpp **** 
 317:delay-module.cpp ****     // initialize the seed hardware
 318:delay-module.cpp ****     hw.Configure();
 9139              		.loc 16 318 5 view .LVU2139
 314:delay-module.cpp ****     float sample_rate;
 9140              		.loc 16 314 1 is_stmt 0 view .LVU2140
 9141 0000 2DE9F04F 		push	{r4, r5, r6, r7, r8, r9, r10, fp, lr}
 9142              		.cfi_def_cfa_offset 36
ARM GAS  C:\Users\kgpol\AppData\Local\Temp\ccIP7kIm.s 			page 240


 9143              		.cfi_offset 4, -36
 9144              		.cfi_offset 5, -32
 9145              		.cfi_offset 6, -28
 9146              		.cfi_offset 7, -24
 9147              		.cfi_offset 8, -20
 9148              		.cfi_offset 9, -16
 9149              		.cfi_offset 10, -12
 9150              		.cfi_offset 11, -8
 9151              		.cfi_offset 14, -4
 9152 0004 0024     		movs	r4, #0
 9153              		.loc 16 318 17 view .LVU2141
 9154 0006 BA48     		ldr	r0, .L573
 9155 0008 0125     		movs	r5, #1
 9156 000a 4FF00208 		mov	r8, #2
 9157 000e DFF84CA3 		ldr	r10, .L573+108
 9158              	.LBB2539:
 9159              	.LBB2540:
  97:delay-module.cpp ****     adcConfig[2].InitSingle(seed::A2);
 9160              		.loc 16 97 28 view .LVU2142
 9161 0012 4FF00309 		mov	r9, #3
 9162              	.LBE2540:
 9163              	.LBE2539:
 314:delay-module.cpp ****     float sample_rate;
 9164              		.loc 16 314 1 view .LVU2143
 9165 0016 2DED028B 		vpush.64	{d8}
 9166              		.cfi_def_cfa_offset 44
 9167              		.cfi_offset 80, -44
 9168              		.cfi_offset 81, -40
 9169 001a C5B0     		sub	sp, sp, #276
 9170              		.cfi_def_cfa_offset 320
 9171              		.loc 16 318 17 view .LVU2144
 9172 001c FFF7FEFF 		bl	_ZN5daisy9DaisySeed9ConfigureEv
 9173              	.LVL651:
 319:delay-module.cpp ****     hw.Init();
 9174              		.loc 16 319 5 is_stmt 1 view .LVU2145
 9175              		.loc 16 319 12 is_stmt 0 view .LVU2146
 9176 0020 2146     		mov	r1, r4
 9177 0022 B348     		ldr	r0, .L573
 9178 0024 19AF     		add	r7, sp, #100
 9179 0026 FFF7FEFF 		bl	_ZN5daisy9DaisySeed4InitEb
 9180              	.LVL652:
 320:delay-module.cpp ****     hw.SetAudioSampleRate(SaiHandle::Config::SampleRate::SAI_96KHZ);
 9181              		.loc 16 320 5 is_stmt 1 view .LVU2147
 9182              		.loc 16 320 26 is_stmt 0 view .LVU2148
 9183 002a 0421     		movs	r1, #4
 9184 002c B048     		ldr	r0, .L573
 9185 002e 24AE     		add	r6, sp, #144
 9186 0030 FFF7FEFF 		bl	_ZN5daisy9DaisySeed18SetAudioSampleRateENS_9SaiHandle6Config10SampleRateE
 9187              	.LVL653:
 321:delay-module.cpp ****     hw.SetAudioBlockSize(16);
 9188              		.loc 16 321 5 is_stmt 1 view .LVU2149
 9189              		.loc 16 321 25 is_stmt 0 view .LVU2150
 9190 0034 1021     		movs	r1, #16
 9191 0036 AE48     		ldr	r0, .L573
 9192              	.LBB2542:
 9193              	.LBB2543:
  25:../../libDaisy//src/hid/disp/oled_display.h **** 
ARM GAS  C:\Users\kgpol\AppData\Local\Temp\ccIP7kIm.s 			page 241


 9194              		.loc 12 25 44 view .LVU2151
 9195 0038 B346     		mov	fp, r6
 9196              	.LBE2543:
 9197              	.LBE2542:
 9198              		.loc 16 321 25 view .LVU2152
 9199 003a FFF7FEFF 		bl	_ZN5daisy9DaisySeed17SetAudioBlockSizeEj
 9200              	.LVL654:
 322:delay-module.cpp ****     sample_rate = hw.AudioSampleRate();
 9201              		.loc 16 322 5 is_stmt 1 view .LVU2153
 9202              		.loc 16 322 37 is_stmt 0 view .LVU2154
 9203 003e AC48     		ldr	r0, .L573
 9204 0040 FFF7FEFF 		bl	_ZN5daisy9DaisySeed15AudioSampleRateEv
 9205              	.LVL655:
 9206              	.LBB2548:
 9207              	.LBB2549:
 9208              	.LBB2550:
 9209              	.LBB2551:
  71:../../libDaisy//src/dev/oled_ssd130x.h ****             // Initialize using defaults
 9210              		.loc 13 71 9 view .LVU2155
 9211 0044 40F60633 		movw	r3, #2822
 9212              	.LBE2551:
 9213              	.LBE2550:
 9214              	.LBE2549:
 9215              	.LBE2548:
 323:delay-module.cpp **** 
 324:delay-module.cpp ****     // configure and initialize the display
 325:delay-module.cpp ****     MyOledDisplay::Config disp_cfg;
 326:delay-module.cpp ****     disp_cfg.driver_config.transport_config.pin_config.dc    = hw.GetPin(9);
 9216              		.loc 16 326 75 view .LVU2156
 9217 0048 0920     		movs	r0, #9
 322:delay-module.cpp **** 
 9218              		.loc 16 322 37 view .LVU2157
 9219 004a B0EE408A 		vmov.f32	s16, s0
 9220              	.LVL656:
 325:delay-module.cpp ****     disp_cfg.driver_config.transport_config.pin_config.dc    = hw.GetPin(9);
 9221              		.loc 16 325 5 is_stmt 1 view .LVU2158
 9222              	.LBB2563:
 9223              	.LBI2548:
  20:../../libDaisy//src/hid/disp/oled_display.h ****     {
 9224              		.loc 12 20 12 view .LVU2159
 9225              	.LBB2560:
 9226              	.LBI2549:
 248:../../libDaisy//src/dev/oled_ssd130x.h ****     {
 9227              		.loc 13 248 12 view .LVU2160
 9228              	.LBB2557:
 9229              	.LBI2550:
  70:../../libDaisy//src/dev/oled_ssd130x.h ****         {
 9230              		.loc 13 70 9 view .LVU2161
 9231              	.LBB2554:
 9232              	.LBB2552:
 9233              	.LBI2552:
 9234              		.file 19 "../../libDaisy//src/per/spi.h"
   1:../../libDaisy//src/per/spi.h **** #pragma once
   2:../../libDaisy//src/per/spi.h **** #ifndef DSY_SPI_H
   3:../../libDaisy//src/per/spi.h **** #define DSY_SPI_H
   4:../../libDaisy//src/per/spi.h **** 
   5:../../libDaisy//src/per/spi.h **** #include "daisy_core.h"
ARM GAS  C:\Users\kgpol\AppData\Local\Temp\ccIP7kIm.s 			page 242


   6:../../libDaisy//src/per/spi.h **** 
   7:../../libDaisy//src/per/spi.h **** /* TODO:
   8:../../libDaisy//src/per/spi.h **** - Add documentation
   9:../../libDaisy//src/per/spi.h **** - Add IT
  10:../../libDaisy//src/per/spi.h **** */
  11:../../libDaisy//src/per/spi.h **** 
  12:../../libDaisy//src/per/spi.h **** namespace daisy
  13:../../libDaisy//src/per/spi.h **** {
  14:../../libDaisy//src/per/spi.h **** /** @addtogroup serial
  15:../../libDaisy//src/per/spi.h **** @{
  16:../../libDaisy//src/per/spi.h **** */
  17:../../libDaisy//src/per/spi.h **** 
  18:../../libDaisy//src/per/spi.h **** /**  Handler for serial peripheral interface */
  19:../../libDaisy//src/per/spi.h **** class SpiHandle
  20:../../libDaisy//src/per/spi.h **** {
  21:../../libDaisy//src/per/spi.h ****   public:
  22:../../libDaisy//src/per/spi.h ****     struct Config
  23:../../libDaisy//src/per/spi.h ****     {
  24:../../libDaisy//src/per/spi.h ****         enum class Peripheral
  25:../../libDaisy//src/per/spi.h ****         {
  26:../../libDaisy//src/per/spi.h ****             SPI_1,
  27:../../libDaisy//src/per/spi.h ****             SPI_2,
  28:../../libDaisy//src/per/spi.h ****             SPI_3,
  29:../../libDaisy//src/per/spi.h ****             SPI_4,
  30:../../libDaisy//src/per/spi.h ****             SPI_5,
  31:../../libDaisy//src/per/spi.h ****             SPI_6,
  32:../../libDaisy//src/per/spi.h ****         };
  33:../../libDaisy//src/per/spi.h **** 
  34:../../libDaisy//src/per/spi.h ****         enum class Mode
  35:../../libDaisy//src/per/spi.h ****         {
  36:../../libDaisy//src/per/spi.h ****             MASTER,
  37:../../libDaisy//src/per/spi.h ****             SLAVE,
  38:../../libDaisy//src/per/spi.h ****         };
  39:../../libDaisy//src/per/spi.h **** 
  40:../../libDaisy//src/per/spi.h ****         enum class Direction
  41:../../libDaisy//src/per/spi.h ****         {
  42:../../libDaisy//src/per/spi.h ****             TWO_LINES,
  43:../../libDaisy//src/per/spi.h ****             TWO_LINES_TX_ONLY,
  44:../../libDaisy//src/per/spi.h ****             TWO_LINES_RX_ONLY,
  45:../../libDaisy//src/per/spi.h ****             ONE_LINE,
  46:../../libDaisy//src/per/spi.h ****         };
  47:../../libDaisy//src/per/spi.h **** 
  48:../../libDaisy//src/per/spi.h ****         enum class ClockPolarity
  49:../../libDaisy//src/per/spi.h ****         {
  50:../../libDaisy//src/per/spi.h ****             LOW,
  51:../../libDaisy//src/per/spi.h ****             HIGH,
  52:../../libDaisy//src/per/spi.h ****         };
  53:../../libDaisy//src/per/spi.h **** 
  54:../../libDaisy//src/per/spi.h ****         enum class ClockPhase
  55:../../libDaisy//src/per/spi.h ****         {
  56:../../libDaisy//src/per/spi.h ****             ONE_EDGE,
  57:../../libDaisy//src/per/spi.h ****             TWO_EDGE,
  58:../../libDaisy//src/per/spi.h ****         };
  59:../../libDaisy//src/per/spi.h **** 
  60:../../libDaisy//src/per/spi.h ****         enum class NSS
  61:../../libDaisy//src/per/spi.h ****         {
  62:../../libDaisy//src/per/spi.h ****             SOFT,
ARM GAS  C:\Users\kgpol\AppData\Local\Temp\ccIP7kIm.s 			page 243


  63:../../libDaisy//src/per/spi.h ****             HARD_INPUT,
  64:../../libDaisy//src/per/spi.h ****             HARD_OUTPUT,
  65:../../libDaisy//src/per/spi.h ****         };
  66:../../libDaisy//src/per/spi.h **** 
  67:../../libDaisy//src/per/spi.h ****         enum class BaudPrescaler
  68:../../libDaisy//src/per/spi.h ****         {
  69:../../libDaisy//src/per/spi.h ****             PS_2,
  70:../../libDaisy//src/per/spi.h ****             PS_4,
  71:../../libDaisy//src/per/spi.h ****             PS_8,
  72:../../libDaisy//src/per/spi.h ****             PS_16,
  73:../../libDaisy//src/per/spi.h ****             PS_32,
  74:../../libDaisy//src/per/spi.h ****             PS_64,
  75:../../libDaisy//src/per/spi.h ****             PS_128,
  76:../../libDaisy//src/per/spi.h ****             PS_256,
  77:../../libDaisy//src/per/spi.h ****         };
  78:../../libDaisy//src/per/spi.h **** 
  79:../../libDaisy//src/per/spi.h ****         struct
  80:../../libDaisy//src/per/spi.h ****         {
  81:../../libDaisy//src/per/spi.h ****             dsy_gpio_pin sclk; /**< & */
  82:../../libDaisy//src/per/spi.h ****             dsy_gpio_pin miso; /**< & */
  83:../../libDaisy//src/per/spi.h ****             dsy_gpio_pin mosi; /**< & */
  84:../../libDaisy//src/per/spi.h ****             dsy_gpio_pin nss;  /**< & */
  85:../../libDaisy//src/per/spi.h ****         } pin_config;
  86:../../libDaisy//src/per/spi.h **** 
  87:../../libDaisy//src/per/spi.h ****         Config()
 9235              		.loc 19 87 9 view .LVU2162
 9236              	.LBE2552:
 9237              	.LBE2554:
 9238              	.LBE2557:
 9239              	.LBE2560:
 9240              	.LBE2563:
  88:../../libDaisy//src/per/spi.h ****         {
  89:../../libDaisy//src/per/spi.h ****             // user must specify periph, mode, direction, nss, and pin_config
  90:../../libDaisy//src/per/spi.h ****             datasize       = 8;
 9241              		.loc 19 90 13 view .LVU2163
  91:../../libDaisy//src/per/spi.h ****             clock_polarity = ClockPolarity::LOW;
 9242              		.loc 19 91 13 view .LVU2164
  92:../../libDaisy//src/per/spi.h ****             clock_phase    = ClockPhase::ONE_EDGE;
 9243              		.loc 19 92 13 view .LVU2165
  93:../../libDaisy//src/per/spi.h ****             baud_prescaler = BaudPrescaler::PS_8;
 9244              		.loc 19 93 13 view .LVU2166
  73:../../libDaisy//src/dev/oled_ssd130x.h ****         }
 9245              		.loc 13 73 13 view .LVU2167
 9246              	.LBB2564:
 9247              	.LBB2561:
 9248              	.LBB2558:
 9249              	.LBB2555:
 9250              	.LBB2553:
 9251              	.LBI2553:
  81:../../libDaisy//src/dev/oled_ssd130x.h ****         {
 9252              		.loc 13 81 14 view .LVU2168
 9253              	.LBE2553:
 9254              	.LBE2555:
 9255              	.LBE2558:
 9256              	.LBE2561:
 9257              	.LBE2564:
  84:../../libDaisy//src/dev/oled_ssd130x.h ****             spi_config.mode   = SpiHandle::Config::Mode::MASTER;
ARM GAS  C:\Users\kgpol\AppData\Local\Temp\ccIP7kIm.s 			page 244


 9258              		.loc 13 84 13 view .LVU2169
  85:../../libDaisy//src/dev/oled_ssd130x.h ****             spi_config.direction
 9259              		.loc 13 85 13 view .LVU2170
  86:../../libDaisy//src/dev/oled_ssd130x.h ****                 = SpiHandle::Config::Direction::TWO_LINES_TX_ONLY;
 9260              		.loc 13 86 13 view .LVU2171
  88:../../libDaisy//src/dev/oled_ssd130x.h ****             spi_config.clock_polarity = SpiHandle::Config::ClockPolarity::LOW;
 9261              		.loc 13 88 13 view .LVU2172
  89:../../libDaisy//src/dev/oled_ssd130x.h ****             spi_config.clock_phase    = SpiHandle::Config::ClockPhase::ONE_EDGE;
 9262              		.loc 13 89 13 view .LVU2173
  90:../../libDaisy//src/dev/oled_ssd130x.h ****             spi_config.nss            = SpiHandle::Config::NSS::HARD_OUTPUT;
 9263              		.loc 13 90 13 view .LVU2174
  91:../../libDaisy//src/dev/oled_ssd130x.h ****             spi_config.baud_prescaler = SpiHandle::Config::BaudPrescaler::PS_8;
 9264              		.loc 13 91 13 view .LVU2175
  92:../../libDaisy//src/dev/oled_ssd130x.h ****             // SPI pin config
 9265              		.loc 13 92 13 view .LVU2176
  94:../../libDaisy//src/dev/oled_ssd130x.h ****             spi_config.pin_config.miso = {DSY_GPIOX, 0};
 9266              		.loc 13 94 13 view .LVU2177
  95:../../libDaisy//src/dev/oled_ssd130x.h ****             spi_config.pin_config.mosi = {DSY_GPIOB, 5};
 9267              		.loc 13 95 13 view .LVU2178
  96:../../libDaisy//src/dev/oled_ssd130x.h ****             spi_config.pin_config.nss  = {DSY_GPIOG, 10};
 9268              		.loc 13 96 13 view .LVU2179
  97:../../libDaisy//src/dev/oled_ssd130x.h ****             // SSD130x control pin config
 9269              		.loc 13 97 13 view .LVU2180
 9270              	.LBB2565:
 9271              	.LBB2562:
 9272              	.LBB2559:
 9273              	.LBB2556:
  71:../../libDaisy//src/dev/oled_ssd130x.h ****             // Initialize using defaults
 9274              		.loc 13 71 9 is_stmt 0 view .LVU2181
 9275 004e 1993     		str	r3, [sp, #100]
 9276 0050 A84B     		ldr	r3, .L573+4
 9277 0052 1A93     		str	r3, [sp, #104]
 9278              	.LBE2556:
 9279              	.LBE2559:
 9280              	.LBE2562:
 9281              	.LBE2565:
  99:../../libDaisy//src/dev/oled_ssd130x.h ****             pin_config.reset = {DSY_GPIOB, 15};
 9282              		.loc 13 99 13 is_stmt 1 view .LVU2182
 100:../../libDaisy//src/dev/oled_ssd130x.h ****         }
 9283              		.loc 13 100 13 view .LVU2183
 9284              	.LVL657:
 9285              		.loc 16 326 5 view .LVU2184
 9286              		.loc 16 326 75 is_stmt 0 view .LVU2185
 9287 0054 FFF7FEFF 		bl	_ZN5daisy9DaisySeed6GetPinEh
 9288              	.LVL658:
 9289              		.loc 16 326 75 view .LVU2186
 9290 0058 ADF88C00 		strh	r0, [sp, #140]	@ movhi
 327:delay-module.cpp ****     disp_cfg.driver_config.transport_config.pin_config.reset = hw.GetPin(0);
 9291              		.loc 16 327 5 is_stmt 1 view .LVU2187
 9292              		.loc 16 327 75 is_stmt 0 view .LVU2188
 9293 005c 2046     		mov	r0, r4
 9294 005e FFF7FEFF 		bl	_ZN5daisy9DaisySeed6GetPinEh
 9295              	.LVL659:
 9296 0062 0B23     		movs	r3, #11
 9297 0064 1D95     		str	r5, [sp, #116]
 9298              	.LBB2566:
 9299              	.LBB2544:
ARM GAS  C:\Users\kgpol\AppData\Local\Temp\ccIP7kIm.s 			page 245


  25:../../libDaisy//src/hid/disp/oled_display.h **** 
 9300              		.loc 12 25 44 view .LVU2189
 9301 0066 0DF19C0E 		add	lr, sp, #156
 9302 006a ADF86630 		strh	r3, [sp, #102]	@ movhi
 9303 006e 0823     		movs	r3, #8
 9304              	.LBE2544:
 9305              	.LBE2566:
 9306              		.loc 16 327 75 view .LVU2190
 9307 0070 ADF88E00 		strh	r0, [sp, #142]	@ movhi
 328:delay-module.cpp ****     display.Init(disp_cfg);
 9308              		.loc 16 328 5 is_stmt 1 view .LVU2191
 9309              	.LVL660:
 9310              	.LBB2567:
 9311              	.LBB2545:
  25:../../libDaisy//src/hid/disp/oled_display.h **** 
 9312              		.loc 12 25 44 is_stmt 0 view .LVU2192
 9313 0074 EC46     		mov	ip, sp
 9314 0076 1E93     		str	r3, [sp, #120]
 9315 0078 CDE92188 		strd	r8, r8, [sp, #132]
 9316 007c CDE91F44 		strd	r4, r4, [sp, #124]
 9317 0080 CDE91B44 		strd	r4, r4, [sp, #108]
 9318 0084 0FCF     		ldmia	r7!, {r0, r1, r2, r3}
 9319 0086 0FC6     		stmia	r6!, {r0, r1, r2, r3}
 9320 0088 0FCF     		ldmia	r7!, {r0, r1, r2, r3}
 9321 008a 0FC6     		stmia	r6!, {r0, r1, r2, r3}
 9322 008c 97E80700 		ldm	r7, {r0, r1, r2}
 9323 0090 86E80700 		stm	r6, {r0, r1, r2}
 9324              	.LBE2545:
 9325              	.LBI2542:
  25:../../libDaisy//src/hid/disp/oled_display.h **** 
 9326              		.loc 12 25 10 is_stmt 1 view .LVU2193
 9327              	.LBB2546:
  25:../../libDaisy//src/hid/disp/oled_display.h **** 
 9328              		.loc 12 25 44 is_stmt 0 view .LVU2194
 9329 0094 BEE80F00 		ldmia	lr!, {r0, r1, r2, r3}
 9330 0098 ACE80F00 		stmia	ip!, {r0, r1, r2, r3}
 9331 009c 9EE80F00 		ldm	lr, {r0, r1, r2, r3}
 9332              	.LBE2546:
 9333              	.LBE2567:
 329:delay-module.cpp ****     UpdateDisplay();
 330:delay-module.cpp **** 
 331:delay-module.cpp ****     // initialize the encoder
 332:delay-module.cpp ****     enc.Init(seed::D11, seed::D12, seed::D30);
 9334              		.loc 16 332 13 view .LVU2195
 9335 00a0 4FF00806 		mov	r6, #8
 9336 00a4 4FF00907 		mov	r7, #9
 9337              	.LBB2568:
 9338              	.LBB2547:
  25:../../libDaisy//src/hid/disp/oled_display.h **** 
 9339              		.loc 12 25 44 view .LVU2196
 9340 00a8 8CE80F00 		stm	ip, {r0, r1, r2, r3}
 9341 00ac 0AF10800 		add	r0, r10, #8
 9342 00b0 9BE80E00 		ldm	fp, {r1, r2, r3}
 9343 00b4 FFF7FEFF 		bl	_ZN5daisy13SSD130xDriverILj128ELj64ENS_24SSD130x4WireSpiTransportEE4InitENS2_6ConfigE
 9344              	.LVL661:
  25:../../libDaisy//src/hid/disp/oled_display.h **** 
 9345              		.loc 12 25 44 view .LVU2197
ARM GAS  C:\Users\kgpol\AppData\Local\Temp\ccIP7kIm.s 			page 246


 9346              	.LBE2547:
 9347              	.LBE2568:
 329:delay-module.cpp ****     UpdateDisplay();
 9348              		.loc 16 329 5 is_stmt 1 view .LVU2198
 329:delay-module.cpp ****     UpdateDisplay();
 9349              		.loc 16 329 18 is_stmt 0 view .LVU2199
 9350 00b8 FFF7FEFF 		bl	_ZL13UpdateDisplayv
 9351              	.LVL662:
 9352              		.loc 16 332 5 is_stmt 1 view .LVU2200
 9353              		.loc 16 332 13 is_stmt 0 view .LVU2201
 9354 00bc 0F23     		movs	r3, #15
 9355 00be 8DF84050 		strb	r5, [sp, #64]
 9356 00c2 8DF84160 		strb	r6, [sp, #65]
 9357 00c6 9FED8C0A 		vldr.32	s0, .L573+8
 9358 00ca 1099     		ldr	r1, [sp, #64]
 9359 00cc 8DF84450 		strb	r5, [sp, #68]
 9360 00d0 8DF84570 		strb	r7, [sp, #69]
 9361 00d4 8DF84850 		strb	r5, [sp, #72]
 9362 00d8 8DF84930 		strb	r3, [sp, #73]
 9363 00dc 8748     		ldr	r0, .L573+12
 9364 00de DDE91123 		ldrd	r2, r3, [sp, #68]
 9365 00e2 FFF7FEFF 		bl	_ZN5daisy7Encoder4InitE12dsy_gpio_pinS1_S1_f
 9366              	.LVL663:
 333:delay-module.cpp **** 
 334:delay-module.cpp ****     // other initializations
 335:delay-module.cpp ****     InitAnalogControls(sample_rate);
 9367              		.loc 16 335 5 is_stmt 1 view .LVU2202
 9368              	.LBB2569:
 9369              	.LBI2539:
  91:delay-module.cpp **** {
 9370              		.loc 16 91 13 view .LVU2203
 9371              	.LBB2541:
  94:delay-module.cpp **** 	AdcChannelConfig adcConfig[num_adc_channels];
 9372              		.loc 16 94 5 view .LVU2204
  95:delay-module.cpp **** 	adcConfig[0].InitSingle(seed::A0);
 9373              		.loc 16 95 2 view .LVU2205
  96:delay-module.cpp ****     adcConfig[1].InitSingle(seed::A1);
 9374              		.loc 16 96 2 view .LVU2206
  96:delay-module.cpp ****     adcConfig[1].InitSingle(seed::A1);
 9375              		.loc 16 96 25 is_stmt 0 view .LVU2207
 9376 00e6 8DF86080 		strb	r8, [sp, #96]
 9377 00ea 8DF86140 		strb	r4, [sp, #97]
 9378 00ee 4246     		mov	r2, r8
 9379 00f0 1899     		ldr	r1, [sp, #96]
 9380 00f2 5846     		mov	r0, fp
 9381 00f4 FFF7FEFF 		bl	_ZN5daisy16AdcChannelConfig10InitSingleE12dsy_gpio_pinNS0_15ConversionSpeedE
 9382              	.LVL664:
  97:delay-module.cpp ****     adcConfig[2].InitSingle(seed::A2);
 9383              		.loc 16 97 5 is_stmt 1 view .LVU2208
  97:delay-module.cpp ****     adcConfig[2].InitSingle(seed::A2);
 9384              		.loc 16 97 28 is_stmt 0 view .LVU2209
 9385 00f8 8DF85C40 		strb	r4, [sp, #92]
 9386 00fc 8DF85D90 		strb	r9, [sp, #93]
 9387 0100 4246     		mov	r2, r8
 9388 0102 1799     		ldr	r1, [sp, #92]
 9389 0104 0DF1A200 		add	r0, sp, #162
 9390 0108 FFF7FEFF 		bl	_ZN5daisy16AdcChannelConfig10InitSingleE12dsy_gpio_pinNS0_15ConversionSpeedE
ARM GAS  C:\Users\kgpol\AppData\Local\Temp\ccIP7kIm.s 			page 247


 9391              	.LVL665:
  98:delay-module.cpp ****     adcConfig[3].InitSingle(seed::A3);
 9392              		.loc 16 98 5 is_stmt 1 view .LVU2210
  98:delay-module.cpp ****     adcConfig[3].InitSingle(seed::A3);
 9393              		.loc 16 98 28 is_stmt 0 view .LVU2211
 9394 010c 8DF85850 		strb	r5, [sp, #88]
 9395 0110 8DF85950 		strb	r5, [sp, #89]
 9396 0114 4246     		mov	r2, r8
 9397 0116 1699     		ldr	r1, [sp, #88]
 9398 0118 2DA8     		add	r0, sp, #180
 9399 011a FFF7FEFF 		bl	_ZN5daisy16AdcChannelConfig10InitSingleE12dsy_gpio_pinNS0_15ConversionSpeedE
 9400              	.LVL666:
  99:delay-module.cpp **** 	hw.adc.Init(adcConfig, num_adc_channels);
 9401              		.loc 16 99 5 is_stmt 1 view .LVU2212
  99:delay-module.cpp **** 	hw.adc.Init(adcConfig, num_adc_channels);
 9402              		.loc 16 99 28 is_stmt 0 view .LVU2213
 9403 011e 0723     		movs	r3, #7
 9404 0120 8DF85440 		strb	r4, [sp, #84]
 9405 0124 4246     		mov	r2, r8
 9406 0126 8DF85530 		strb	r3, [sp, #85]
 9407 012a 0DF1C600 		add	r0, sp, #198
 9408 012e 1599     		ldr	r1, [sp, #84]
 9409 0130 FFF7FEFF 		bl	_ZN5daisy16AdcChannelConfig10InitSingleE12dsy_gpio_pinNS0_15ConversionSpeedE
 9410              	.LVL667:
 100:delay-module.cpp **** 	hw.adc.Start();
 9411              		.loc 16 100 2 is_stmt 1 view .LVU2214
 100:delay-module.cpp **** 	hw.adc.Start();
 9412              		.loc 16 100 13 is_stmt 0 view .LVU2215
 9413 0134 0423     		movs	r3, #4
 9414 0136 5946     		mov	r1, fp
 9415 0138 7148     		ldr	r0, .L573+16
 9416 013a 1A46     		mov	r2, r3
 9417 013c FFF7FEFF 		bl	_ZN5daisy9AdcHandle4InitEPNS_16AdcChannelConfigEjNS0_12OverSamplingE
 9418              	.LVL668:
 101:delay-module.cpp **** 
 9419              		.loc 16 101 2 is_stmt 1 view .LVU2216
 101:delay-module.cpp **** 
 9420              		.loc 16 101 14 is_stmt 0 view .LVU2217
 9421 0140 6F48     		ldr	r0, .L573+16
 9422 0142 FFF7FEFF 		bl	_ZN5daisy9AdcHandle5StartEv
 9423              	.LVL669:
 104:delay-module.cpp ****     cv_1.Init(hw.adc.GetPtr(1), sample_rate, true, false, 0.01f);
 9424              		.loc 16 104 2 is_stmt 1 view .LVU2218
 104:delay-module.cpp ****     cv_1.Init(hw.adc.GetPtr(1), sample_rate, true, false, 0.01f);
 9425              		.loc 16 104 11 is_stmt 0 view .LVU2219
 9426 0146 2146     		mov	r1, r4
 9427 0148 6D48     		ldr	r0, .L573+16
 9428 014a FFF7FEFF 		bl	_ZNK5daisy9AdcHandle6GetPtrEh
 9429              	.LVL670:
 9430 014e B0EE480A 		vmov.f32	s0, s16
 9431 0152 2346     		mov	r3, r4
 9432 0154 2A46     		mov	r2, r5
 9433 0156 0146     		mov	r1, r0
 9434 0158 DFED6A0A 		vldr.32	s1, .L573+20
 9435 015c 6A48     		ldr	r0, .L573+24
 9436 015e FFF7FEFF 		bl	_ZN5daisy13AnalogControl4InitEPtfbbf
 9437              	.LVL671:
ARM GAS  C:\Users\kgpol\AppData\Local\Temp\ccIP7kIm.s 			page 248


 105:delay-module.cpp ****     cv_2.Init(hw.adc.GetPtr(2), sample_rate, true, false, 0.01f);
 9438              		.loc 16 105 5 is_stmt 1 view .LVU2220
 105:delay-module.cpp ****     cv_2.Init(hw.adc.GetPtr(2), sample_rate, true, false, 0.01f);
 9439              		.loc 16 105 14 is_stmt 0 view .LVU2221
 9440 0162 2946     		mov	r1, r5
 9441 0164 6648     		ldr	r0, .L573+16
 9442 0166 FFF7FEFF 		bl	_ZNK5daisy9AdcHandle6GetPtrEh
 9443              	.LVL672:
 9444 016a B0EE480A 		vmov.f32	s0, s16
 9445 016e 2346     		mov	r3, r4
 9446 0170 2A46     		mov	r2, r5
 9447 0172 0146     		mov	r1, r0
 9448 0174 DFED630A 		vldr.32	s1, .L573+20
 9449 0178 6448     		ldr	r0, .L573+28
 9450 017a FFF7FEFF 		bl	_ZN5daisy13AnalogControl4InitEPtfbbf
 9451              	.LVL673:
 106:delay-module.cpp ****     cv_3.Init(hw.adc.GetPtr(3), sample_rate, true, false, 0.01f);
 9452              		.loc 16 106 5 is_stmt 1 view .LVU2222
 106:delay-module.cpp ****     cv_3.Init(hw.adc.GetPtr(3), sample_rate, true, false, 0.01f);
 9453              		.loc 16 106 14 is_stmt 0 view .LVU2223
 9454 017e 4146     		mov	r1, r8
 9455 0180 5F48     		ldr	r0, .L573+16
 9456 0182 FFF7FEFF 		bl	_ZNK5daisy9AdcHandle6GetPtrEh
 9457              	.LVL674:
 9458 0186 B0EE480A 		vmov.f32	s0, s16
 9459 018a 2346     		mov	r3, r4
 9460 018c 2A46     		mov	r2, r5
 9461 018e 0146     		mov	r1, r0
 9462 0190 DFED5C0A 		vldr.32	s1, .L573+20
 9463 0194 5E48     		ldr	r0, .L573+32
 9464 0196 FFF7FEFF 		bl	_ZN5daisy13AnalogControl4InitEPtfbbf
 9465              	.LVL675:
 107:delay-module.cpp **** }
 9466              		.loc 16 107 5 is_stmt 1 view .LVU2224
 107:delay-module.cpp **** }
 9467              		.loc 16 107 14 is_stmt 0 view .LVU2225
 9468 019a 4946     		mov	r1, r9
 9469 019c 5848     		ldr	r0, .L573+16
 9470 019e FFF7FEFF 		bl	_ZNK5daisy9AdcHandle6GetPtrEh
 9471              	.LVL676:
 9472 01a2 DFED580A 		vldr.32	s1, .L573+20
 9473 01a6 B0EE480A 		vmov.f32	s0, s16
 9474 01aa 2346     		mov	r3, r4
 9475 01ac 2A46     		mov	r2, r5
 9476 01ae 0146     		mov	r1, r0
 9477 01b0 5848     		ldr	r0, .L573+36
 9478 01b2 FFF7FEFF 		bl	_ZN5daisy13AnalogControl4InitEPtfbbf
 9479              	.LVL677:
 107:delay-module.cpp **** }
 9480              		.loc 16 107 14 view .LVU2226
 9481              	.LBE2541:
 9482              	.LBE2569:
 336:delay-module.cpp ****     InitDac();
 9483              		.loc 16 336 5 is_stmt 1 view .LVU2227
 9484              	.LBB2570:
 9485              	.LBI2570:
 110:delay-module.cpp **** {
ARM GAS  C:\Users\kgpol\AppData\Local\Temp\ccIP7kIm.s 			page 249


 9486              		.loc 16 110 13 view .LVU2228
 9487              	.LBB2571:
 112:delay-module.cpp **** 	dac_cfg.bitdepth = DacHandle::BitDepth::BITS_12;
 9488              		.loc 16 112 2 view .LVU2229
 113:delay-module.cpp **** 	dac_cfg.buff_state = DacHandle::BufferState::ENABLED;
 9489              		.loc 16 113 2 view .LVU2230
 117:delay-module.cpp **** 	hw.dac.WriteValue(DacHandle::Channel::ONE, 0);
 9490              		.loc 16 117 13 is_stmt 0 view .LVU2231
 9491 01b6 5946     		mov	r1, fp
 9492 01b8 5748     		ldr	r0, .L573+40
 114:delay-module.cpp **** 	dac_cfg.mode = DacHandle::Mode::POLLING;
 9493              		.loc 16 114 21 view .LVU2232
 9494 01ba CDE92754 		strd	r5, r4, [sp, #156]
 115:delay-module.cpp **** 	dac_cfg.chn = DacHandle::Channel::BOTH;
 9495              		.loc 16 115 2 is_stmt 1 view .LVU2233
 116:delay-module.cpp **** 	hw.dac.Init(dac_cfg);
 9496              		.loc 16 116 14 is_stmt 0 view .LVU2234
 9497 01be CDE92584 		strd	r8, r4, [sp, #148]
 117:delay-module.cpp **** 	hw.dac.WriteValue(DacHandle::Channel::ONE, 0);
 9498              		.loc 16 117 2 is_stmt 1 view .LVU2235
 117:delay-module.cpp **** 	hw.dac.WriteValue(DacHandle::Channel::ONE, 0);
 9499              		.loc 16 117 13 is_stmt 0 view .LVU2236
 9500 01c2 FFF7FEFF 		bl	_ZN5daisy9DacHandle4InitERKNS0_6ConfigE
 9501              	.LVL678:
 118:delay-module.cpp **** 	hw.dac.WriteValue(DacHandle::Channel::TWO, 0);
 9502              		.loc 16 118 2 is_stmt 1 view .LVU2237
 118:delay-module.cpp **** 	hw.dac.WriteValue(DacHandle::Channel::TWO, 0);
 9503              		.loc 16 118 19 is_stmt 0 view .LVU2238
 9504 01c6 2246     		mov	r2, r4
 9505 01c8 2146     		mov	r1, r4
 9506 01ca 5348     		ldr	r0, .L573+40
 9507 01cc FFF7FEFF 		bl	_ZN5daisy9DacHandle10WriteValueENS0_7ChannelEt
 9508              	.LVL679:
 119:delay-module.cpp **** }
 9509              		.loc 16 119 2 is_stmt 1 view .LVU2239
 119:delay-module.cpp **** }
 9510              		.loc 16 119 19 is_stmt 0 view .LVU2240
 9511 01d0 2246     		mov	r2, r4
 9512 01d2 2946     		mov	r1, r5
 9513 01d4 5048     		ldr	r0, .L573+40
 9514 01d6 FFF7FEFF 		bl	_ZN5daisy9DacHandle10WriteValueENS0_7ChannelEt
 9515              	.LVL680:
 9516              	.LBE2571:
 9517              	.LBE2570:
 337:delay-module.cpp ****     InitGpio();
 9518              		.loc 16 337 5 is_stmt 1 view .LVU2241
 9519              	.LBB2572:
 9520              	.LBI2572:
 133:delay-module.cpp **** {
 9521              		.loc 16 133 13 view .LVU2242
 9522              	.LBB2573:
 136:delay-module.cpp ****     hold.Init(seed::D27);
 9523              		.loc 16 136 5 view .LVU2243
 136:delay-module.cpp ****     hold.Init(seed::D27);
 9524              		.loc 16 136 15 is_stmt 0 view .LVU2244
 9525 01da 504B     		ldr	r3, .L573+44
 9526 01dc 2A46     		mov	r2, r5
ARM GAS  C:\Users\kgpol\AppData\Local\Temp\ccIP7kIm.s 			page 250


 9527 01de 5048     		ldr	r0, .L573+48
 9528 01e0 1968     		ldr	r1, [r3]
 9529 01e2 FFF7FEFF 		bl	_ZN5daisy6GateIn4InitENS_3PinEb
 9530              	.LVL681:
 137:delay-module.cpp **** 
 9531              		.loc 16 137 5 is_stmt 1 view .LVU2245
 137:delay-module.cpp **** 
 9532              		.loc 16 137 14 is_stmt 0 view .LVU2246
 9533 01e6 4F4B     		ldr	r3, .L573+52
 9534 01e8 2A46     		mov	r2, r5
 9535 01ea 4F48     		ldr	r0, .L573+56
 9536 01ec 1968     		ldr	r1, [r3]
 9537 01ee FFF7FEFF 		bl	_ZN5daisy6GateIn4InitENS_3PinEb
 9538              	.LVL682:
 140:delay-module.cpp ****     led_1_r.Init(seed::D3, false);
 9539              		.loc 16 140 5 is_stmt 1 view .LVU2247
 140:delay-module.cpp ****     led_1_r.Init(seed::D3, false);
 9540              		.loc 16 140 17 is_stmt 0 view .LVU2248
 9541 01f2 8DF85160 		strb	r6, [sp, #81]
 9542 01f6 8DF85080 		strb	r8, [sp, #80]
 9543 01fa 2246     		mov	r2, r4
 9544 01fc 1499     		ldr	r1, [sp, #80]
 9545 01fe 9FED4B0A 		vldr.32	s0, .L573+60
 9546 0202 4B48     		ldr	r0, .L573+64
 9547 0204 FFF7FEFF 		bl	_ZN5daisy3Led4InitE12dsy_gpio_pinbf
 9548              	.LVL683:
 141:delay-module.cpp **** }
 9549              		.loc 16 141 5 is_stmt 1 view .LVU2249
 141:delay-module.cpp **** }
 9550              		.loc 16 141 17 is_stmt 0 view .LVU2250
 9551 0208 8DF84C80 		strb	r8, [sp, #76]
 9552 020c 8DF84D70 		strb	r7, [sp, #77]
 9553 0210 2246     		mov	r2, r4
 9554 0212 9FED460A 		vldr.32	s0, .L573+60
 9555 0216 1399     		ldr	r1, [sp, #76]
 9556 0218 4648     		ldr	r0, .L573+68
 9557 021a FFF7FEFF 		bl	_ZN5daisy3Led4InitE12dsy_gpio_pinbf
 9558              	.LVL684:
 141:delay-module.cpp **** }
 9559              		.loc 16 141 17 view .LVU2251
 9560              	.LBE2573:
 9561              	.LBE2572:
 9562              	.LBB2574:
 9563              	.LBB2575:
 9564              	.LBB2576:
 9565              	.LBB2577:
 9566              	.LBB2578:
  40:../../DaisySP//Source/Utility/delayline.h ****         {
 9567              		.loc 15 40 29 is_stmt 1 view .LVU2252
  42:../../DaisySP//Source/Utility/delayline.h ****         }
 9568              		.loc 15 42 22 is_stmt 0 view .LVU2253
 9569 021e 2146     		mov	r1, r4
 9570 0220 454A     		ldr	r2, .L573+72
 9571 0222 4648     		ldr	r0, .L573+76
 9572 0224 FFF7FEFF 		bl	memset
 9573              	.LVL685:
  42:../../DaisySP//Source/Utility/delayline.h ****         }
ARM GAS  C:\Users\kgpol\AppData\Local\Temp\ccIP7kIm.s 			page 251


 9574              		.loc 15 42 22 view .LVU2254
 9575              	.LBE2578:
  44:../../DaisySP//Source/Utility/delayline.h ****         delay_     = 1;
 9576              		.loc 15 44 20 view .LVU2255
 9577 0228 454B     		ldr	r3, .L573+80
 9578              	.LBE2577:
 9579              	.LBE2576:
 9580              	.LBE2575:
 9581              	.LBB2581:
 9582              	.LBB2582:
 9583              	.LBB2583:
 9584              	.LBB2584:
  42:../../DaisySP//Source/Utility/delayline.h ****         }
 9585              		.loc 15 42 22 view .LVU2256
 9586 022a 2146     		mov	r1, r4
 9587 022c 424A     		ldr	r2, .L573+72
 9588 022e 4548     		ldr	r0, .L573+84
 9589              	.LBE2584:
 9590              	.LBE2583:
 9591              	.LBE2582:
 9592              	.LBE2581:
 9593              	.LBB2590:
 9594              	.LBB2580:
 9595              	.LBB2579:
  45:../../DaisySP//Source/Utility/delayline.h ****     }
 9596              		.loc 15 45 20 view .LVU2257
 9597 0230 C3E90145 		strd	r4, r5, [r3, #4]
 9598              	.LVL686:
  45:../../DaisySP//Source/Utility/delayline.h ****     }
 9599              		.loc 15 45 20 view .LVU2258
 9600              	.LBE2579:
 9601              	.LBE2580:
 9602              	.LBE2590:
 9603              	.LBB2591:
 9604              	.LBB2588:
 9605              	.LBB2586:
 9606              	.LBB2585:
  40:../../DaisySP//Source/Utility/delayline.h ****         {
 9607              		.loc 15 40 29 is_stmt 1 view .LVU2259
  42:../../DaisySP//Source/Utility/delayline.h ****         }
 9608              		.loc 15 42 22 is_stmt 0 view .LVU2260
 9609 0234 FFF7FEFF 		bl	memset
 9610              	.LVL687:
  42:../../DaisySP//Source/Utility/delayline.h ****         }
 9611              		.loc 15 42 22 view .LVU2261
 9612              	.LBE2585:
  44:../../DaisySP//Source/Utility/delayline.h ****         delay_     = 1;
 9613              		.loc 15 44 20 view .LVU2262
 9614 0238 434B     		ldr	r3, .L573+88
 9615              	.LBE2586:
 9616              	.LBE2588:
 9617              	.LBE2591:
 9618              	.LBB2592:
 9619              	.LBB2593:
 9620              	.LBB2594:
  53:../../DaisySP//Source/Dynamics/crossfade.h ****         curve_ = curve < CROSSFADE_LAST ? curve : CROSSFADE_LIN;
 9621              		.loc 11 53 16 view .LVU2263
ARM GAS  C:\Users\kgpol\AppData\Local\Temp\ccIP7kIm.s 			page 252


 9622 023a 4FF07C52 		mov	r2, #1056964608
 9623              	.LBE2594:
 9624              	.LBE2593:
 9625              	.LBE2592:
 9626              	.LBE2574:
 338:delay-module.cpp ****     InitDspModules();
 339:delay-module.cpp **** 
 340:delay-module.cpp ****     // start the audio callback
 341:delay-module.cpp ****     hw.StartAudio(AudioCallback);
 9627              		.loc 16 341 18 view .LVU2264
 9628 023e 4349     		ldr	r1, .L573+92
 9629 0240 2B48     		ldr	r0, .L573
 9630              	.LBB2599:
 9631              	.LBB2597:
 9632              	.LBB2589:
 9633              	.LBB2587:
  44:../../DaisySP//Source/Utility/delayline.h ****         delay_     = 1;
 9634              		.loc 15 44 20 view .LVU2265
 9635 0242 C3E90145 		strd	r4, r5, [r3, #4]
 9636              	.LBE2587:
 9637              	.LBE2589:
 9638              	.LBE2597:
 9639              	.LBB2598:
 9640              	.LBB2596:
 9641              	.LBB2595:
  53:../../DaisySP//Source/Dynamics/crossfade.h ****         curve_ = curve < CROSSFADE_LAST ? curve : CROSSFADE_LIN;
 9642              		.loc 11 53 16 view .LVU2266
 9643 0246 424B     		ldr	r3, .L573+96
 9644 0248 1A60     		str	r2, [r3]	@ float
  54:../../DaisySP//Source/Dynamics/crossfade.h ****     }
 9645              		.loc 11 54 9 is_stmt 1 view .LVU2267
  54:../../DaisySP//Source/Dynamics/crossfade.h ****     }
 9646              		.loc 11 54 16 is_stmt 0 view .LVU2268
 9647 024a 1C71     		strb	r4, [r3, #4]
 9648              	.LBE2595:
 9649              	.LBE2596:
 9650              	.LBE2598:
 9651              	.LBE2599:
 130:delay-module.cpp **** }
 9652              		.loc 16 130 5 is_stmt 1 view .LVU2269
 9653              	.LVL688:
  69:../../DaisySP//Source/Dynamics/crossfade.h ****     /** Sets current curve applied to CrossFade 
  70:../../DaisySP//Source/Dynamics/crossfade.h ****     Expected input: See [Curve Options](##curve-options)
  71:../../DaisySP//Source/Dynamics/crossfade.h ****     */
  72:../../DaisySP//Source/Dynamics/crossfade.h ****     inline void SetCurve(uint8_t curve) { curve_ = curve; }
 9654              		.loc 11 72 43 view .LVU2270
 9655              		.loc 16 341 5 view .LVU2271
 9656              		.loc 16 341 18 is_stmt 0 view .LVU2272
 9657 024c FFF7FEFF 		bl	_ZN5daisy9DaisySeed10StartAudioEPFvPKfPfjE
 9658              	.LVL689:
 9659 0250 05E0     		b	.L548
 9660              	.L543:
 9661              	.LBB2600:
 342:delay-module.cpp ****     
 343:delay-module.cpp ****     while(1) {
 344:delay-module.cpp ****         enc.Debounce();
 345:delay-module.cpp **** 
ARM GAS  C:\Users\kgpol\AppData\Local\Temp\ccIP7kIm.s 			page 253


 346:delay-module.cpp ****         if (enc.RisingEdge()) {
 347:delay-module.cpp ****             display.Fill(true);
 348:delay-module.cpp ****             display.Update();
 349:delay-module.cpp ****         } else if (enc.FallingEdge()) {
 350:delay-module.cpp ****             UpdateDisplay();
 351:delay-module.cpp ****         }
 352:delay-module.cpp **** 
 353:delay-module.cpp ****         int increment = enc.Increment();
 354:delay-module.cpp ****         if (increment != 0) {
 355:delay-module.cpp ****             char str_buffer[128];
 356:delay-module.cpp ****             menu_index += increment;
 357:delay-module.cpp ****             sprintf(str_buffer, "%d", menu_index);
 358:delay-module.cpp ****             display.Fill(false);
 359:delay-module.cpp ****             display.SetCursor(0,0);
 360:delay-module.cpp ****             display.WriteString(str_buffer, Font_7x10, true);
 361:delay-module.cpp ****             display.Update();
 362:delay-module.cpp ****         }
 363:delay-module.cpp **** 
 364:delay-module.cpp ****         ProcessSwitch();
 365:delay-module.cpp ****         ProcessGateInputs();
 366:delay-module.cpp ****         UpdateLeds();
 9662              		.loc 16 366 9 is_stmt 1 view .LVU2273
 9663              	.LBB2601:
 9664              	.LBI2601:
 268:delay-module.cpp **** {
 9665              		.loc 16 268 13 view .LVU2274
 9666              	.LBB2602:
 270:delay-module.cpp ****     led_1_r.Update();
 9667              		.loc 16 270 5 view .LVU2275
 270:delay-module.cpp ****     led_1_r.Update();
 9668              		.loc 16 270 19 is_stmt 0 view .LVU2276
 9669 0252 3748     		ldr	r0, .L573+64
 9670 0254 FFF7FEFF 		bl	_ZN5daisy3Led6UpdateEv
 9671              	.LVL690:
 271:delay-module.cpp **** }
 9672              		.loc 16 271 5 is_stmt 1 view .LVU2277
 271:delay-module.cpp **** }
 9673              		.loc 16 271 19 is_stmt 0 view .LVU2278
 9674 0258 3648     		ldr	r0, .L573+68
 9675 025a FFF7FEFF 		bl	_ZN5daisy3Led6UpdateEv
 9676              	.LVL691:
 9677              	.L548:
 9678              	.LBE2602:
 9679              	.LBE2601:
 9680              	.LBE2600:
 343:delay-module.cpp ****         enc.Debounce();
 9681              		.loc 16 343 5 is_stmt 1 view .LVU2279
 9682              	.LBB2721:
 344:delay-module.cpp **** 
 9683              		.loc 16 344 9 view .LVU2280
 344:delay-module.cpp **** 
 9684              		.loc 16 344 21 is_stmt 0 view .LVU2281
 9685 025e 2748     		ldr	r0, .L573+12
 9686 0260 FFF7FEFF 		bl	_ZN5daisy7Encoder8DebounceEv
 9687              	.LVL692:
 346:delay-module.cpp ****             display.Fill(true);
 9688              		.loc 16 346 9 is_stmt 1 view .LVU2282
ARM GAS  C:\Users\kgpol\AppData\Local\Temp\ccIP7kIm.s 			page 254


 9689              	.LBB2603:
 9690              	.LBI2603:
  22:../../libDaisy//src/hid/encoder.h **** 
  23:../../libDaisy//src/hid/encoder.h ****     /** Initializes the encoder with the specified hardware pins.
  24:../../libDaisy//src/hid/encoder.h ****      * Update rate is to be deprecated in a future release
  25:../../libDaisy//src/hid/encoder.h ****      */
  26:../../libDaisy//src/hid/encoder.h ****     void Init(dsy_gpio_pin a,
  27:../../libDaisy//src/hid/encoder.h ****               dsy_gpio_pin b,
  28:../../libDaisy//src/hid/encoder.h ****               dsy_gpio_pin click,
  29:../../libDaisy//src/hid/encoder.h ****               float        update_rate = 0.f);
  30:../../libDaisy//src/hid/encoder.h ****     /** Called at update_rate to debounce and handle timing for the switch.
  31:../../libDaisy//src/hid/encoder.h ****      * In order for events not to be missed, its important that the Edge/Pressed checks be made at 
  32:../../libDaisy//src/hid/encoder.h ****      */
  33:../../libDaisy//src/hid/encoder.h ****     void Debounce();
  34:../../libDaisy//src/hid/encoder.h **** 
  35:../../libDaisy//src/hid/encoder.h ****     /** Returns +1 if the encoder was turned clockwise, -1 if it was turned counter-clockwise, or 0
  36:../../libDaisy//src/hid/encoder.h ****     inline int32_t Increment() const { return updated_ ? inc_ : 0; }
  37:../../libDaisy//src/hid/encoder.h **** 
  38:../../libDaisy//src/hid/encoder.h ****     /** Returns true if the encoder was just pressed. */
  39:../../libDaisy//src/hid/encoder.h ****     inline bool RisingEdge() const { return sw_.RisingEdge(); }
 9691              		.loc 1 39 17 view .LVU2283
 9692              	.LBE2603:
 9693              	.LBE2721:
 9694              		.loc 1 39 38 view .LVU2284
 9695              	.LBB2722:
 9696              	.LBB2606:
 9697              	.LBB2604:
 9698              	.LBI2604:
  43:../../libDaisy//src/hid/switch.h **** 
  44:../../libDaisy//src/hid/switch.h ****     /** 
  45:../../libDaisy//src/hid/switch.h ****     Initializes the switch object with a given port/pin combo.
  46:../../libDaisy//src/hid/switch.h ****     \param pin port/pin object to tell the switch which hardware pin to use.
  47:../../libDaisy//src/hid/switch.h ****     \param update_rate Does nothing. Backwards compatibility until next breaking update.
  48:../../libDaisy//src/hid/switch.h ****     \param t switch type -- Default: TYPE_MOMENTARY
  49:../../libDaisy//src/hid/switch.h ****     \param pol switch polarity -- Default: POLARITY_INVERTED
  50:../../libDaisy//src/hid/switch.h ****     \param pu switch pull up/down -- Default: PULL_UP
  51:../../libDaisy//src/hid/switch.h ****     */
  52:../../libDaisy//src/hid/switch.h ****     void
  53:../../libDaisy//src/hid/switch.h ****     Init(dsy_gpio_pin pin, float update_rate, Type t, Polarity pol, Pull pu);
  54:../../libDaisy//src/hid/switch.h **** 
  55:../../libDaisy//src/hid/switch.h ****     /**
  56:../../libDaisy//src/hid/switch.h ****        Simplified Init.
  57:../../libDaisy//src/hid/switch.h ****        \param pin port/pin object to tell the switch which hardware pin to use.
  58:../../libDaisy//src/hid/switch.h ****        \param update_rate Left for backwards compatibility until next breaking change.
  59:../../libDaisy//src/hid/switch.h ****     */
  60:../../libDaisy//src/hid/switch.h ****     void Init(dsy_gpio_pin pin, float update_rate = 0.f);
  61:../../libDaisy//src/hid/switch.h **** 
  62:../../libDaisy//src/hid/switch.h ****     /** 
  63:../../libDaisy//src/hid/switch.h ****     Called at update_rate to debounce and handle timing for the switch.
  64:../../libDaisy//src/hid/switch.h ****     In order for events not to be missed, its important that the Edge/Pressed checks
  65:../../libDaisy//src/hid/switch.h ****     be made at the same rate as the debounce function is being called.
  66:../../libDaisy//src/hid/switch.h ****     */
  67:../../libDaisy//src/hid/switch.h ****     void Debounce();
  68:../../libDaisy//src/hid/switch.h **** 
  69:../../libDaisy//src/hid/switch.h ****     /** \return true if a button was just pressed. */
  70:../../libDaisy//src/hid/switch.h ****     inline bool RisingEdge() const { return updated_ ? state_ == 0x7f : false; }
 9699              		.loc 2 70 17 view .LVU2285
ARM GAS  C:\Users\kgpol\AppData\Local\Temp\ccIP7kIm.s 			page 255


 9700              	.LBB2605:
 9701              		.loc 2 70 38 view .LVU2286
 9702              		.loc 2 70 54 is_stmt 0 view .LVU2287
 9703 0264 254A     		ldr	r2, .L573+12
 9704 0266 137B     		ldrb	r3, [r2, #12]	@ zero_extendqisi2
 9705 0268 23B1     		cbz	r3, .L524
 9706              		.loc 2 70 56 view .LVU2288
 9707 026a 937C     		ldrb	r3, [r2, #18]	@ zero_extendqisi2
 9708              	.LVL693:
 9709              		.loc 2 70 56 view .LVU2289
 9710              	.LBE2605:
 9711              	.LBE2604:
 9712              	.LBE2606:
 346:delay-module.cpp ****             display.Fill(true);
 9713              		.loc 16 346 9 view .LVU2290
 9714 026c 7F2B     		cmp	r3, #127
 9715 026e 77D0     		beq	.L568
 349:delay-module.cpp ****             UpdateDisplay();
 9716              		.loc 16 349 16 is_stmt 1 view .LVU2291
 9717              	.LVL694:
 349:delay-module.cpp ****             UpdateDisplay();
 9718              		.loc 16 349 16 is_stmt 0 view .LVU2292
 9719              	.LBE2722:
  40:../../libDaisy//src/hid/encoder.h **** 
  41:../../libDaisy//src/hid/encoder.h ****     /** Returns true if the encoder was just released. */
  42:../../libDaisy//src/hid/encoder.h ****     inline bool FallingEdge() const { return sw_.FallingEdge(); }
 9720              		.loc 1 42 39 is_stmt 1 view .LVU2293
  71:../../libDaisy//src/hid/switch.h **** 
  72:../../libDaisy//src/hid/switch.h ****     /** \return true if the button was just released */
  73:../../libDaisy//src/hid/switch.h ****     inline bool FallingEdge() const
  74:../../libDaisy//src/hid/switch.h ****     {
  75:../../libDaisy//src/hid/switch.h ****         return updated_ ? state_ == 0x80 : false;
 9721              		.loc 2 75 9 view .LVU2294
 9722              	.LBB2723:
 349:delay-module.cpp ****             UpdateDisplay();
 9723              		.loc 16 349 16 is_stmt 0 view .LVU2295
 9724 0270 802B     		cmp	r3, #128
 9725 0272 3AD0     		beq	.L569
 9726              	.L524:
 353:delay-module.cpp ****         if (increment != 0) {
 9727              		.loc 16 353 9 is_stmt 1 view .LVU2296
 9728              	.LVL695:
 9729              	.LBB2607:
 9730              	.LBI2607:
  36:../../libDaisy//src/hid/encoder.h **** 
 9731              		.loc 1 36 20 view .LVU2297
 9732              	.LBB2608:
  36:../../libDaisy//src/hid/encoder.h **** 
 9733              		.loc 1 36 40 view .LVU2298
  36:../../libDaisy//src/hid/encoder.h **** 
 9734              		.loc 1 36 56 is_stmt 0 view .LVU2299
 9735 0274 214A     		ldr	r2, .L573+12
 9736 0276 1379     		ldrb	r3, [r2, #4]	@ zero_extendqisi2
 9737 0278 1BB1     		cbz	r3, .L528
 9738 027a 536A     		ldr	r3, [r2, #36]
 9739              	.LVL696:
  36:../../libDaisy//src/hid/encoder.h **** 
ARM GAS  C:\Users\kgpol\AppData\Local\Temp\ccIP7kIm.s 			page 256


 9740              		.loc 1 36 56 view .LVU2300
 9741              	.LBE2608:
 9742              	.LBE2607:
 354:delay-module.cpp ****             char str_buffer[128];
 9743              		.loc 16 354 9 is_stmt 1 view .LVU2301
 9744              	.LBB2609:
 9745 027c 002B     		cmp	r3, #0
 9746 027e 40F0AD80 		bne	.L570
 9747              	.LVL697:
 9748              	.L528:
 354:delay-module.cpp ****             char str_buffer[128];
 9749              		.loc 16 354 9 is_stmt 0 view .LVU2302
 9750              	.LBE2609:
 364:delay-module.cpp ****         ProcessGateInputs();
 9751              		.loc 16 364 9 is_stmt 1 view .LVU2303
 365:delay-module.cpp ****         UpdateLeds();
 9752              		.loc 16 365 9 view .LVU2304
 9753              	.LBB2686:
 9754              	.LBI2686:
 228:delay-module.cpp **** {
 9755              		.loc 16 228 13 view .LVU2305
 9756              	.LBB2687:
 230:delay-module.cpp ****         ProcessClockInput();
 9757              		.loc 16 230 5 view .LVU2306
 9758 0282 344B     		ldr	r3, .L573+100
 9759 0284 1B78     		ldrb	r3, [r3]	@ zero_extendqisi2
 9760 0286 002B     		cmp	r3, #0
 9761 0288 E3D0     		beq	.L543
 231:delay-module.cpp ****     }
 9762              		.loc 16 231 9 view .LVU2307
 9763              	.LBB2688:
 9764              	.LBI2688:
 199:delay-module.cpp **** {
 9765              		.loc 16 199 13 view .LVU2308
 9766              	.LBB2689:
 202:delay-module.cpp **** 
 9767              		.loc 16 202 5 view .LVU2309
 9768              	.LVL698:
 9769              	.LBB2690:
 9770              	.LBI2690:
  22:../../libDaisy//src/hid/gatein.h **** 
  23:../../libDaisy//src/hid/gatein.h ****     /** @brief Initializes the gate input with specified hardware pin
  24:../../libDaisy//src/hid/gatein.h ****      *
  25:../../libDaisy//src/hid/gatein.h ****      *  @param pin_cfg pointer to pin to initialize
  26:../../libDaisy//src/hid/gatein.h ****      *  @param invert True if the pin state is HIGH when 0V is present
  27:../../libDaisy//src/hid/gatein.h ****      *         at the input. False if input signal matches the pin state.
  28:../../libDaisy//src/hid/gatein.h ****      *
  29:../../libDaisy//src/hid/gatein.h ****      *  @note the default for invert is true because it is typical to use
  30:../../libDaisy//src/hid/gatein.h ****      *  an inverting input circuit (e.g. a BJT circuit) for eurorack gate inputs.
  31:../../libDaisy//src/hid/gatein.h ****      */
  32:../../libDaisy//src/hid/gatein.h ****     void Init(Pin pin, bool invert = true);
  33:../../libDaisy//src/hid/gatein.h **** 
  34:../../libDaisy//src/hid/gatein.h ****     /** @brief Initializes the gate input with specified hardware pin
  35:../../libDaisy//src/hid/gatein.h ****      *
  36:../../libDaisy//src/hid/gatein.h ****      *  @param pin_cfg pointer to pin to initialize
  37:../../libDaisy//src/hid/gatein.h ****      *  @param invert True if the pin state is HIGH when 0V is present
  38:../../libDaisy//src/hid/gatein.h ****      *         at the input. False if input signal matches the pin state.
ARM GAS  C:\Users\kgpol\AppData\Local\Temp\ccIP7kIm.s 			page 257


  39:../../libDaisy//src/hid/gatein.h ****      *
  40:../../libDaisy//src/hid/gatein.h ****      *  @note the default for invert is true because it is typical to use
  41:../../libDaisy//src/hid/gatein.h ****      *  an inverting input circuit (e.g. a BJT circuit) for eurorack gate inputs.
  42:../../libDaisy//src/hid/gatein.h ****      * 
  43:../../libDaisy//src/hid/gatein.h ****      *  @note deprectated - this function still works, but will eventually be removed.
  44:../../libDaisy//src/hid/gatein.h ****      *  It uses the old style dsy_gpio_pin in a way that it is not compatible with the
  45:../../libDaisy//src/hid/gatein.h ****      *  the new Pin class. 
  46:../../libDaisy//src/hid/gatein.h ****      */
  47:../../libDaisy//src/hid/gatein.h ****     void Init(dsy_gpio_pin *pin_cfg, bool invert = true);
  48:../../libDaisy//src/hid/gatein.h **** 
  49:../../libDaisy//src/hid/gatein.h ****     /** Checks current state of gate input.
  50:../../libDaisy//src/hid/gatein.h ****      *  @return True if the GPIO just transitioned.
  51:../../libDaisy//src/hid/gatein.h ****      */
  52:../../libDaisy//src/hid/gatein.h ****     bool Trig();
  53:../../libDaisy//src/hid/gatein.h **** 
  54:../../libDaisy//src/hid/gatein.h ****     /** Checks current state of gate input (no state required)
  55:../../libDaisy//src/hid/gatein.h ****      *  read function is inverted because of suggested BJT input circuit
  56:../../libDaisy//src/hid/gatein.h ****      */
  57:../../libDaisy//src/hid/gatein.h ****     inline bool State() { return invert_ ? !pin_.Read() : pin_.Read(); }
 9771              		.loc 4 57 17 view .LVU2310
 9772              	.LBB2691:
 9773              		.loc 4 57 27 view .LVU2311
 9774              		.loc 4 57 42 is_stmt 0 view .LVU2312
 9775 028a 254B     		ldr	r3, .L573+48
 9776              	.LBB2692:
 9777              	.LBB2693:
 9778              		.loc 4 57 54 view .LVU2313
 9779 028c 2448     		ldr	r0, .L573+48
 9780              	.LBE2693:
 9781              	.LBE2692:
 9782              		.loc 4 57 42 view .LVU2314
 9783 028e 9B7D     		ldrb	r3, [r3, #22]	@ zero_extendqisi2
 9784 0290 3BB3     		cbz	r3, .L544
 9785              	.LVL699:
 9786              	.LBB2695:
 9787              	.LBI2692:
 9788              		.loc 4 57 17 is_stmt 1 view .LVU2315
 9789              	.LBB2694:
 9790              		.loc 4 57 54 is_stmt 0 view .LVU2316
 9791 0292 FFF7FEFF 		bl	_ZN5daisy4GPIO4ReadEv
 9792              	.LVL700:
 9793              		.loc 4 57 42 view .LVU2317
 9794 0296 80F00100 		eor	r0, r0, #1
 9795 029a C4B2     		uxtb	r4, r0
 9796              	.LVL701:
 9797              	.L545:
 9798              		.loc 4 57 42 view .LVU2318
 9799              	.LBE2694:
 9800              	.LBE2695:
 9801              	.LBE2691:
 9802              	.LBE2690:
 205:delay-module.cpp ****         // set the led to full
 9803              		.loc 16 205 5 is_stmt 1 view .LVU2319
 9804 029c 84B9     		cbnz	r4, .L571
 213:delay-module.cpp ****         // set the led to low brightness between pulses
 9805              		.loc 16 213 12 view .LVU2320
 213:delay-module.cpp ****         // set the led to low brightness between pulses
ARM GAS  C:\Users\kgpol\AppData\Local\Temp\ccIP7kIm.s 			page 258


 9806              		.loc 16 213 28 is_stmt 0 view .LVU2321
 9807 029e 2E4B     		ldr	r3, .L573+104
 9808 02a0 1B78     		ldrb	r3, [r3]	@ zero_extendqisi2
 9809 02a2 002B     		cmp	r3, #0
 9810 02a4 D5D0     		beq	.L543
 215:delay-module.cpp ****         led_1_r.Set(0);
 9811              		.loc 16 215 9 is_stmt 1 view .LVU2322
 215:delay-module.cpp ****         led_1_r.Set(0);
 9812              		.loc 16 215 20 is_stmt 0 view .LVU2323
 9813 02a6 9FED140A 		vldr.32	s0, .L573+8
 9814 02aa 2148     		ldr	r0, .L573+64
 9815 02ac FFF7FEFF 		bl	_ZN5daisy3Led3SetEf
 9816              	.LVL702:
 216:delay-module.cpp **** 
 9817              		.loc 16 216 9 is_stmt 1 view .LVU2324
 216:delay-module.cpp **** 
 9818              		.loc 16 216 20 is_stmt 0 view .LVU2325
 9819 02b0 9FED110A 		vldr.32	s0, .L573+8
 9820 02b4 1F48     		ldr	r0, .L573+68
 9821 02b6 FFF7FEFF 		bl	_ZN5daisy3Led3SetEf
 9822              	.LVL703:
 219:delay-module.cpp ****     }
 9823              		.loc 16 219 9 is_stmt 1 view .LVU2326
 219:delay-module.cpp ****     }
 9824              		.loc 16 219 21 is_stmt 0 view .LVU2327
 9825 02ba 274B     		ldr	r3, .L573+104
 9826 02bc 1C70     		strb	r4, [r3]
 9827 02be C8E7     		b	.L543
 9828              	.L571:
 205:delay-module.cpp ****         // set the led to full
 9829              		.loc 16 205 20 view .LVU2328
 9830 02c0 254C     		ldr	r4, .L573+104
 9831              	.LVL704:
 205:delay-module.cpp ****         // set the led to full
 9832              		.loc 16 205 20 view .LVU2329
 9833 02c2 2378     		ldrb	r3, [r4]	@ zero_extendqisi2
 9834 02c4 002B     		cmp	r3, #0
 9835 02c6 C4D1     		bne	.L543
 207:delay-module.cpp ****         led_1_r.Set(1.0f);
 9836              		.loc 16 207 9 is_stmt 1 view .LVU2330
 207:delay-module.cpp ****         led_1_r.Set(1.0f);
 9837              		.loc 16 207 20 is_stmt 0 view .LVU2331
 9838 02c8 B7EE000A 		vmov.f32	s0, #1.0e+0
 9839 02cc 1848     		ldr	r0, .L573+64
 9840 02ce FFF7FEFF 		bl	_ZN5daisy3Led3SetEf
 9841              	.LVL705:
 208:delay-module.cpp **** 
 9842              		.loc 16 208 9 is_stmt 1 view .LVU2332
 208:delay-module.cpp **** 
 9843              		.loc 16 208 20 is_stmt 0 view .LVU2333
 9844 02d2 B7EE000A 		vmov.f32	s0, #1.0e+0
 9845 02d6 1748     		ldr	r0, .L573+68
 9846 02d8 FFF7FEFF 		bl	_ZN5daisy3Led3SetEf
 9847              	.LVL706:
 211:delay-module.cpp **** 
 9848              		.loc 16 211 9 is_stmt 1 view .LVU2334
 211:delay-module.cpp **** 
ARM GAS  C:\Users\kgpol\AppData\Local\Temp\ccIP7kIm.s 			page 259


 9849              		.loc 16 211 21 is_stmt 0 view .LVU2335
 9850 02dc 0123     		movs	r3, #1
 9851 02de 2370     		strb	r3, [r4]
 9852 02e0 B7E7     		b	.L543
 9853              	.LVL707:
 9854              	.L544:
 9855              	.LBB2697:
 9856              	.LBB2696:
 9857              		.loc 4 57 68 view .LVU2336
 9858 02e2 FFF7FEFF 		bl	_ZN5daisy4GPIO4ReadEv
 9859              	.LVL708:
 9860 02e6 0446     		mov	r4, r0
 9861 02e8 D8E7     		b	.L545
 9862              	.LVL709:
 9863              	.L569:
 9864              		.loc 4 57 68 view .LVU2337
 9865              	.LBE2696:
 9866              	.LBE2697:
 9867              	.LBE2689:
 9868              	.LBE2688:
 9869              	.LBE2687:
 9870              	.LBE2686:
 350:delay-module.cpp ****         }
 9871              		.loc 16 350 13 is_stmt 1 view .LVU2338
 350:delay-module.cpp ****         }
 9872              		.loc 16 350 26 is_stmt 0 view .LVU2339
 9873 02ea FFF7FEFF 		bl	_ZL13UpdateDisplayv
 9874              	.LVL710:
 9875 02ee C1E7     		b	.L524
 9876              	.L574:
 9877              		.align	2
 9878              	.L573:
 9879 02f0 00000000 		.word	.LANCHOR13
 9880 02f4 0105060A 		.word	168166657
 9881 02f8 00000000 		.word	0
 9882 02fc 00000000 		.word	.LANCHOR14
 9883 0300 18000000 		.word	.LANCHOR13+24
 9884 0304 0AD7233C 		.word	1008981770
 9885 0308 00000000 		.word	.LANCHOR0
 9886 030c 00000000 		.word	.LANCHOR3
 9887 0310 00000000 		.word	.LANCHOR5
 9888 0314 00000000 		.word	.LANCHOR7
 9889 0318 20000000 		.word	.LANCHOR13+32
 9890 031c 00000000 		.word	.LANCHOR15
 9891 0320 00000000 		.word	.LANCHOR16
 9892 0324 00000000 		.word	.LANCHOR17
 9893 0328 00000000 		.word	.LANCHOR18
 9894 032c 00007A44 		.word	1148846080
 9895 0330 00000000 		.word	.LANCHOR19
 9896 0334 00000000 		.word	.LANCHOR20
 9897 0338 00983A00 		.word	3840000
 9898 033c 18983A00 		.word	_ZL7delay_l+12
 9899 0340 0C983A00 		.word	_ZL7delay_l
 9900 0344 0C000000 		.word	_ZL7delay_r+12
 9901 0348 00000000 		.word	_ZL7delay_r
 9902 034c 00000000 		.word	_ZL13AudioCallbackPKfPfj
 9903 0350 00000000 		.word	.LANCHOR9
ARM GAS  C:\Users\kgpol\AppData\Local\Temp\ccIP7kIm.s 			page 260


 9904 0354 00000000 		.word	.LANCHOR12
 9905 0358 00000000 		.word	.LANCHOR22
 9906 035c 00000000 		.word	.LANCHOR11
 9907              	.L568:
 9908 0360 814E     		ldr	r6, .L575
 9909              	.LBB2698:
 9910              	.LBB2699:
 9911              	.LBB2700:
 366:../../libDaisy//src/dev/oled_ssd130x.h ****         }
 9912              		.loc 13 366 24 view .LVU2340
 9913 0362 4FF48062 		mov	r2, #1024
 9914 0366 FF21     		movs	r1, #255
 9915 0368 B024     		movs	r4, #176
 9916 036a 3046     		mov	r0, r6
 9917 036c FFF7FEFF 		bl	memset
 9918              	.LVL711:
 9919              	.L527:
 366:../../libDaisy//src/dev/oled_ssd130x.h ****         }
 9920              		.loc 13 366 24 view .LVU2341
 9921 0370 0025     		movs	r5, #0
 9922              	.LBE2700:
 9923              	.LBE2699:
 9924              	.LBE2698:
 9925              	.LBB2701:
 9926              	.LBB2702:
 9927              	.LBB2703:
 9928              	.LBB2704:
 9929              	.LBB2705:
 124:../../libDaisy//src/dev/oled_ssd130x.h ****         spi_.BlockingTransmit(&cmd, 1);
 9930              		.loc 13 124 23 view .LVU2342
 9931 0372 0021     		movs	r1, #0
 9932 0374 7D48     		ldr	r0, .L575+4
 9933 0376 8DF89040 		strb	r4, [sp, #144]
 9934              	.LVL712:
 124:../../libDaisy//src/dev/oled_ssd130x.h ****         spi_.BlockingTransmit(&cmd, 1);
 9935              		.loc 13 124 23 view .LVU2343
 9936              	.LBE2705:
 9937              	.LBI2704:
 122:../../libDaisy//src/dev/oled_ssd130x.h ****     {
 9938              		.loc 13 122 10 is_stmt 1 view .LVU2344
 9939              	.LBB2706:
 124:../../libDaisy//src/dev/oled_ssd130x.h ****         spi_.BlockingTransmit(&cmd, 1);
 9940              		.loc 13 124 9 view .LVU2345
 124:../../libDaisy//src/dev/oled_ssd130x.h ****         spi_.BlockingTransmit(&cmd, 1);
 9941              		.loc 13 124 23 is_stmt 0 view .LVU2346
 9942 037a FFF7FEFF 		bl	dsy_gpio_write
 9943              	.LVL713:
 125:../../libDaisy//src/dev/oled_ssd130x.h ****     };
 9944              		.loc 13 125 9 is_stmt 1 view .LVU2347
 125:../../libDaisy//src/dev/oled_ssd130x.h ****     };
 9945              		.loc 13 125 30 is_stmt 0 view .LVU2348
 9946 037e 6423     		movs	r3, #100
 9947 0380 0122     		movs	r2, #1
 9948 0382 5946     		mov	r1, fp
 9949 0384 7A48     		ldr	r0, .L575+8
 9950 0386 FFF7FEFF 		bl	_ZN5daisy9SpiHandle16BlockingTransmitEPhjm
 9951              	.LVL714:
ARM GAS  C:\Users\kgpol\AppData\Local\Temp\ccIP7kIm.s 			page 261


 125:../../libDaisy//src/dev/oled_ssd130x.h ****     };
 9952              		.loc 13 125 30 view .LVU2349
 9953              	.LBE2706:
 9954              	.LBE2704:
 9955              	.LBB2707:
 9956              	.LBB2708:
 124:../../libDaisy//src/dev/oled_ssd130x.h ****         spi_.BlockingTransmit(&cmd, 1);
 9957              		.loc 13 124 23 view .LVU2350
 9958 038a 2946     		mov	r1, r5
 9959 038c 7748     		ldr	r0, .L575+4
 9960              	.LBE2708:
 9961              	.LBE2707:
 9962              		.loc 13 383 22 view .LVU2351
 9963 038e 0134     		adds	r4, r4, #1
 9964              	.LVL715:
 9965              		.loc 13 383 22 view .LVU2352
 9966 0390 8DF89050 		strb	r5, [sp, #144]
 9967              	.LVL716:
 9968              	.LBB2710:
 9969              	.LBI2707:
 122:../../libDaisy//src/dev/oled_ssd130x.h ****     {
 9970              		.loc 13 122 10 is_stmt 1 view .LVU2353
 9971              	.LBB2709:
 124:../../libDaisy//src/dev/oled_ssd130x.h ****         spi_.BlockingTransmit(&cmd, 1);
 9972              		.loc 13 124 9 view .LVU2354
 124:../../libDaisy//src/dev/oled_ssd130x.h ****         spi_.BlockingTransmit(&cmd, 1);
 9973              		.loc 13 124 23 is_stmt 0 view .LVU2355
 9974 0394 FFF7FEFF 		bl	dsy_gpio_write
 9975              	.LVL717:
 125:../../libDaisy//src/dev/oled_ssd130x.h ****     };
 9976              		.loc 13 125 9 is_stmt 1 view .LVU2356
 125:../../libDaisy//src/dev/oled_ssd130x.h ****     };
 9977              		.loc 13 125 30 is_stmt 0 view .LVU2357
 9978 0398 0122     		movs	r2, #1
 9979 039a 6423     		movs	r3, #100
 9980 039c 5946     		mov	r1, fp
 9981 039e 7448     		ldr	r0, .L575+8
 9982 03a0 FFF7FEFF 		bl	_ZN5daisy9SpiHandle16BlockingTransmitEPhjm
 9983              	.LVL718:
 125:../../libDaisy//src/dev/oled_ssd130x.h ****     };
 9984              		.loc 13 125 30 view .LVU2358
 9985 03a4 1023     		movs	r3, #16
 9986              	.LBE2709:
 9987              	.LBE2710:
 9988              	.LBB2711:
 9989              	.LBB2712:
 124:../../libDaisy//src/dev/oled_ssd130x.h ****         spi_.BlockingTransmit(&cmd, 1);
 9990              		.loc 13 124 23 view .LVU2359
 9991 03a6 2946     		mov	r1, r5
 9992 03a8 7048     		ldr	r0, .L575+4
 9993 03aa 8DF89030 		strb	r3, [sp, #144]
 9994              	.LVL719:
 124:../../libDaisy//src/dev/oled_ssd130x.h ****         spi_.BlockingTransmit(&cmd, 1);
 9995              		.loc 13 124 23 view .LVU2360
 9996              	.LBE2712:
 9997              	.LBI2711:
 122:../../libDaisy//src/dev/oled_ssd130x.h ****     {
ARM GAS  C:\Users\kgpol\AppData\Local\Temp\ccIP7kIm.s 			page 262


 9998              		.loc 13 122 10 is_stmt 1 view .LVU2361
 9999              	.LBB2713:
 124:../../libDaisy//src/dev/oled_ssd130x.h ****         spi_.BlockingTransmit(&cmd, 1);
 10000              		.loc 13 124 9 view .LVU2362
 124:../../libDaisy//src/dev/oled_ssd130x.h ****         spi_.BlockingTransmit(&cmd, 1);
 10001              		.loc 13 124 23 is_stmt 0 view .LVU2363
 10002 03ae FFF7FEFF 		bl	dsy_gpio_write
 10003              	.LVL720:
 125:../../libDaisy//src/dev/oled_ssd130x.h ****     };
 10004              		.loc 13 125 9 is_stmt 1 view .LVU2364
 125:../../libDaisy//src/dev/oled_ssd130x.h ****     };
 10005              		.loc 13 125 30 is_stmt 0 view .LVU2365
 10006 03b2 6423     		movs	r3, #100
 10007 03b4 0122     		movs	r2, #1
 10008 03b6 5946     		mov	r1, fp
 10009 03b8 6D48     		ldr	r0, .L575+8
 10010 03ba FFF7FEFF 		bl	_ZN5daisy9SpiHandle16BlockingTransmitEPhjm
 10011              	.LVL721:
 125:../../libDaisy//src/dev/oled_ssd130x.h ****     };
 10012              		.loc 13 125 30 view .LVU2366
 10013              	.LBE2713:
 10014              	.LBE2711:
 10015              	.LBB2714:
 10016              	.LBI2714:
 128:../../libDaisy//src/dev/oled_ssd130x.h ****     {
 10017              		.loc 13 128 10 is_stmt 1 view .LVU2367
 10018              	.LBB2715:
 130:../../libDaisy//src/dev/oled_ssd130x.h ****         spi_.BlockingTransmit(buff, size);
 10019              		.loc 13 130 9 view .LVU2368
 130:../../libDaisy//src/dev/oled_ssd130x.h ****         spi_.BlockingTransmit(buff, size);
 10020              		.loc 13 130 23 is_stmt 0 view .LVU2369
 10021 03be 0121     		movs	r1, #1
 10022 03c0 6A48     		ldr	r0, .L575+4
 10023              	.LBE2715:
 10024              	.LBE2714:
 10025              		.loc 13 383 22 view .LVU2370
 10026 03c2 E4B2     		uxtb	r4, r4
 10027              	.LBB2718:
 10028              	.LBB2716:
 130:../../libDaisy//src/dev/oled_ssd130x.h ****         spi_.BlockingTransmit(buff, size);
 10029              		.loc 13 130 23 view .LVU2371
 10030 03c4 FFF7FEFF 		bl	dsy_gpio_write
 10031              	.LVL722:
 131:../../libDaisy//src/dev/oled_ssd130x.h ****     };
 10032              		.loc 13 131 9 is_stmt 1 view .LVU2372
 131:../../libDaisy//src/dev/oled_ssd130x.h ****     };
 10033              		.loc 13 131 30 is_stmt 0 view .LVU2373
 10034 03c8 8022     		movs	r2, #128
 10035 03ca 3146     		mov	r1, r6
 10036 03cc 6423     		movs	r3, #100
 10037 03ce 6848     		ldr	r0, .L575+8
 10038              	.LBE2716:
 10039              	.LBE2718:
 10040              		.loc 13 383 22 view .LVU2374
 10041 03d0 1644     		add	r6, r6, r2
 10042              	.LVL723:
 10043              	.LBB2719:
ARM GAS  C:\Users\kgpol\AppData\Local\Temp\ccIP7kIm.s 			page 263


 10044              	.LBB2717:
 131:../../libDaisy//src/dev/oled_ssd130x.h ****     };
 10045              		.loc 13 131 30 view .LVU2375
 10046 03d2 FFF7FEFF 		bl	_ZN5daisy9SpiHandle16BlockingTransmitEPhjm
 10047              	.LVL724:
 131:../../libDaisy//src/dev/oled_ssd130x.h ****     };
 10048              		.loc 13 131 30 view .LVU2376
 10049              	.LBE2717:
 10050              	.LBE2719:
 10051              		.loc 13 383 9 is_stmt 1 view .LVU2377
 10052              		.loc 13 383 22 view .LVU2378
 10053 03d6 B82C     		cmp	r4, #184
 10054 03d8 CAD1     		bne	.L527
 10055 03da 4BE7     		b	.L524
 10056              	.LVL725:
 10057              	.L570:
 10058              		.loc 13 383 22 is_stmt 0 view .LVU2379
 10059              	.LBE2703:
 10060              	.LBE2702:
 10061              	.LBE2701:
 10062              	.LBB2720:
 10063              	.LBB2610:
 355:delay-module.cpp ****             menu_index += increment;
 10064              		.loc 16 355 13 is_stmt 1 view .LVU2380
 356:delay-module.cpp ****             sprintf(str_buffer, "%d", menu_index);
 10065              		.loc 16 356 13 view .LVU2381
 356:delay-module.cpp ****             sprintf(str_buffer, "%d", menu_index);
 10066              		.loc 16 356 24 is_stmt 0 view .LVU2382
 10067 03dc 6548     		ldr	r0, .L575+12
 357:delay-module.cpp ****             display.Fill(false);
 10068              		.loc 16 357 20 view .LVU2383
 10069 03de 6649     		ldr	r1, .L575+16
 356:delay-module.cpp ****             sprintf(str_buffer, "%d", menu_index);
 10070              		.loc 16 356 24 view .LVU2384
 10071 03e0 0268     		ldr	r2, [r0]
 10072 03e2 1A44     		add	r2, r2, r3
 10073 03e4 0260     		str	r2, [r0]
 357:delay-module.cpp ****             display.Fill(false);
 10074              		.loc 16 357 13 is_stmt 1 view .LVU2385
 357:delay-module.cpp ****             display.Fill(false);
 10075              		.loc 16 357 20 is_stmt 0 view .LVU2386
 10076 03e6 5846     		mov	r0, fp
 10077 03e8 FFF7FEFF 		bl	sprintf
 10078              	.LVL726:
 358:delay-module.cpp ****             display.SetCursor(0,0);
 10079              		.loc 16 358 13 is_stmt 1 view .LVU2387
 10080              	.LBB2611:
 10081              	.LBI2611:
  34:../../libDaisy//src/hid/disp/oled_display.h **** 
 10082              		.loc 12 34 10 view .LVU2388
 10083              	.LBB2612:
 10084              	.LBI2612:
 362:../../libDaisy//src/dev/oled_ssd130x.h ****     {
 10085              		.loc 13 362 10 view .LVU2389
 10086              	.LBB2613:
 364:../../libDaisy//src/dev/oled_ssd130x.h ****         {
 10087              		.loc 13 364 29 view .LVU2390
ARM GAS  C:\Users\kgpol\AppData\Local\Temp\ccIP7kIm.s 			page 264


 366:../../libDaisy//src/dev/oled_ssd130x.h ****         }
 10088              		.loc 13 366 24 is_stmt 0 view .LVU2391
 10089 03ec 4FF48062 		mov	r2, #1024
 10090 03f0 0021     		movs	r1, #0
 10091 03f2 5D48     		ldr	r0, .L575
 10092 03f4 FFF7FEFF 		bl	memset
 10093              	.LVL727:
 366:../../libDaisy//src/dev/oled_ssd130x.h ****         }
 10094              		.loc 13 366 24 view .LVU2392
 10095              	.LBE2613:
 10096              	.LBE2612:
 10097              	.LBE2611:
 359:delay-module.cpp ****             display.WriteString(str_buffer, Font_7x10, true);
 10098              		.loc 16 359 13 is_stmt 1 view .LVU2393
 10099              	.LBB2614:
 10100              	.LBI2614:
 171:../../libDaisy//src/hid/disp/display.h ****     {
 10101              		.loc 14 171 10 view .LVU2394
 10102              	.LBB2615:
 173:../../libDaisy//src/hid/disp/display.h ****         currentY_ = (y >= Height()) ? Height() - 1 : y;
 10103              		.loc 14 173 9 view .LVU2395
 174:../../libDaisy//src/hid/disp/display.h ****     }
 10104              		.loc 14 174 9 view .LVU2396
 10105 03f8 604A     		ldr	r2, .L575+20
 173:../../libDaisy//src/hid/disp/display.h ****         currentY_ = (y >= Height()) ? Height() - 1 : y;
 10106              		.loc 14 173 19 is_stmt 0 view .LVU2397
 10107 03fa 0023     		movs	r3, #0
 10108 03fc 5178     		ldrb	r1, [r2, #1]	@ zero_extendqisi2
 10109 03fe 92F80090 		ldrb	r9, [r2]	@ zero_extendqisi2
 10110 0402 CAF80430 		str	r3, [r10, #4]
 10111              	.LVL728:
 173:../../libDaisy//src/hid/disp/display.h ****         currentY_ = (y >= Height()) ? Height() - 1 : y;
 10112              		.loc 14 173 19 view .LVU2398
 10113              	.LBE2615:
 10114              	.LBE2614:
 360:delay-module.cpp ****             display.Update();
 10115              		.loc 16 360 13 is_stmt 1 view .LVU2399
 360:delay-module.cpp ****             display.Update();
 10116              		.loc 16 360 13 is_stmt 0 view .LVU2400
 10117 0406 5268     		ldr	r2, [r2, #4]
 10118              	.LBB2616:
 10119              	.LBB2617:
 443:../../libDaisy//src/hid/disp/display.h ****         {
 10120              		.loc 14 443 9 view .LVU2401
 10121 0408 9DF89030 		ldrb	r3, [sp, #144]	@ zero_extendqisi2
 10122 040c 0C91     		str	r1, [sp, #48]
 10123              	.LVL729:
 443:../../libDaisy//src/hid/disp/display.h ****         {
 10124              		.loc 14 443 9 view .LVU2402
 10125 040e 0D92     		str	r2, [sp, #52]
 10126              	.LVL730:
 443:../../libDaisy//src/hid/disp/display.h ****         {
 10127              		.loc 14 443 9 view .LVU2403
 10128              	.LBE2617:
 10129              	.LBI2616:
 440:../../libDaisy//src/hid/disp/display.h ****     {
 10130              		.loc 14 440 10 is_stmt 1 view .LVU2404
ARM GAS  C:\Users\kgpol\AppData\Local\Temp\ccIP7kIm.s 			page 265


 10131              	.LBB2661:
 443:../../libDaisy//src/hid/disp/display.h ****         {
 10132              		.loc 14 443 9 view .LVU2405
 10133 0410 002B     		cmp	r3, #0
 10134 0412 6DD0     		beq	.L530
 10135 0414 4D46     		mov	r5, r9
 10136 0416 CDF824B0 		str	fp, [sp, #36]
 10137              	.LVL731:
 10138              	.L529:
 10139              	.LBB2618:
 10140              	.LBI2618:
 396:../../libDaisy//src/hid/disp/display.h ****     {
 10141              		.loc 14 396 10 view .LVU2406
 10142              	.LBB2619:
 401:../../libDaisy//src/hid/disp/display.h ****             return 0;
 10143              		.loc 14 401 20 is_stmt 0 view .LVU2407
 10144 041a 203B     		subs	r3, r3, #32
 10145              	.LVL732:
 401:../../libDaisy//src/hid/disp/display.h ****             return 0;
 10146              		.loc 14 401 9 view .LVU2408
 10147 041c DAB2     		uxtb	r2, r3
 10148 041e 5E2A     		cmp	r2, #94
 10149 0420 66D8     		bhi	.L530
 405:../../libDaisy//src/hid/disp/display.h ****            || Height() < (currentY_ + font.FontHeight))
 10150              		.loc 14 405 23 view .LVU2409
 10151 0422 BAF804E0 		ldrh	lr, [r10, #4]
 405:../../libDaisy//src/hid/disp/display.h ****            || Height() < (currentY_ + font.FontHeight))
 10152              		.loc 14 405 33 view .LVU2410
 10153 0426 0EEB0502 		add	r2, lr, r5
 406:../../libDaisy//src/hid/disp/display.h ****         {
 10154              		.loc 14 406 12 view .LVU2411
 10155 042a 802A     		cmp	r2, #128
 405:../../libDaisy//src/hid/disp/display.h ****            || Height() < (currentY_ + font.FontHeight))
 10156              		.loc 14 405 33 view .LVU2412
 10157 042c 0B92     		str	r2, [sp, #44]
 406:../../libDaisy//src/hid/disp/display.h ****         {
 10158              		.loc 14 406 12 view .LVU2413
 10159 042e 5FDC     		bgt	.L530
 406:../../libDaisy//src/hid/disp/display.h ****         {
 10160              		.loc 14 406 27 view .LVU2414
 10161 0430 BAF80620 		ldrh	r2, [r10, #6]
 406:../../libDaisy//src/hid/disp/display.h ****         {
 10162              		.loc 14 406 37 view .LVU2415
 10163 0434 0C99     		ldr	r1, [sp, #48]
 406:../../libDaisy//src/hid/disp/display.h ****         {
 10164              		.loc 14 406 27 view .LVU2416
 10165 0436 0A92     		str	r2, [sp, #40]
 406:../../libDaisy//src/hid/disp/display.h ****         {
 10166              		.loc 14 406 37 view .LVU2417
 10167 0438 0A44     		add	r2, r2, r1
 406:../../libDaisy//src/hid/disp/display.h ****         {
 10168              		.loc 14 406 12 view .LVU2418
 10169 043a 402A     		cmp	r2, #64
 10170 043c 58DC     		bgt	.L530
 10171              	.LVL733:
 413:../../libDaisy//src/hid/disp/display.h ****         {
 10172              		.loc 14 413 22 is_stmt 1 view .LVU2419
ARM GAS  C:\Users\kgpol\AppData\Local\Temp\ccIP7kIm.s 			page 266


 10173 043e 0029     		cmp	r1, #0
 10174 0440 43D0     		beq	.L535
 415:../../libDaisy//src/hid/disp/display.h ****             for(j = 0; j < font.FontWidth; j++)
 10175              		.loc 14 415 37 is_stmt 0 view .LVU2420
 10176 0442 0C9A     		ldr	r2, [sp, #48]
 10177 0444 6FF0004C 		mvn	ip, #-2147483648
 10178 0448 0A9C     		ldr	r4, [sp, #40]
 10179 044a 02FB03F3 		mul	r3, r2, r3
 10180 044e 9C44     		add	ip, ip, r3
 10181 0450 1344     		add	r3, r3, r2
 10182 0452 0D9A     		ldr	r2, [sp, #52]
 10183 0454 A2F10209 		sub	r9, r2, #2
 10184 0458 02EB4C0C 		add	ip, r2, ip, lsl #1
 10185 045c 09EB4309 		add	r9, r9, r3, lsl #1
 10186              	.LVL734:
 10187              	.L536:
 415:../../libDaisy//src/hid/disp/display.h ****             for(j = 0; j < font.FontWidth; j++)
 10188              		.loc 14 415 15 view .LVU2421
 10189 0460 3CF8026F 		ldrh	r6, [ip, #2]!
 10190              	.LVL735:
 416:../../libDaisy//src/hid/disp/display.h ****             {
 10191              		.loc 14 416 26 is_stmt 1 view .LVU2422
 10192 0464 6DB3     		cbz	r5, .L539
 10193              	.LBB2620:
 10194              	.LBB2621:
 10195              	.LBB2622:
 10196              	.LBB2623:
 10197              	.LBB2624:
 359:../../libDaisy//src/dev/oled_ssd130x.h ****     }
 10198              		.loc 13 359 55 is_stmt 0 view .LVU2423
 10199 0466 04F00703 		and	r3, r4, #7
 359:../../libDaisy//src/dev/oled_ssd130x.h ****     }
 10200              		.loc 13 359 49 view .LVU2424
 10201 046a 0127     		movs	r7, #1
 359:../../libDaisy//src/dev/oled_ssd130x.h ****     }
 10202              		.loc 13 359 28 view .LVU2425
 10203 046c E208     		lsrs	r2, r4, #3
 10204 046e 7146     		mov	r1, lr
 359:../../libDaisy//src/dev/oled_ssd130x.h ****     }
 10205              		.loc 13 359 49 view .LVU2426
 10206 0470 9F40     		lsls	r7, r7, r3
 10207 0472 0EF11403 		add	r3, lr, #20
 359:../../libDaisy//src/dev/oled_ssd130x.h ****     }
 10208              		.loc 13 359 42 view .LVU2427
 10209 0476 7FB2     		sxtb	r7, r7
 10210 0478 03EBC212 		add	r2, r3, r2, lsl #7
 10211              	.LBE2624:
 10212              	.LBE2623:
 10213              	.LBE2622:
 10214              	.LBE2621:
 10215              	.LBE2620:
 416:../../libDaisy//src/hid/disp/display.h ****             {
 10216              		.loc 14 416 19 view .LVU2428
 10217 047c 0023     		movs	r3, #0
 10218              	.LBB2643:
 10219              	.LBB2638:
 10220              	.LBB2634:
ARM GAS  C:\Users\kgpol\AppData\Local\Temp\ccIP7kIm.s 			page 267


 10221              	.LBB2629:
 10222              	.LBB2625:
 359:../../libDaisy//src/dev/oled_ssd130x.h ****     }
 10223              		.loc 13 359 42 view .LVU2429
 10224 047e 6FEA0708 		mvn	r8, r7
 10225 0482 5244     		add	r2, r2, r10
 10226 0484 0BE0     		b	.L540
 10227              	.LVL736:
 10228              	.L572:
 359:../../libDaisy//src/dev/oled_ssd130x.h ****     }
 10229              		.loc 13 359 42 view .LVU2430
 10230              	.LBE2625:
 10231              	.LBE2629:
 10232              	.LBE2634:
 10233              	.LBE2638:
 10234              	.LBE2643:
 10235              	.LBB2644:
 10236              	.LBB2645:
 10237              	.LBB2646:
 354:../../libDaisy//src/dev/oled_ssd130x.h ****             return;
 10238              		.loc 13 354 9 view .LVU2431
 10239 0486 7F29     		cmp	r1, #127
 10240 0488 04D8     		bhi	.L538
 10241 048a 3F2C     		cmp	r4, #63
 10242 048c 02D8     		bhi	.L538
 357:../../libDaisy//src/dev/oled_ssd130x.h ****         else
 10243              		.loc 13 357 42 view .LVU2432
 10244 048e 1078     		ldrb	r0, [r2]	@ zero_extendqisi2
 10245 0490 3843     		orrs	r0, r0, r7
 10246 0492 1070     		strb	r0, [r2]
 10247              	.L538:
 10248              	.LVL737:
 357:../../libDaisy//src/dev/oled_ssd130x.h ****         else
 10249              		.loc 13 357 42 view .LVU2433
 10250              	.LBE2646:
 10251              	.LBE2645:
 10252              	.LBE2644:
 416:../../libDaisy//src/hid/disp/display.h ****             {
 10253              		.loc 14 416 13 is_stmt 1 view .LVU2434
 10254 0494 0133     		adds	r3, r3, #1
 10255              	.LVL738:
 416:../../libDaisy//src/hid/disp/display.h ****             {
 10256              		.loc 14 416 26 view .LVU2435
 10257 0496 0132     		adds	r2, r2, #1
 10258 0498 0131     		adds	r1, r1, #1
 10259 049a 9D42     		cmp	r5, r3
 10260 049c 11D0     		beq	.L539
 10261              	.LVL739:
 10262              	.L540:
 10263              	.LBB2648:
 10264              	.LBI2644:
  42:../../libDaisy//src/hid/disp/oled_display.h ****     {
 10265              		.loc 12 42 10 view .LVU2436
 10266              	.LBB2647:
 10267              	.LBI2645:
 352:../../libDaisy//src/dev/oled_ssd130x.h ****     {
 10268              		.loc 13 352 10 view .LVU2437
ARM GAS  C:\Users\kgpol\AppData\Local\Temp\ccIP7kIm.s 			page 268


 352:../../libDaisy//src/dev/oled_ssd130x.h ****     {
 10269              		.loc 13 352 10 is_stmt 0 view .LVU2438
 10270              	.LBE2647:
 10271              	.LBE2648:
 10272              	.LBB2649:
 10273              	.LBI2620:
  42:../../libDaisy//src/hid/disp/oled_display.h ****     {
 10274              		.loc 12 42 10 is_stmt 1 view .LVU2439
 10275              	.LBB2639:
 10276              	.LBI2621:
 352:../../libDaisy//src/dev/oled_ssd130x.h ****     {
 10277              		.loc 13 352 10 view .LVU2440
 10278              	.LBE2639:
 10279              	.LBE2649:
 418:../../libDaisy//src/hid/disp/display.h ****                 {
 10280              		.loc 14 418 23 is_stmt 0 view .LVU2441
 10281 049e 06FA03F0 		lsl	r0, r6, r3
 418:../../libDaisy//src/hid/disp/display.h ****                 {
 10282              		.loc 14 418 17 view .LVU2442
 10283 04a2 0004     		lsls	r0, r0, #16
 10284 04a4 EFD4     		bmi	.L572
 10285              	.LVL740:
 10286              	.LBB2650:
 10287              	.LBB2640:
 10288              	.LBB2635:
 10289              	.LBB2630:
 10290              	.LBI2623:
 352:../../libDaisy//src/dev/oled_ssd130x.h ****     {
 10291              		.loc 13 352 10 is_stmt 1 view .LVU2443
 352:../../libDaisy//src/dev/oled_ssd130x.h ****     {
 10292              		.loc 13 352 10 is_stmt 0 view .LVU2444
 10293              	.LBE2630:
 354:../../libDaisy//src/dev/oled_ssd130x.h ****             return;
 10294              		.loc 13 354 9 view .LVU2445
 10295 04a6 7F29     		cmp	r1, #127
 10296 04a8 F4D8     		bhi	.L538
 10297 04aa 3F2C     		cmp	r4, #63
 10298 04ac F2D8     		bhi	.L538
 10299              	.LBB2631:
 10300              	.LBB2626:
 359:../../libDaisy//src/dev/oled_ssd130x.h ****     }
 10301              		.loc 13 359 42 view .LVU2446
 10302 04ae 1078     		ldrb	r0, [r2]	@ zero_extendqisi2
 10303              	.LBE2626:
 10304              	.LBE2631:
 10305              	.LBE2635:
 10306              	.LBE2640:
 10307              	.LBE2650:
 416:../../libDaisy//src/hid/disp/display.h ****             {
 10308              		.loc 14 416 13 view .LVU2447
 10309 04b0 0133     		adds	r3, r3, #1
 10310              	.LVL741:
 416:../../libDaisy//src/hid/disp/display.h ****             {
 10311              		.loc 14 416 26 view .LVU2448
 10312 04b2 0132     		adds	r2, r2, #1
 10313 04b4 0131     		adds	r1, r1, #1
 10314              	.LBB2651:
ARM GAS  C:\Users\kgpol\AppData\Local\Temp\ccIP7kIm.s 			page 269


 10315              	.LBB2641:
 10316              	.LBB2636:
 10317              	.LBB2632:
 10318              	.LBB2627:
 359:../../libDaisy//src/dev/oled_ssd130x.h ****     }
 10319              		.loc 13 359 42 view .LVU2449
 10320 04b6 08EA0000 		and	r0, r8, r0
 10321              	.LBE2627:
 10322              	.LBE2632:
 10323              	.LBE2636:
 10324              	.LBE2641:
 10325              	.LBE2651:
 416:../../libDaisy//src/hid/disp/display.h ****             {
 10326              		.loc 14 416 26 view .LVU2450
 10327 04ba 9D42     		cmp	r5, r3
 10328              	.LBB2652:
 10329              	.LBB2642:
 10330              	.LBB2637:
 10331              	.LBB2633:
 10332              	.LBB2628:
 359:../../libDaisy//src/dev/oled_ssd130x.h ****     }
 10333              		.loc 13 359 42 view .LVU2451
 10334 04bc 02F8010C 		strb	r0, [r2, #-1]
 10335              	.LVL742:
 359:../../libDaisy//src/dev/oled_ssd130x.h ****     }
 10336              		.loc 13 359 42 view .LVU2452
 10337              	.LBE2628:
 10338              	.LBE2633:
 10339              	.LBE2637:
 10340              	.LBE2642:
 10341              	.LBE2652:
 416:../../libDaisy//src/hid/disp/display.h ****             {
 10342              		.loc 14 416 13 is_stmt 1 view .LVU2453
 416:../../libDaisy//src/hid/disp/display.h ****             {
 10343              		.loc 14 416 26 view .LVU2454
 10344 04c0 EDD1     		bne	.L540
 10345              	.LVL743:
 10346              	.L539:
 413:../../libDaisy//src/hid/disp/display.h ****         {
 10347              		.loc 14 413 9 view .LVU2455
 413:../../libDaisy//src/hid/disp/display.h ****         {
 10348              		.loc 14 413 22 view .LVU2456
 10349 04c2 CC45     		cmp	ip, r9
 10350 04c4 04F10104 		add	r4, r4, #1
 10351 04c8 CAD1     		bne	.L536
 10352              	.LVL744:
 10353              	.L535:
 10354              	.LBB2653:
 10355              	.LBI2653:
 171:../../libDaisy//src/hid/disp/display.h ****     {
 10356              		.loc 14 171 10 view .LVU2457
 10357              	.LBB2654:
 173:../../libDaisy//src/hid/disp/display.h ****         currentY_ = (y >= Height()) ? Height() - 1 : y;
 10358              		.loc 14 173 9 view .LVU2458
 174:../../libDaisy//src/hid/disp/display.h ****     }
 10359              		.loc 14 174 19 is_stmt 0 view .LVU2459
 10360 04ca 0A9A     		ldr	r2, [sp, #40]
ARM GAS  C:\Users\kgpol\AppData\Local\Temp\ccIP7kIm.s 			page 270


 173:../../libDaisy//src/hid/disp/display.h ****         currentY_ = (y >= Height()) ? Height() - 1 : y;
 10361              		.loc 14 173 19 view .LVU2460
 10362 04cc BDF82C30 		ldrh	r3, [sp, #44]
 174:../../libDaisy//src/hid/disp/display.h ****     }
 10363              		.loc 14 174 19 view .LVU2461
 10364 04d0 3F2A     		cmp	r2, #63
 10365 04d2 28BF     		it	cs
 10366 04d4 3F22     		movcs	r2, #63
 173:../../libDaisy//src/hid/disp/display.h ****         currentY_ = (y >= Height()) ? Height() - 1 : y;
 10367              		.loc 14 173 19 view .LVU2462
 10368 04d6 7F2B     		cmp	r3, #127
 174:../../libDaisy//src/hid/disp/display.h ****     }
 10369              		.loc 14 174 19 view .LVU2463
 10370 04d8 AAF80620 		strh	r2, [r10, #6]	@ movhi
 173:../../libDaisy//src/hid/disp/display.h ****         currentY_ = (y >= Height()) ? Height() - 1 : y;
 10371              		.loc 14 173 19 view .LVU2464
 10372 04dc 28BF     		it	cs
 10373 04de 7F23     		movcs	r3, #127
 10374              	.LBE2654:
 10375              	.LBE2653:
 10376              	.LBE2619:
 10377              	.LBE2618:
 443:../../libDaisy//src/hid/disp/display.h ****         {
 10378              		.loc 14 443 9 view .LVU2465
 10379 04e0 099A     		ldr	r2, [sp, #36]
 10380              	.LBB2659:
 10381              	.LBB2657:
 10382              	.LBB2656:
 10383              	.LBB2655:
 173:../../libDaisy//src/hid/disp/display.h ****         currentY_ = (y >= Height()) ? Height() - 1 : y;
 10384              		.loc 14 173 19 view .LVU2466
 10385 04e2 AAF80430 		strh	r3, [r10, #4]	@ movhi
 174:../../libDaisy//src/hid/disp/display.h ****     }
 10386              		.loc 14 174 9 is_stmt 1 view .LVU2467
 10387              	.LVL745:
 174:../../libDaisy//src/hid/disp/display.h ****     }
 10388              		.loc 14 174 9 is_stmt 0 view .LVU2468
 10389              	.LBE2655:
 10390              	.LBE2656:
 10391              	.LBE2657:
 10392              	.LBE2659:
 443:../../libDaisy//src/hid/disp/display.h ****         {
 10393              		.loc 14 443 9 is_stmt 1 view .LVU2469
 10394 04e6 12F8013F 		ldrb	r3, [r2, #1]!	@ zero_extendqisi2
 10395              	.LVL746:
 443:../../libDaisy//src/hid/disp/display.h ****         {
 10396              		.loc 14 443 9 is_stmt 0 view .LVU2470
 10397 04ea 0992     		str	r2, [sp, #36]
 10398 04ec 002B     		cmp	r3, #0
 10399 04ee 94D1     		bne	.L529
 10400              	.LVL747:
 10401              	.L530:
 443:../../libDaisy//src/hid/disp/display.h ****         {
 10402              		.loc 14 443 9 view .LVU2471
 10403              	.LBE2661:
 10404              	.LBE2616:
 361:delay-module.cpp ****         }
ARM GAS  C:\Users\kgpol\AppData\Local\Temp\ccIP7kIm.s 			page 271


 10405              		.loc 16 361 13 is_stmt 1 view .LVU2472
 10406              	.LBB2663:
 10407              	.LBI2663:
 10408              		.loc 12 51 10 view .LVU2473
 10409              	.LBB2664:
 10410              	.LBI2664:
 373:../../libDaisy//src/dev/oled_ssd130x.h ****     {
 10411              		.loc 13 373 10 view .LVU2474
 10412              	.LBB2665:
 10413              		.loc 13 383 22 view .LVU2475
 10414 04f0 1D4E     		ldr	r6, .L575
 10415              	.LBE2665:
 10416              	.LBE2664:
 10417              	.LBE2663:
 10418              	.LBB2684:
 10419              	.LBB2662:
 10420              	.LBB2660:
 10421              	.LBB2658:
 416:../../libDaisy//src/hid/disp/display.h ****             {
 10422              		.loc 14 416 19 is_stmt 0 view .LVU2476
 10423 04f2 B024     		movs	r4, #176
 10424              	.LVL748:
 10425              	.L541:
 416:../../libDaisy//src/hid/disp/display.h ****             {
 10426              		.loc 14 416 19 view .LVU2477
 10427 04f4 0025     		movs	r5, #0
 10428              	.LBE2658:
 10429              	.LBE2660:
 10430              	.LBE2662:
 10431              	.LBE2684:
 10432              	.LBB2685:
 10433              	.LBB2683:
 10434              	.LBB2682:
 10435              	.LBB2666:
 10436              	.LBB2667:
 124:../../libDaisy//src/dev/oled_ssd130x.h ****         spi_.BlockingTransmit(&cmd, 1);
 10437              		.loc 13 124 23 view .LVU2478
 10438 04f6 0021     		movs	r1, #0
 10439 04f8 1C48     		ldr	r0, .L575+4
 10440 04fa 8DF83F40 		strb	r4, [sp, #63]
 10441              	.LVL749:
 124:../../libDaisy//src/dev/oled_ssd130x.h ****         spi_.BlockingTransmit(&cmd, 1);
 10442              		.loc 13 124 23 view .LVU2479
 10443              	.LBE2667:
 10444              	.LBI2666:
 122:../../libDaisy//src/dev/oled_ssd130x.h ****     {
 10445              		.loc 13 122 10 is_stmt 1 view .LVU2480
 10446              	.LBB2668:
 124:../../libDaisy//src/dev/oled_ssd130x.h ****         spi_.BlockingTransmit(&cmd, 1);
 10447              		.loc 13 124 9 view .LVU2481
 124:../../libDaisy//src/dev/oled_ssd130x.h ****         spi_.BlockingTransmit(&cmd, 1);
 10448              		.loc 13 124 23 is_stmt 0 view .LVU2482
 10449 04fe FFF7FEFF 		bl	dsy_gpio_write
 10450              	.LVL750:
 125:../../libDaisy//src/dev/oled_ssd130x.h ****     };
 10451              		.loc 13 125 9 is_stmt 1 view .LVU2483
 125:../../libDaisy//src/dev/oled_ssd130x.h ****     };
ARM GAS  C:\Users\kgpol\AppData\Local\Temp\ccIP7kIm.s 			page 272


 10452              		.loc 13 125 30 is_stmt 0 view .LVU2484
 10453 0502 6423     		movs	r3, #100
 10454 0504 0122     		movs	r2, #1
 10455 0506 0DF13F01 		add	r1, sp, #63
 10456 050a 1948     		ldr	r0, .L575+8
 10457 050c FFF7FEFF 		bl	_ZN5daisy9SpiHandle16BlockingTransmitEPhjm
 10458              	.LVL751:
 125:../../libDaisy//src/dev/oled_ssd130x.h ****     };
 10459              		.loc 13 125 30 view .LVU2485
 10460              	.LBE2668:
 10461              	.LBE2666:
 10462              	.LBB2669:
 10463              	.LBB2670:
 124:../../libDaisy//src/dev/oled_ssd130x.h ****         spi_.BlockingTransmit(&cmd, 1);
 10464              		.loc 13 124 23 view .LVU2486
 10465 0510 2946     		mov	r1, r5
 10466 0512 1648     		ldr	r0, .L575+4
 10467              	.LBE2670:
 10468              	.LBE2669:
 10469              		.loc 13 383 22 view .LVU2487
 10470 0514 0134     		adds	r4, r4, #1
 10471              	.LVL752:
 10472              		.loc 13 383 22 view .LVU2488
 10473 0516 8DF83F50 		strb	r5, [sp, #63]
 10474              	.LVL753:
 10475              	.LBB2672:
 10476              	.LBI2669:
 122:../../libDaisy//src/dev/oled_ssd130x.h ****     {
 10477              		.loc 13 122 10 is_stmt 1 view .LVU2489
 10478              	.LBB2671:
 124:../../libDaisy//src/dev/oled_ssd130x.h ****         spi_.BlockingTransmit(&cmd, 1);
 10479              		.loc 13 124 9 view .LVU2490
 124:../../libDaisy//src/dev/oled_ssd130x.h ****         spi_.BlockingTransmit(&cmd, 1);
 10480              		.loc 13 124 23 is_stmt 0 view .LVU2491
 10481 051a FFF7FEFF 		bl	dsy_gpio_write
 10482              	.LVL754:
 125:../../libDaisy//src/dev/oled_ssd130x.h ****     };
 10483              		.loc 13 125 9 is_stmt 1 view .LVU2492
 125:../../libDaisy//src/dev/oled_ssd130x.h ****     };
 10484              		.loc 13 125 30 is_stmt 0 view .LVU2493
 10485 051e 0122     		movs	r2, #1
 10486 0520 6423     		movs	r3, #100
 10487 0522 0DF13F01 		add	r1, sp, #63
 10488 0526 1248     		ldr	r0, .L575+8
 10489 0528 FFF7FEFF 		bl	_ZN5daisy9SpiHandle16BlockingTransmitEPhjm
 10490              	.LVL755:
 125:../../libDaisy//src/dev/oled_ssd130x.h ****     };
 10491              		.loc 13 125 30 view .LVU2494
 10492 052c 1023     		movs	r3, #16
 10493              	.LBE2671:
 10494              	.LBE2672:
 10495              	.LBB2673:
 10496              	.LBB2674:
 124:../../libDaisy//src/dev/oled_ssd130x.h ****         spi_.BlockingTransmit(&cmd, 1);
 10497              		.loc 13 124 23 view .LVU2495
 10498 052e 2946     		mov	r1, r5
 10499 0530 0E48     		ldr	r0, .L575+4
ARM GAS  C:\Users\kgpol\AppData\Local\Temp\ccIP7kIm.s 			page 273


 10500 0532 8DF83F30 		strb	r3, [sp, #63]
 10501              	.LVL756:
 124:../../libDaisy//src/dev/oled_ssd130x.h ****         spi_.BlockingTransmit(&cmd, 1);
 10502              		.loc 13 124 23 view .LVU2496
 10503              	.LBE2674:
 10504              	.LBI2673:
 122:../../libDaisy//src/dev/oled_ssd130x.h ****     {
 10505              		.loc 13 122 10 is_stmt 1 view .LVU2497
 10506              	.LBB2675:
 124:../../libDaisy//src/dev/oled_ssd130x.h ****         spi_.BlockingTransmit(&cmd, 1);
 10507              		.loc 13 124 9 view .LVU2498
 124:../../libDaisy//src/dev/oled_ssd130x.h ****         spi_.BlockingTransmit(&cmd, 1);
 10508              		.loc 13 124 23 is_stmt 0 view .LVU2499
 10509 0536 FFF7FEFF 		bl	dsy_gpio_write
 10510              	.LVL757:
 125:../../libDaisy//src/dev/oled_ssd130x.h ****     };
 10511              		.loc 13 125 9 is_stmt 1 view .LVU2500
 125:../../libDaisy//src/dev/oled_ssd130x.h ****     };
 10512              		.loc 13 125 30 is_stmt 0 view .LVU2501
 10513 053a 6423     		movs	r3, #100
 10514 053c 0122     		movs	r2, #1
 10515 053e 0DF13F01 		add	r1, sp, #63
 10516 0542 0B48     		ldr	r0, .L575+8
 10517 0544 FFF7FEFF 		bl	_ZN5daisy9SpiHandle16BlockingTransmitEPhjm
 10518              	.LVL758:
 125:../../libDaisy//src/dev/oled_ssd130x.h ****     };
 10519              		.loc 13 125 30 view .LVU2502
 10520              	.LBE2675:
 10521              	.LBE2673:
 10522              	.LBB2676:
 10523              	.LBI2676:
 128:../../libDaisy//src/dev/oled_ssd130x.h ****     {
 10524              		.loc 13 128 10 is_stmt 1 view .LVU2503
 10525              	.LBB2677:
 130:../../libDaisy//src/dev/oled_ssd130x.h ****         spi_.BlockingTransmit(buff, size);
 10526              		.loc 13 130 9 view .LVU2504
 130:../../libDaisy//src/dev/oled_ssd130x.h ****         spi_.BlockingTransmit(buff, size);
 10527              		.loc 13 130 23 is_stmt 0 view .LVU2505
 10528 0548 0121     		movs	r1, #1
 10529 054a 0848     		ldr	r0, .L575+4
 10530              	.LBE2677:
 10531              	.LBE2676:
 10532              		.loc 13 383 22 view .LVU2506
 10533 054c E4B2     		uxtb	r4, r4
 10534              	.LBB2680:
 10535              	.LBB2678:
 130:../../libDaisy//src/dev/oled_ssd130x.h ****         spi_.BlockingTransmit(buff, size);
 10536              		.loc 13 130 23 view .LVU2507
 10537 054e FFF7FEFF 		bl	dsy_gpio_write
 10538              	.LVL759:
 131:../../libDaisy//src/dev/oled_ssd130x.h ****     };
 10539              		.loc 13 131 9 is_stmt 1 view .LVU2508
 131:../../libDaisy//src/dev/oled_ssd130x.h ****     };
 10540              		.loc 13 131 30 is_stmt 0 view .LVU2509
 10541 0552 8022     		movs	r2, #128
 10542 0554 3146     		mov	r1, r6
 10543 0556 6423     		movs	r3, #100
ARM GAS  C:\Users\kgpol\AppData\Local\Temp\ccIP7kIm.s 			page 274


 10544 0558 0548     		ldr	r0, .L575+8
 10545              	.LBE2678:
 10546              	.LBE2680:
 10547              		.loc 13 383 22 view .LVU2510
 10548 055a 1644     		add	r6, r6, r2
 10549              	.LVL760:
 10550              	.LBB2681:
 10551              	.LBB2679:
 131:../../libDaisy//src/dev/oled_ssd130x.h ****     };
 10552              		.loc 13 131 30 view .LVU2511
 10553 055c FFF7FEFF 		bl	_ZN5daisy9SpiHandle16BlockingTransmitEPhjm
 10554              	.LVL761:
 131:../../libDaisy//src/dev/oled_ssd130x.h ****     };
 10555              		.loc 13 131 30 view .LVU2512
 10556              	.LBE2679:
 10557              	.LBE2681:
 10558              		.loc 13 383 9 is_stmt 1 view .LVU2513
 10559              		.loc 13 383 22 view .LVU2514
 10560 0560 B82C     		cmp	r4, #184
 10561 0562 C7D1     		bne	.L541
 10562 0564 8DE6     		b	.L528
 10563              	.L576:
 10564 0566 00BF     		.align	2
 10565              	.L575:
 10566 0568 14000000 		.word	.LANCHOR11+20
 10567 056c 10000000 		.word	.LANCHOR11+16
 10568 0570 08000000 		.word	.LANCHOR11+8
 10569 0574 00000000 		.word	.LANCHOR21
 10570 0578 00000000 		.word	.LC19
 10571 057c 00000000 		.word	Font_7x10
 10572              	.LBE2682:
 10573              	.LBE2683:
 10574              	.LBE2685:
 10575              	.LBE2610:
 10576              	.LBE2720:
 10577              	.LBE2723:
 10578              		.cfi_endproc
 10579              	.LFE4723:
 10581              		.section	.text.startup._GLOBAL__sub_I_clock_state,"ax",%progbits
 10582              		.align	1
 10583              		.p2align 2,,3
 10584              		.syntax unified
 10585              		.thumb
 10586              		.thumb_func
 10587              		.fpu fpv5-d16
 10589              	_GLOBAL__sub_I_clock_state:
 10590              	.LFB5343:
 367:delay-module.cpp **** 	}
 368:delay-module.cpp **** }
 10591              		.loc 16 368 1 view -0
 10592              		.cfi_startproc
 10593              		@ args = 0, pretend = 0, frame = 0
 10594              		@ frame_needed = 0, uses_anonymous_args = 0
 10595              	.LBB2798:
 10596              	.LBI2798:
 10597              		.loc 16 368 1 view .LVU2516
 10598              	.LVL762:
ARM GAS  C:\Users\kgpol\AppData\Local\Temp\ccIP7kIm.s 			page 275


 10599              	.LBB2799:
 10600              	.LBB2800:
 10601              	.LBI2800:
  21:../../libDaisy//src/daisy_seed.h ****     ~DaisySeed() {}
 10602              		.loc 6 21 5 view .LVU2517
 10603              	.LBB2801:
 10604              	.LBB2802:
 10605              	.LBI2802:
 10606              		.file 20 "../../libDaisy//src/per/qspi.h"
   1:../../libDaisy//src/per/qspi.h **** #ifndef DSY_QSPI
   2:../../libDaisy//src/per/qspi.h **** #define DSY_QSPI /**< Macro */
   3:../../libDaisy//src/per/qspi.h **** 
   4:../../libDaisy//src/per/qspi.h **** #ifndef UNIT_TEST // for unit tests, a dummy implementation
   5:../../libDaisy//src/per/qspi.h **** 
   6:../../libDaisy//src/per/qspi.h **** #include <cstdint>
   7:../../libDaisy//src/per/qspi.h **** #include "daisy_core.h" // Added for dsy_gpio_pin typedef
   8:../../libDaisy//src/per/qspi.h **** 
   9:../../libDaisy//src/per/qspi.h **** #define DSY_QSPI_TEXT       \
  10:../../libDaisy//src/per/qspi.h ****     __attribute__((section( \
  11:../../libDaisy//src/per/qspi.h ****         ".qspiflash_text"))) /**< used for reading memory in memory_mapped mode. */
  12:../../libDaisy//src/per/qspi.h **** #define DSY_QSPI_DATA       \
  13:../../libDaisy//src/per/qspi.h ****     __attribute__((section( \
  14:../../libDaisy//src/per/qspi.h ****         ".qspiflash_data"))) /**< used for reading memory in memory_mapped mode. */
  15:../../libDaisy//src/per/qspi.h **** #define DSY_QSPI_BSS        \
  16:../../libDaisy//src/per/qspi.h ****     __attribute__((section( \
  17:../../libDaisy//src/per/qspi.h ****         ".qspiflash_bss"))) /**< used for reading memory in memory_mapped mode. */
  18:../../libDaisy//src/per/qspi.h **** 
  19:../../libDaisy//src/per/qspi.h **** namespace daisy
  20:../../libDaisy//src/per/qspi.h **** {
  21:../../libDaisy//src/per/qspi.h **** /** @addtogroup serial
  22:../../libDaisy//src/per/qspi.h **** @{
  23:../../libDaisy//src/per/qspi.h **** */
  24:../../libDaisy//src/per/qspi.h **** 
  25:../../libDaisy//src/per/qspi.h **** /** 
  26:../../libDaisy//src/per/qspi.h ****  Driver for QSPI peripheral to interface with external flash memory. \n 
  27:../../libDaisy//src/per/qspi.h ****     Currently supported QSPI Devices: \n 
  28:../../libDaisy//src/per/qspi.h ****     * IS25LP080D
  29:../../libDaisy//src/per/qspi.h **** */
  30:../../libDaisy//src/per/qspi.h **** class QSPIHandle
  31:../../libDaisy//src/per/qspi.h **** {
  32:../../libDaisy//src/per/qspi.h ****   public:
  33:../../libDaisy//src/per/qspi.h ****     enum Result
  34:../../libDaisy//src/per/qspi.h ****     {
  35:../../libDaisy//src/per/qspi.h ****         OK = 0,
  36:../../libDaisy//src/per/qspi.h ****         ERR
  37:../../libDaisy//src/per/qspi.h ****     };
  38:../../libDaisy//src/per/qspi.h **** 
  39:../../libDaisy//src/per/qspi.h ****     /** Indicates the current status of the module. 
  40:../../libDaisy//src/per/qspi.h ****          *  Warnings are indicated by a leading W.
  41:../../libDaisy//src/per/qspi.h ****          *  Errors are indicated by a leading E and cause an immediate exit.
  42:../../libDaisy//src/per/qspi.h ****          * 
  43:../../libDaisy//src/per/qspi.h ****          *  \param GOOD - No errors have been reported.
  44:../../libDaisy//src/per/qspi.h ****          *  \param E_HAL_ERROR - HAL code did not return HAL_OK.
  45:../../libDaisy//src/per/qspi.h ****          *  \param E_SWITCHING_MODES - An error was encountered while switching QSPI peripheral mod
  46:../../libDaisy//src/per/qspi.h ****          *  \param E_INVALID_MODE - QSPI should not be written to while the program is executing fr
  47:../../libDaisy//src/per/qspi.h ****          */
  48:../../libDaisy//src/per/qspi.h ****     enum Status
ARM GAS  C:\Users\kgpol\AppData\Local\Temp\ccIP7kIm.s 			page 276


  49:../../libDaisy//src/per/qspi.h ****     {
  50:../../libDaisy//src/per/qspi.h ****         GOOD = 0,
  51:../../libDaisy//src/per/qspi.h ****         E_HAL_ERROR,
  52:../../libDaisy//src/per/qspi.h ****         E_SWITCHING_MODES,
  53:../../libDaisy//src/per/qspi.h ****         E_INVALID_MODE,
  54:../../libDaisy//src/per/qspi.h ****     };
  55:../../libDaisy//src/per/qspi.h **** 
  56:../../libDaisy//src/per/qspi.h ****     /** Configuration structure for interfacing with QSPI Driver */
  57:../../libDaisy//src/per/qspi.h ****     struct Config
  58:../../libDaisy//src/per/qspi.h ****     {
  59:../../libDaisy//src/per/qspi.h ****         /** Flash Devices supported. (Both of these are more-or-less the same, just different sizes
  60:../../libDaisy//src/per/qspi.h ****         enum Device
  61:../../libDaisy//src/per/qspi.h ****         {
  62:../../libDaisy//src/per/qspi.h ****             IS25LP080D,  /**< & */
  63:../../libDaisy//src/per/qspi.h ****             IS25LP064A,  /**< & */
  64:../../libDaisy//src/per/qspi.h ****             DEVICE_LAST, /**< & */
  65:../../libDaisy//src/per/qspi.h ****         };
  66:../../libDaisy//src/per/qspi.h **** 
  67:../../libDaisy//src/per/qspi.h ****         /** 
  68:../../libDaisy//src/per/qspi.h ****         Modes of operation.
  69:../../libDaisy//src/per/qspi.h ****         Memory Mapped mode: QSPI configured so that the QSPI can be
  70:../../libDaisy//src/per/qspi.h ****         read from starting address 0x90000000. Writing is not
  71:../../libDaisy//src/per/qspi.h ****         possible in this mode. \n 
  72:../../libDaisy//src/per/qspi.h ****         Indirect Polling mode: Device driver enabled. 
  73:../../libDaisy//src/per/qspi.h ****         */
  74:../../libDaisy//src/per/qspi.h ****         enum Mode
  75:../../libDaisy//src/per/qspi.h ****         {
  76:../../libDaisy//src/per/qspi.h ****             MEMORY_MAPPED,    /**< & */
  77:../../libDaisy//src/per/qspi.h ****             INDIRECT_POLLING, /**< & */
  78:../../libDaisy//src/per/qspi.h ****             MODE_LAST,
  79:../../libDaisy//src/per/qspi.h ****         };
  80:../../libDaisy//src/per/qspi.h **** 
  81:../../libDaisy//src/per/qspi.h ****         //SCK,  CE# (active low)
  82:../../libDaisy//src/per/qspi.h ****         struct
  83:../../libDaisy//src/per/qspi.h ****         {
  84:../../libDaisy//src/per/qspi.h ****             dsy_gpio_pin io0; /**< & */
  85:../../libDaisy//src/per/qspi.h ****             dsy_gpio_pin io1; /**< & */
  86:../../libDaisy//src/per/qspi.h ****             dsy_gpio_pin io2; /**< & */
  87:../../libDaisy//src/per/qspi.h ****             dsy_gpio_pin io3; /**< & */
  88:../../libDaisy//src/per/qspi.h ****             dsy_gpio_pin clk; /**< & */
  89:../../libDaisy//src/per/qspi.h ****             dsy_gpio_pin ncs; /**< & */
  90:../../libDaisy//src/per/qspi.h ****         } pin_config;
  91:../../libDaisy//src/per/qspi.h **** 
  92:../../libDaisy//src/per/qspi.h ****         Device device;
  93:../../libDaisy//src/per/qspi.h ****         Mode   mode;
  94:../../libDaisy//src/per/qspi.h ****     };
  95:../../libDaisy//src/per/qspi.h **** 
  96:../../libDaisy//src/per/qspi.h ****     /** 
  97:../../libDaisy//src/per/qspi.h ****         Initializes QSPI peripheral, and Resets, and prepares memory for access.
  98:../../libDaisy//src/per/qspi.h ****         \param config should be populated with the mode, device and pin_config before calling this 
  99:../../libDaisy//src/per/qspi.h ****         \return Result::OK or Result::ERR
 100:../../libDaisy//src/per/qspi.h ****         */
 101:../../libDaisy//src/per/qspi.h ****     Result Init(const Config& config);
 102:../../libDaisy//src/per/qspi.h **** 
 103:../../libDaisy//src/per/qspi.h ****     /** Returns the current config. */
 104:../../libDaisy//src/per/qspi.h ****     const Config& GetConfig() const;
 105:../../libDaisy//src/per/qspi.h **** 
ARM GAS  C:\Users\kgpol\AppData\Local\Temp\ccIP7kIm.s 			page 277


 106:../../libDaisy//src/per/qspi.h ****     // Couldn't this just be called before anything else in init? That
 107:../../libDaisy//src/per/qspi.h ****     // would make manually calling it unnecessary.
 108:../../libDaisy//src/per/qspi.h ****     /** 
 109:../../libDaisy//src/per/qspi.h ****         Deinitializes the peripheral
 110:../../libDaisy//src/per/qspi.h ****         This should be called before reinitializing QSPI in a different mode.
 111:../../libDaisy//src/per/qspi.h ****         \return Result::OK or Result::ERR
 112:../../libDaisy//src/per/qspi.h ****         */
 113:../../libDaisy//src/per/qspi.h ****     Result DeInit();
 114:../../libDaisy//src/per/qspi.h **** 
 115:../../libDaisy//src/per/qspi.h ****     /** 
 116:../../libDaisy//src/per/qspi.h ****         Writes a single page to to the specified address on the QSPI chip.
 117:../../libDaisy//src/per/qspi.h ****         For IS25LP*, page size is 256 bytes.
 118:../../libDaisy//src/per/qspi.h ****         \param address Address to write to
 119:../../libDaisy//src/per/qspi.h ****         \param size Buffer size
 120:../../libDaisy//src/per/qspi.h ****         \param buffer Buffer to write
 121:../../libDaisy//src/per/qspi.h ****         \return Result::OK or Result::ERR
 122:../../libDaisy//src/per/qspi.h ****         */
 123:../../libDaisy//src/per/qspi.h ****     Result WritePage(uint32_t address, uint32_t size, uint8_t* buffer);
 124:../../libDaisy//src/per/qspi.h **** 
 125:../../libDaisy//src/per/qspi.h ****     /** 
 126:../../libDaisy//src/per/qspi.h ****         Writes data in buffer to to the QSPI. Starting at address to address+size 
 127:../../libDaisy//src/per/qspi.h ****         \param address Address to write to
 128:../../libDaisy//src/per/qspi.h ****         \param size Buffer size
 129:../../libDaisy//src/per/qspi.h ****         \param buffer Buffer to write
 130:../../libDaisy//src/per/qspi.h ****         \return Result::OK or Result::ERR
 131:../../libDaisy//src/per/qspi.h ****         */
 132:../../libDaisy//src/per/qspi.h ****     Result Write(uint32_t address, uint32_t size, uint8_t* buffer);
 133:../../libDaisy//src/per/qspi.h **** 
 134:../../libDaisy//src/per/qspi.h ****     /** 
 135:../../libDaisy//src/per/qspi.h ****         Erases the area specified on the chip.
 136:../../libDaisy//src/per/qspi.h ****         Erasures will happen by 4K, 32K or 64K increments.
 137:../../libDaisy//src/per/qspi.h ****         Smallest erase possible is 4kB at a time. (on IS25LP*)
 138:../../libDaisy//src/per/qspi.h ****         \param start_addr Address to begin erasing from
 139:../../libDaisy//src/per/qspi.h ****         \param end_addr  Address to stop erasing at
 140:../../libDaisy//src/per/qspi.h ****         \return Result::OK or Result::ERR
 141:../../libDaisy//src/per/qspi.h ****         */
 142:../../libDaisy//src/per/qspi.h ****     Result Erase(uint32_t start_addr, uint32_t end_addr);
 143:../../libDaisy//src/per/qspi.h **** 
 144:../../libDaisy//src/per/qspi.h ****     /**  
 145:../../libDaisy//src/per/qspi.h ****          Erases a single sector of the chip.  
 146:../../libDaisy//src/per/qspi.h ****         TODO: Document the size of this function. 
 147:../../libDaisy//src/per/qspi.h ****         \param address Address of sector to erase
 148:../../libDaisy//src/per/qspi.h ****         \return Result::OK or Result::ERR
 149:../../libDaisy//src/per/qspi.h ****         */
 150:../../libDaisy//src/per/qspi.h ****     Result EraseSector(uint32_t address);
 151:../../libDaisy//src/per/qspi.h **** 
 152:../../libDaisy//src/per/qspi.h ****     /** Returns the current class status. Useful for debugging.
 153:../../libDaisy//src/per/qspi.h ****      *  \returns Status
 154:../../libDaisy//src/per/qspi.h ****      */
 155:../../libDaisy//src/per/qspi.h ****     Status GetStatus();
 156:../../libDaisy//src/per/qspi.h **** 
 157:../../libDaisy//src/per/qspi.h ****     /** Returns a pointer to the actual memory used 
 158:../../libDaisy//src/per/qspi.h ****      *  The memory at this address is read-only
 159:../../libDaisy//src/per/qspi.h ****      *  to write to it use the Write function.
 160:../../libDaisy//src/per/qspi.h ****      * 
 161:../../libDaisy//src/per/qspi.h ****      *  \param offset returns the pointer starting this 
 162:../../libDaisy//src/per/qspi.h ****      *                many bytes into the memory
ARM GAS  C:\Users\kgpol\AppData\Local\Temp\ccIP7kIm.s 			page 278


 163:../../libDaisy//src/per/qspi.h ****     */
 164:../../libDaisy//src/per/qspi.h ****     void* GetData(uint32_t offset = 0);
 165:../../libDaisy//src/per/qspi.h **** 
 166:../../libDaisy//src/per/qspi.h ****     QSPIHandle() : pimpl_(nullptr) {}
 10607              		.loc 20 166 5 view .LVU2518
 10608              	.LBE2802:
 10609              	.LBE2801:
 10610              	.LBE2800:
 10611              	.LBE2799:
 10612              	.LBE2798:
 10613              		.loc 16 368 1 is_stmt 0 view .LVU2519
 10614 0000 70B5     		push	{r4, r5, r6, lr}
 10615              		.cfi_def_cfa_offset 16
 10616              		.cfi_offset 4, -16
 10617              		.cfi_offset 5, -12
 10618              		.cfi_offset 6, -8
 10619              		.cfi_offset 14, -4
 10620              	.LBB2887:
 10621              	.LBB2885:
 10622              	.LBB2823:
 10623              	.LBB2821:
 10624              	.LBB2807:
 10625              	.LBB2803:
 10626              	.LBB2804:
 10627              		.loc 20 166 34 view .LVU2520
 10628 0002 2D48     		ldr	r0, .L579
 10629 0004 0025     		movs	r5, #0
 10630              	.LBE2804:
 10631              	.LBE2803:
 10632              	.LBE2807:
 10633              	.LBE2821:
 10634              	.LBE2823:
  52:delay-module.cpp **** static AnalogControl cv_0, cv_1, cv_2, cv_3;
 10635              		.loc 16 52 18 view .LVU2521
 10636 0006 2D4C     		ldr	r4, .L579+4
 10637              	.LBB2824:
 10638              	.LBB2825:
  18:../../libDaisy//src/hid/gatein.h **** 
 10639              		.loc 4 18 14 view .LVU2522
 10640 0008 4FF60B76 		movw	r6, #65291
 10641              	.LBE2825:
 10642              	.LBE2824:
  52:delay-module.cpp **** static AnalogControl cv_0, cv_1, cv_2, cv_3;
 10643              		.loc 16 52 18 view .LVU2523
 10644 000c 2C49     		ldr	r1, .L579+8
 10645 000e 2246     		mov	r2, r4
 10646              	.LBB2839:
 10647              	.LBB2822:
 10648              	.LBB2808:
 10649              	.LBB2806:
 10650              	.LBB2805:
 10651              		.loc 20 166 34 view .LVU2524
 10652 0010 0560     		str	r5, [r0]
 10653              	.LVL763:
 10654              		.loc 20 166 34 view .LVU2525
 10655              	.LBE2805:
 10656              	.LBE2806:
ARM GAS  C:\Users\kgpol\AppData\Local\Temp\ccIP7kIm.s 			page 279


 10657              	.LBE2808:
 10658              	.LBB2809:
 10659              	.LBI2809:
  95:../../libDaisy//src/hid/audio.h ****     ~AudioHandle() {}
 10660              		.loc 10 95 5 is_stmt 1 view .LVU2526
 10661              	.LBB2810:
 10662              	.LBB2811:
  95:../../libDaisy//src/hid/audio.h ****     ~AudioHandle() {}
 10663              		.loc 10 95 35 is_stmt 0 view .LVU2527
 10664 0012 4561     		str	r5, [r0, #20]
 10665              	.LVL764:
  95:../../libDaisy//src/hid/audio.h ****     ~AudioHandle() {}
 10666              		.loc 10 95 35 view .LVU2528
 10667              	.LBE2811:
 10668              	.LBE2810:
 10669              	.LBE2809:
 10670              	.LBB2812:
 10671              	.LBI2812:
 109:../../libDaisy//src/per/adc.h ****     ~AdcHandle() {}
 10672              		.loc 9 109 5 is_stmt 1 view .LVU2529
 109:../../libDaisy//src/per/adc.h ****     ~AdcHandle() {}
 10673              		.loc 9 109 5 is_stmt 0 view .LVU2530
 10674              	.LBE2812:
 10675              	.LBB2813:
 10676              	.LBI2813:
 10677              		.file 21 "../../libDaisy//src/per/dac.h"
   1:../../libDaisy//src/per/dac.h **** #pragma once
   2:../../libDaisy//src/per/dac.h **** #ifndef DSY_DAC_H
   3:../../libDaisy//src/per/dac.h **** #define DSY_DAC_H
   4:../../libDaisy//src/per/dac.h **** 
   5:../../libDaisy//src/per/dac.h **** #include "daisy_core.h"
   6:../../libDaisy//src/per/dac.h **** 
   7:../../libDaisy//src/per/dac.h **** namespace daisy
   8:../../libDaisy//src/per/dac.h **** {
   9:../../libDaisy//src/per/dac.h **** /** @brief DAC handle for Built-in DAC Peripheral 
  10:../../libDaisy//src/per/dac.h ****  *  @ingroup per_analog
  11:../../libDaisy//src/per/dac.h ****  ** 
  12:../../libDaisy//src/per/dac.h ****  ** For now only Normal Mode is supported,
  13:../../libDaisy//src/per/dac.h ****  ** Sample and hold mode provides reduced power consumption, but requires a bit more setup.
  14:../../libDaisy//src/per/dac.h ****  **
  15:../../libDaisy//src/per/dac.h ****  ** For now connecting the DAC through other internal peripherals is also not supported.
  16:../../libDaisy//src/per/dac.h ****  **
  17:../../libDaisy//src/per/dac.h ****  ** Since the DAC channels have dedicated pins we don't need to pass in a pin config like with
  18:../../libDaisy//src/per/dac.h ****  ** other modules. However, it is still important to not try to use the DAC pins for anything else.
  19:../../libDaisy//src/per/dac.h ****  ** DAC Channel 1 is on PA4, and DAC Channel 2 is on PA5
  20:../../libDaisy//src/per/dac.h ****  ***/
  21:../../libDaisy//src/per/dac.h **** class DacHandle
  22:../../libDaisy//src/per/dac.h **** {
  23:../../libDaisy//src/per/dac.h ****   public:
  24:../../libDaisy//src/per/dac.h ****     /** Return Values for the DacHandle class */
  25:../../libDaisy//src/per/dac.h ****     enum class Result
  26:../../libDaisy//src/per/dac.h ****     {
  27:../../libDaisy//src/per/dac.h ****         OK,
  28:../../libDaisy//src/per/dac.h ****         ERR,
  29:../../libDaisy//src/per/dac.h ****     };
  30:../../libDaisy//src/per/dac.h **** 
  31:../../libDaisy//src/per/dac.h ****     /** Selects which channel(s) will be configured for use. */
ARM GAS  C:\Users\kgpol\AppData\Local\Temp\ccIP7kIm.s 			page 280


  32:../../libDaisy//src/per/dac.h ****     enum class Channel
  33:../../libDaisy//src/per/dac.h ****     {
  34:../../libDaisy//src/per/dac.h ****         ONE,
  35:../../libDaisy//src/per/dac.h ****         TWO,
  36:../../libDaisy//src/per/dac.h ****         BOTH,
  37:../../libDaisy//src/per/dac.h ****     };
  38:../../libDaisy//src/per/dac.h **** 
  39:../../libDaisy//src/per/dac.h ****     /** Sets the Mode for the DAC channels.
  40:../../libDaisy//src/per/dac.h ****      **
  41:../../libDaisy//src/per/dac.h ****      ** Polling mode uses the blocking mode to transmit a single value at a time.
  42:../../libDaisy//src/per/dac.h ****      **
  43:../../libDaisy//src/per/dac.h ****      ** DMA mode uses a buffer, and periodically transmits it triggering a 
  44:../../libDaisy//src/per/dac.h ****      ** callback to fill the buffer when it is ready for more samples.
  45:../../libDaisy//src/per/dac.h ****      ***/
  46:../../libDaisy//src/per/dac.h ****     enum class Mode
  47:../../libDaisy//src/per/dac.h ****     {
  48:../../libDaisy//src/per/dac.h ****         POLLING,
  49:../../libDaisy//src/per/dac.h ****         DMA,
  50:../../libDaisy//src/per/dac.h ****     };
  51:../../libDaisy//src/per/dac.h **** 
  52:../../libDaisy//src/per/dac.h ****     /** Sets the number of bits per sample transmitted out of the DAC.
  53:../../libDaisy//src/per/dac.h ****      ** The output range will be: 0V - VDDA
  54:../../libDaisy//src/per/dac.h ****      ** The resolution will be roughly: bitdepth / (VDDA - 0V) 
  55:../../libDaisy//src/per/dac.h ****      ***/
  56:../../libDaisy//src/per/dac.h ****     enum class BitDepth
  57:../../libDaisy//src/per/dac.h ****     {
  58:../../libDaisy//src/per/dac.h ****         BITS_8,
  59:../../libDaisy//src/per/dac.h ****         BITS_12
  60:../../libDaisy//src/per/dac.h ****     };
  61:../../libDaisy//src/per/dac.h **** 
  62:../../libDaisy//src/per/dac.h ****     /** Sets whether the DAC output is buffered for higher drive ability. */
  63:../../libDaisy//src/per/dac.h ****     enum class BufferState
  64:../../libDaisy//src/per/dac.h ****     {
  65:../../libDaisy//src/per/dac.h ****         ENABLED,
  66:../../libDaisy//src/per/dac.h ****         DISABLED,
  67:../../libDaisy//src/per/dac.h ****     };
  68:../../libDaisy//src/per/dac.h **** 
  69:../../libDaisy//src/per/dac.h ****     /** Configuration structure for initializing the DAC structure. */
  70:../../libDaisy//src/per/dac.h ****     struct Config
  71:../../libDaisy//src/per/dac.h ****     {
  72:../../libDaisy//src/per/dac.h ****         /** Target Samplerate in Hz used to configure the internal 
  73:../../libDaisy//src/per/dac.h ****          ** timebase for DMA mode. Does nothing in POLLING mode.
  74:../../libDaisy//src/per/dac.h ****          ** If the value is 0 at Init time this will default to 48000Hz 
  75:../../libDaisy//src/per/dac.h ****          ** otherwise the driver will attempt meet the target.*/
  76:../../libDaisy//src/per/dac.h ****         uint32_t target_samplerate;
  77:../../libDaisy//src/per/dac.h **** 
  78:../../libDaisy//src/per/dac.h ****         Channel     chn;
  79:../../libDaisy//src/per/dac.h ****         Mode        mode;
  80:../../libDaisy//src/per/dac.h ****         BitDepth    bitdepth;
  81:../../libDaisy//src/per/dac.h ****         BufferState buff_state;
  82:../../libDaisy//src/per/dac.h ****     };
  83:../../libDaisy//src/per/dac.h **** 
  84:../../libDaisy//src/per/dac.h ****     DacHandle() : pimpl_(nullptr) {}
 10678              		.loc 21 84 5 is_stmt 1 view .LVU2531
 10679              	.LBB2814:
 10680              	.LBB2815:
 10681              		.loc 21 84 33 is_stmt 0 view .LVU2532
ARM GAS  C:\Users\kgpol\AppData\Local\Temp\ccIP7kIm.s 			page 281


 10682 0014 0562     		str	r5, [r0, #32]
 10683              	.LVL765:
 10684              		.loc 21 84 33 view .LVU2533
 10685              	.LBE2815:
 10686              	.LBE2814:
 10687              	.LBE2813:
 10688              	.LBB2816:
 10689              	.LBI2816:
  40:../../libDaisy//src/hid/usb.h **** 
 10690              		.loc 8 40 5 is_stmt 1 view .LVU2534
  40:../../libDaisy//src/hid/usb.h **** 
 10691              		.loc 8 40 5 is_stmt 0 view .LVU2535
 10692              	.LBE2816:
 10693              	.LBB2817:
 10694              	.LBI2817:
  96:../../libDaisy//src/sys/system.h ****     ~System() {}
 10695              		.loc 7 96 5 is_stmt 1 view .LVU2536
  96:../../libDaisy//src/sys/system.h ****     ~System() {}
 10696              		.loc 7 96 5 is_stmt 0 view .LVU2537
 10697              	.LBE2817:
 10698              	.LBB2818:
 10699              	.LBI2818:
 10700              		.file 22 "../../libDaisy//src/per/sai.h"
   1:../../libDaisy//src/per/sai.h **** #pragma once
   2:../../libDaisy//src/per/sai.h **** #ifndef DSY_SAI_H
   3:../../libDaisy//src/per/sai.h **** #define DSY_SAI_H
   4:../../libDaisy//src/per/sai.h **** 
   5:../../libDaisy//src/per/sai.h **** #include "daisy_core.h"
   6:../../libDaisy//src/per/sai.h **** 
   7:../../libDaisy//src/per/sai.h **** namespace daisy
   8:../../libDaisy//src/per/sai.h **** {
   9:../../libDaisy//src/per/sai.h **** /** 
  10:../../libDaisy//src/per/sai.h ****  * Support for I2S Audio Protocol with different bit-depth, samplerate options
  11:../../libDaisy//src/per/sai.h ****  * Allows for master or slave, as well as freedom of selecting direction, 
  12:../../libDaisy//src/per/sai.h ****  * and other behavior for each peripheral, and block.
  13:../../libDaisy//src/per/sai.h ****  * 
  14:../../libDaisy//src/per/sai.h ****  * DMA Transfer commands must use buffers located within non-cached memory or use cache maintenance
  15:../../libDaisy//src/per/sai.h ****  * To declare an unitialized global element in the DMA memory section:
  16:../../libDaisy//src/per/sai.h ****  *    int32_t DSY_DMA_BUFFER_SECTOR my_buffer[96];
  17:../../libDaisy//src/per/sai.h ****  *
  18:../../libDaisy//src/per/sai.h ****  * Callback functions will be called once per half of the buffer. In the above example, 
  19:../../libDaisy//src/per/sai.h ****  * the callback function would be called once for every 48 samples.
  20:../../libDaisy//src/per/sai.h ****  * 
  21:../../libDaisy//src/per/sai.h ****  * Use SAI Handle like this:
  22:../../libDaisy//src/per/sai.h ****  * 
  23:../../libDaisy//src/per/sai.h ****  *  SaiHandle::Config sai_config;
  24:../../libDaisy//src/per/sai.h ****  *  sai_config.periph          = SaiHandle::Config::Peripheral::SAI_1;
  25:../../libDaisy//src/per/sai.h ****  *  sai_config.sr              = SaiHandle::Config::SampleRate::SAI_48KHZ;
  26:../../libDaisy//src/per/sai.h ****  *  sai_config.bit_depth       = SaiHandle::Config::BitDepth::SAI_24BIT;
  27:../../libDaisy//src/per/sai.h ****  *  sai_config.a_sync          = SaiHandle::Config::Sync::MASTER;
  28:../../libDaisy//src/per/sai.h ****  *  sai_config.b_sync          = SaiHandle::Config::Sync::SLAVE;
  29:../../libDaisy//src/per/sai.h ****  *  sai_config.a_dir           = SaiHandle::Config::Direction::RECEIVE;
  30:../../libDaisy//src/per/sai.h ****  *  sai_config.b_dir           = SaiHandle::Config::Direction::TRANSMIT;
  31:../../libDaisy//src/per/sai.h ****  *  sai_config.pin_config.fs   = {DSY_GPIOE, 4};
  32:../../libDaisy//src/per/sai.h ****  *  sai_config.pin_config.mclk = {DSY_GPIOE, 2};
  33:../../libDaisy//src/per/sai.h ****  *  sai_config.pin_config.sck  = {DSY_GPIOE, 5};
  34:../../libDaisy//src/per/sai.h ****  *  sai_config.pin_config.sa   = {DSY_GPIOE, 6};
ARM GAS  C:\Users\kgpol\AppData\Local\Temp\ccIP7kIm.s 			page 282


  35:../../libDaisy//src/per/sai.h ****  *  sai_config.pin_config.sb   = {DSY_GPIOE, 3};
  36:../../libDaisy//src/per/sai.h ****  *  // Then Initialize
  37:../../libDaisy//src/per/sai.h ****  *  SaiHandle sai;
  38:../../libDaisy//src/per/sai.h ****  *  sai.Init(sai_config);
  39:../../libDaisy//src/per/sai.h ****  *  // Now you can use it:
  40:../../libDaisy//src/per/sai.h ****  *  sai.StartDma(. . .);
  41:../../libDaisy//src/per/sai.h ****  */
  42:../../libDaisy//src/per/sai.h **** class SaiHandle
  43:../../libDaisy//src/per/sai.h **** {
  44:../../libDaisy//src/per/sai.h ****   public:
  45:../../libDaisy//src/per/sai.h ****     /** Contains settings for initialising an SAI Interface */
  46:../../libDaisy//src/per/sai.h ****     struct Config
  47:../../libDaisy//src/per/sai.h ****     {
  48:../../libDaisy//src/per/sai.h ****         /** Specifies the internal peripheral to use (mapped to different hardware pins) */
  49:../../libDaisy//src/per/sai.h ****         enum class Peripheral
  50:../../libDaisy//src/per/sai.h ****         {
  51:../../libDaisy//src/per/sai.h ****             SAI_1,
  52:../../libDaisy//src/per/sai.h ****             SAI_2,
  53:../../libDaisy//src/per/sai.h ****         };
  54:../../libDaisy//src/per/sai.h **** 
  55:../../libDaisy//src/per/sai.h ****         /** Rate at which samples will be streaming to/from the device. */
  56:../../libDaisy//src/per/sai.h ****         enum class SampleRate
  57:../../libDaisy//src/per/sai.h ****         {
  58:../../libDaisy//src/per/sai.h ****             SAI_8KHZ,
  59:../../libDaisy//src/per/sai.h ****             SAI_16KHZ,
  60:../../libDaisy//src/per/sai.h ****             SAI_32KHZ,
  61:../../libDaisy//src/per/sai.h ****             SAI_48KHZ,
  62:../../libDaisy//src/per/sai.h ****             SAI_96KHZ,
  63:../../libDaisy//src/per/sai.h ****         };
  64:../../libDaisy//src/per/sai.h **** 
  65:../../libDaisy//src/per/sai.h ****         /** Bit Depth that the hardware expects to be transferred to/from the device. */
  66:../../libDaisy//src/per/sai.h ****         enum class BitDepth
  67:../../libDaisy//src/per/sai.h ****         {
  68:../../libDaisy//src/per/sai.h ****             SAI_16BIT,
  69:../../libDaisy//src/per/sai.h ****             SAI_24BIT,
  70:../../libDaisy//src/per/sai.h ****             SAI_32BIT,
  71:../../libDaisy//src/per/sai.h ****         };
  72:../../libDaisy//src/per/sai.h **** 
  73:../../libDaisy//src/per/sai.h ****         /** Specifies whether a particular block is the master or the slave 
  74:../../libDaisy//src/per/sai.h ****          ** If both are set to slave, no MCLK signal will be used, and it is
  75:../../libDaisy//src/per/sai.h ****          ** expected that the codec will have its own xtal.
  76:../../libDaisy//src/per/sai.h ****          */
  77:../../libDaisy//src/per/sai.h ****         enum class Sync
  78:../../libDaisy//src/per/sai.h ****         {
  79:../../libDaisy//src/per/sai.h ****             MASTER,
  80:../../libDaisy//src/per/sai.h ****             SLAVE,
  81:../../libDaisy//src/per/sai.h ****         };
  82:../../libDaisy//src/per/sai.h **** 
  83:../../libDaisy//src/per/sai.h ****         /** Specifies the direction for each peripheral block. */
  84:../../libDaisy//src/per/sai.h ****         enum class Direction
  85:../../libDaisy//src/per/sai.h ****         {
  86:../../libDaisy//src/per/sai.h ****             TRANSMIT,
  87:../../libDaisy//src/per/sai.h ****             RECEIVE,
  88:../../libDaisy//src/per/sai.h ****         };
  89:../../libDaisy//src/per/sai.h **** 
  90:../../libDaisy//src/per/sai.h ****         Peripheral periph;
  91:../../libDaisy//src/per/sai.h ****         struct
ARM GAS  C:\Users\kgpol\AppData\Local\Temp\ccIP7kIm.s 			page 283


  92:../../libDaisy//src/per/sai.h ****         {
  93:../../libDaisy//src/per/sai.h ****             dsy_gpio_pin mclk, fs, sck, sa, sb;
  94:../../libDaisy//src/per/sai.h ****         } pin_config;
  95:../../libDaisy//src/per/sai.h ****         SampleRate sr;
  96:../../libDaisy//src/per/sai.h ****         BitDepth   bit_depth;
  97:../../libDaisy//src/per/sai.h ****         Sync       a_sync, b_sync;
  98:../../libDaisy//src/per/sai.h ****         Direction  a_dir, b_dir;
  99:../../libDaisy//src/per/sai.h ****     };
 100:../../libDaisy//src/per/sai.h **** 
 101:../../libDaisy//src/per/sai.h ****     /** Return values for SAI functions */
 102:../../libDaisy//src/per/sai.h ****     enum class Result
 103:../../libDaisy//src/per/sai.h ****     {
 104:../../libDaisy//src/per/sai.h ****         OK,
 105:../../libDaisy//src/per/sai.h ****         ERR,
 106:../../libDaisy//src/per/sai.h ****     };
 107:../../libDaisy//src/per/sai.h **** 
 108:../../libDaisy//src/per/sai.h ****     SaiHandle() : pimpl_(nullptr) {}
 10701              		.loc 22 108 5 is_stmt 1 view .LVU2538
 10702              	.LBB2819:
 10703              	.LBB2820:
 10704              		.loc 22 108 33 is_stmt 0 view .LVU2539
 10705 0016 C563     		str	r5, [r0, #60]
 10706              	.LVL766:
 10707              		.loc 22 108 33 view .LVU2540
 10708              	.LBE2820:
 10709              	.LBE2819:
 10710              	.LBE2818:
 10711              	.LBE2822:
 10712              	.LBE2839:
  52:delay-module.cpp **** static AnalogControl cv_0, cv_1, cv_2, cv_3;
 10713              		.loc 16 52 18 view .LVU2541
 10714 0018 FFF7FEFF 		bl	__aeabi_atexit
 10715              	.LVL767:
 10716              	.LBB2840:
 10717              	.LBI2840:
  21:../../libDaisy//src/hid/ctrl.h ****     /** destructor */
 10718              		.loc 3 21 5 is_stmt 1 view .LVU2542
  21:../../libDaisy//src/hid/ctrl.h ****     /** destructor */
 10719              		.loc 3 21 5 is_stmt 0 view .LVU2543
 10720              	.LBE2840:
  53:delay-module.cpp **** static GateIn clock, hold;
 10721              		.loc 16 53 22 view .LVU2544
 10722 001c 2246     		mov	r2, r4
 10723 001e 2949     		ldr	r1, .L579+12
 10724 0020 2948     		ldr	r0, .L579+16
 10725 0022 FFF7FEFF 		bl	__aeabi_atexit
 10726              	.LVL768:
 10727              	.LBB2841:
 10728              	.LBI2841:
  21:../../libDaisy//src/hid/ctrl.h ****     /** destructor */
 10729              		.loc 3 21 5 is_stmt 1 view .LVU2545
  21:../../libDaisy//src/hid/ctrl.h ****     /** destructor */
 10730              		.loc 3 21 5 is_stmt 0 view .LVU2546
 10731              	.LBE2841:
  53:delay-module.cpp **** static GateIn clock, hold;
 10732              		.loc 16 53 28 view .LVU2547
 10733 0026 2246     		mov	r2, r4
ARM GAS  C:\Users\kgpol\AppData\Local\Temp\ccIP7kIm.s 			page 284


 10734 0028 2649     		ldr	r1, .L579+12
 10735 002a 2848     		ldr	r0, .L579+20
 10736 002c FFF7FEFF 		bl	__aeabi_atexit
 10737              	.LVL769:
 10738              	.LBB2842:
 10739              	.LBI2842:
  21:../../libDaisy//src/hid/ctrl.h ****     /** destructor */
 10740              		.loc 3 21 5 is_stmt 1 view .LVU2548
  21:../../libDaisy//src/hid/ctrl.h ****     /** destructor */
 10741              		.loc 3 21 5 is_stmt 0 view .LVU2549
 10742              	.LBE2842:
  53:delay-module.cpp **** static GateIn clock, hold;
 10743              		.loc 16 53 34 view .LVU2550
 10744 0030 2246     		mov	r2, r4
 10745 0032 2449     		ldr	r1, .L579+12
 10746 0034 2648     		ldr	r0, .L579+24
 10747 0036 FFF7FEFF 		bl	__aeabi_atexit
 10748              	.LVL770:
 10749              	.LBB2843:
 10750              	.LBI2843:
  21:../../libDaisy//src/hid/ctrl.h ****     /** destructor */
 10751              		.loc 3 21 5 is_stmt 1 view .LVU2551
  21:../../libDaisy//src/hid/ctrl.h ****     /** destructor */
 10752              		.loc 3 21 5 is_stmt 0 view .LVU2552
 10753              	.LBE2843:
  53:delay-module.cpp **** static GateIn clock, hold;
 10754              		.loc 16 53 40 view .LVU2553
 10755 003a 2246     		mov	r2, r4
 10756 003c 2149     		ldr	r1, .L579+12
 10757 003e 2548     		ldr	r0, .L579+28
 10758 0040 FFF7FEFF 		bl	__aeabi_atexit
 10759              	.LVL771:
 10760              	.LBB2844:
 10761              	.LBI2824:
  18:../../libDaisy//src/hid/gatein.h **** 
 10762              		.loc 4 18 5 is_stmt 1 view .LVU2554
 10763              	.LBB2837:
 10764              	.LBB2826:
 10765              	.LBI2826:
 10766              		.file 23 "../../libDaisy//src/per/gpio.h"
   1:../../libDaisy//src/per/gpio.h **** #pragma once
   2:../../libDaisy//src/per/gpio.h **** #ifndef DSY_GPIO_H
   3:../../libDaisy//src/per/gpio.h **** #define DSY_GPIO_H
   4:../../libDaisy//src/per/gpio.h **** #include "daisy_core.h"
   5:../../libDaisy//src/per/gpio.h **** 
   6:../../libDaisy//src/per/gpio.h **** #ifdef __cplusplus
   7:../../libDaisy//src/per/gpio.h **** 
   8:../../libDaisy//src/per/gpio.h **** namespace daisy
   9:../../libDaisy//src/per/gpio.h **** {
  10:../../libDaisy//src/per/gpio.h **** /** @brief General Purpose I/O control 
  11:../../libDaisy//src/per/gpio.h ****  *  @details peripheral control over a single GPIO
  12:../../libDaisy//src/per/gpio.h ****  *  @ingroup peripheral
  13:../../libDaisy//src/per/gpio.h ****  *   
  14:../../libDaisy//src/per/gpio.h ****  *  Button Input (with internal Pullup resistor)
  15:../../libDaisy//src/per/gpio.h ****  *  @include GPIO_Input.cpp 
  16:../../libDaisy//src/per/gpio.h ****  * 
  17:../../libDaisy//src/per/gpio.h ****  *  Output Example (perfect for blinking an LED)
ARM GAS  C:\Users\kgpol\AppData\Local\Temp\ccIP7kIm.s 			page 285


  18:../../libDaisy//src/per/gpio.h ****  *  @include GPIO_Output.cpp
  19:../../libDaisy//src/per/gpio.h ****  * 
  20:../../libDaisy//src/per/gpio.h **** */
  21:../../libDaisy//src/per/gpio.h **** class GPIO
  22:../../libDaisy//src/per/gpio.h **** {
  23:../../libDaisy//src/per/gpio.h ****   public:
  24:../../libDaisy//src/per/gpio.h ****     /** @brief Mode of operation for the specified GPIO */
  25:../../libDaisy//src/per/gpio.h ****     enum class Mode
  26:../../libDaisy//src/per/gpio.h ****     {
  27:../../libDaisy//src/per/gpio.h ****         INPUT,     /**< Input for reading state of pin */
  28:../../libDaisy//src/per/gpio.h ****         OUTPUT,    /**< Output w/ push-pull configuration */
  29:../../libDaisy//src/per/gpio.h ****         OUTPUT_OD, /**< Output w/ open-drain configuration */
  30:../../libDaisy//src/per/gpio.h ****         ANALOG,    /**< Analog for connection to ADC or DAC peripheral */
  31:../../libDaisy//src/per/gpio.h ****     };
  32:../../libDaisy//src/per/gpio.h **** 
  33:../../libDaisy//src/per/gpio.h ****     /** @brief Configures whether an internal Pull up or Pull down resistor is used. 
  34:../../libDaisy//src/per/gpio.h ****      *  
  35:../../libDaisy//src/per/gpio.h ****      * Internal Pull up/down resistors are typically 40k ohms, and will be between
  36:../../libDaisy//src/per/gpio.h ****      * 30k and 50k
  37:../../libDaisy//src/per/gpio.h ****      * 
  38:../../libDaisy//src/per/gpio.h ****      * When the Pin is configured in Analog mode, the pull up/down resistors are
  39:../../libDaisy//src/per/gpio.h ****      * disabled by hardware. 
  40:../../libDaisy//src/per/gpio.h ****      */
  41:../../libDaisy//src/per/gpio.h ****     enum class Pull
  42:../../libDaisy//src/per/gpio.h ****     {
  43:../../libDaisy//src/per/gpio.h ****         NOPULL,   /**< No pull up resistor */
  44:../../libDaisy//src/per/gpio.h ****         PULLUP,   /**< Internal pull up enabled */
  45:../../libDaisy//src/per/gpio.h ****         PULLDOWN, /**< Internal pull down enabled*/
  46:../../libDaisy//src/per/gpio.h ****     };
  47:../../libDaisy//src/per/gpio.h **** 
  48:../../libDaisy//src/per/gpio.h ****     /** @brief Output speed controls the drive strength, and slew rate of the pin */
  49:../../libDaisy//src/per/gpio.h ****     enum class Speed
  50:../../libDaisy//src/per/gpio.h ****     {
  51:../../libDaisy//src/per/gpio.h ****         LOW,
  52:../../libDaisy//src/per/gpio.h ****         MEDIUM,
  53:../../libDaisy//src/per/gpio.h ****         HIGH,
  54:../../libDaisy//src/per/gpio.h ****         VERY_HIGH,
  55:../../libDaisy//src/per/gpio.h ****     };
  56:../../libDaisy//src/per/gpio.h **** 
  57:../../libDaisy//src/per/gpio.h ****     /** @brief Configuration for a given GPIO */
  58:../../libDaisy//src/per/gpio.h ****     struct Config
  59:../../libDaisy//src/per/gpio.h ****     {
  60:../../libDaisy//src/per/gpio.h ****         Pin   pin;
  61:../../libDaisy//src/per/gpio.h ****         Mode  mode;
  62:../../libDaisy//src/per/gpio.h ****         Pull  pull;
  63:../../libDaisy//src/per/gpio.h ****         Speed speed;
  64:../../libDaisy//src/per/gpio.h **** 
  65:../../libDaisy//src/per/gpio.h ****         /** Constructor with no arguments will prepare an invalid GPIO set as
  66:../../libDaisy//src/per/gpio.h ****          *  an input, with no pullup. 
  67:../../libDaisy//src/per/gpio.h ****          */
  68:../../libDaisy//src/per/gpio.h ****         Config()
  69:../../libDaisy//src/per/gpio.h ****         : pin(), mode(Mode::INPUT), pull(Pull::NOPULL), speed(Speed::LOW)
  70:../../libDaisy//src/per/gpio.h ****         {
  71:../../libDaisy//src/per/gpio.h ****         }
  72:../../libDaisy//src/per/gpio.h ****     };
  73:../../libDaisy//src/per/gpio.h **** 
  74:../../libDaisy//src/per/gpio.h ****     GPIO() {}
ARM GAS  C:\Users\kgpol\AppData\Local\Temp\ccIP7kIm.s 			page 286


 10767              		.loc 23 74 5 view .LVU2555
 10768              	.LBB2827:
 10769              	.LBB2828:
 10770              	.LBI2828:
  68:../../libDaisy//src/per/gpio.h ****         : pin(), mode(Mode::INPUT), pull(Pull::NOPULL), speed(Speed::LOW)
 10771              		.loc 23 68 9 view .LVU2556
 10772              	.LBB2829:
 10773              	.LBB2830:
 10774              	.LBB2831:
 10775              	.LBI2831:
 10776              		.file 24 "../../libDaisy//src/daisy_core.h"
   1:../../libDaisy//src/daisy_core.h **** #pragma once
   2:../../libDaisy//src/daisy_core.h **** #ifndef DSY_CORE_HW_H
   3:../../libDaisy//src/daisy_core.h **** #define DSY_CORE_HW_H /**< & */
   4:../../libDaisy//src/daisy_core.h **** #include <stdint.h>
   5:../../libDaisy//src/daisy_core.h **** #include <stdlib.h>
   6:../../libDaisy//src/daisy_core.h **** 
   7:../../libDaisy//src/daisy_core.h **** #if defined(_MSC_VER)
   8:../../libDaisy//src/daisy_core.h **** #define FORCE_INLINE __forceinline /**< & */
   9:../../libDaisy//src/daisy_core.h **** #elif defined(__clang__)
  10:../../libDaisy//src/daisy_core.h **** #define FORCE_INLINE inline __attribute__((always_inline)) /**< & */
  11:../../libDaisy//src/daisy_core.h **** #pragma clang diagnostic ignored "-Wduplicate-decl-specifier"
  12:../../libDaisy//src/daisy_core.h **** #elif defined(__GNUC__)
  13:../../libDaisy//src/daisy_core.h **** #define FORCE_INLINE inline __attribute__((always_inline)) /**< & */
  14:../../libDaisy//src/daisy_core.h **** #else
  15:../../libDaisy//src/daisy_core.h **** #error unknown compiler
  16:../../libDaisy//src/daisy_core.h **** #endif
  17:../../libDaisy//src/daisy_core.h **** 
  18:../../libDaisy//src/daisy_core.h **** /** @addtogroup utility
  19:../../libDaisy//src/daisy_core.h ****     @{
  20:../../libDaisy//src/daisy_core.h **** */
  21:../../libDaisy//src/daisy_core.h **** 
  22:../../libDaisy//src/daisy_core.h **** /** Macro for area of memory that is configured as cacheless
  23:../../libDaisy//src/daisy_core.h **** This should be used primarily for DMA buffers, and the like.
  24:../../libDaisy//src/daisy_core.h **** */
  25:../../libDaisy//src/daisy_core.h **** #define DMA_BUFFER_MEM_SECTION __attribute__((section(".sram1_bss")))
  26:../../libDaisy//src/daisy_core.h **** /** 
  27:../../libDaisy//src/daisy_core.h **** THE DTCM RAM section is also non-cached. However, is not suitable 
  28:../../libDaisy//src/daisy_core.h **** for DMA transfers. Performance is on par with internal SRAM w/ 
  29:../../libDaisy//src/daisy_core.h **** cache enabled.
  30:../../libDaisy//src/daisy_core.h **** */
  31:../../libDaisy//src/daisy_core.h **** #define DTCM_MEM_SECTION __attribute__((section(".dtcmram_bss")))
  32:../../libDaisy//src/daisy_core.h **** 
  33:../../libDaisy//src/daisy_core.h **** #define FBIPMAX 0.999985f             /**< close to 1.0f-LSB at 16 bit */
  34:../../libDaisy//src/daisy_core.h **** #define FBIPMIN (-FBIPMAX)            /**< - (1 - LSB) */
  35:../../libDaisy//src/daisy_core.h **** #define U82F_SCALE 0.0078740f         /**< 1 / 127 */
  36:../../libDaisy//src/daisy_core.h **** #define F2U8_SCALE 127.0f             /**< 128 - 1 */
  37:../../libDaisy//src/daisy_core.h **** #define S82F_SCALE 0.0078125f         /**< 1 / (2**7) */
  38:../../libDaisy//src/daisy_core.h **** #define F2S8_SCALE 127.0f             /**< (2 ** 7) - 1 */
  39:../../libDaisy//src/daisy_core.h **** #define S162F_SCALE 3.0517578125e-05f /**< 1 / (2** 15) */
  40:../../libDaisy//src/daisy_core.h **** #define F2S16_SCALE 32767.0f          /**< (2 ** 15) - 1 */
  41:../../libDaisy//src/daisy_core.h **** #define F2S24_SCALE 8388608.0f        /**< 2 ** 23 */
  42:../../libDaisy//src/daisy_core.h **** #define S242F_SCALE 1.192092896e-07f  /**< 1 / (2 ** 23) */
  43:../../libDaisy//src/daisy_core.h **** #define S24SIGN 0x800000              /**< 2 ** 23 */
  44:../../libDaisy//src/daisy_core.h **** #define S322F_SCALE 4.6566129e-10f    /**< 1 / (2** 31) */
  45:../../libDaisy//src/daisy_core.h **** #define F2S32_SCALE 2147483647.f      /**< (2 ** 31) - 1 */
  46:../../libDaisy//src/daisy_core.h **** 
ARM GAS  C:\Users\kgpol\AppData\Local\Temp\ccIP7kIm.s 			page 287


  47:../../libDaisy//src/daisy_core.h **** 
  48:../../libDaisy//src/daisy_core.h **** /** shorthand macro for simplifying the reading of the left 
  49:../../libDaisy//src/daisy_core.h ****  *  channel of a non-interleaved output buffer named out */
  50:../../libDaisy//src/daisy_core.h **** #define OUT_L out[0]
  51:../../libDaisy//src/daisy_core.h **** 
  52:../../libDaisy//src/daisy_core.h **** /** shorthand macro for simplifying the reading of the right 
  53:../../libDaisy//src/daisy_core.h ****  *  channel of a non-interleaved output buffer named out */
  54:../../libDaisy//src/daisy_core.h **** #define OUT_R out[1]
  55:../../libDaisy//src/daisy_core.h **** 
  56:../../libDaisy//src/daisy_core.h **** /** shorthand macro for simplifying the reading of the left 
  57:../../libDaisy//src/daisy_core.h ****  *  channel of a non-interleaved input buffer named in */
  58:../../libDaisy//src/daisy_core.h **** #define IN_L in[0]
  59:../../libDaisy//src/daisy_core.h **** 
  60:../../libDaisy//src/daisy_core.h **** /** shorthand macro for simplifying the reading of the right 
  61:../../libDaisy//src/daisy_core.h ****  *  channel of a non-interleaved input buffer named in */
  62:../../libDaisy//src/daisy_core.h **** #define IN_R in[1]
  63:../../libDaisy//src/daisy_core.h **** 
  64:../../libDaisy//src/daisy_core.h **** /** 
  65:../../libDaisy//src/daisy_core.h ****     Computes cube.
  66:../../libDaisy//src/daisy_core.h ****     \param x Number to be cubed
  67:../../libDaisy//src/daisy_core.h ****     \return x ^ 3
  68:../../libDaisy//src/daisy_core.h **** */
  69:../../libDaisy//src/daisy_core.h **** FORCE_INLINE float cube(float x)
  70:../../libDaisy//src/daisy_core.h **** {
  71:../../libDaisy//src/daisy_core.h ****     return (x * x) * x;
  72:../../libDaisy//src/daisy_core.h **** }
  73:../../libDaisy//src/daisy_core.h **** 
  74:../../libDaisy//src/daisy_core.h **** /** 
  75:../../libDaisy//src/daisy_core.h ****     Converts unsigned 8-bit to float
  76:../../libDaisy//src/daisy_core.h ****     \param x Number to be scaled.
  77:../../libDaisy//src/daisy_core.h ****     \return Scaled number.
  78:../../libDaisy//src/daisy_core.h **** */
  79:../../libDaisy//src/daisy_core.h **** FORCE_INLINE float u82f(uint8_t x)
  80:../../libDaisy//src/daisy_core.h **** {
  81:../../libDaisy//src/daisy_core.h ****     return ((float)x - 127.f) * U82F_SCALE;
  82:../../libDaisy//src/daisy_core.h **** }
  83:../../libDaisy//src/daisy_core.h **** 
  84:../../libDaisy//src/daisy_core.h **** /**
  85:../../libDaisy//src/daisy_core.h ****     Converts float to unsigned 8-bit
  86:../../libDaisy//src/daisy_core.h **** */
  87:../../libDaisy//src/daisy_core.h **** FORCE_INLINE uint8_t f2u8(float x)
  88:../../libDaisy//src/daisy_core.h **** {
  89:../../libDaisy//src/daisy_core.h ****     x = x <= FBIPMIN ? FBIPMIN : x;
  90:../../libDaisy//src/daisy_core.h ****     x = x >= FBIPMAX ? FBIPMAX : x;
  91:../../libDaisy//src/daisy_core.h ****     return (uint8_t)((x * F2U8_SCALE) + F2U8_SCALE);
  92:../../libDaisy//src/daisy_core.h **** }
  93:../../libDaisy//src/daisy_core.h **** 
  94:../../libDaisy//src/daisy_core.h **** 
  95:../../libDaisy//src/daisy_core.h **** /** 
  96:../../libDaisy//src/daisy_core.h ****     Converts Signed 8-bit to float
  97:../../libDaisy//src/daisy_core.h ****     \param x Number to be scaled.
  98:../../libDaisy//src/daisy_core.h ****     \return Scaled number.
  99:../../libDaisy//src/daisy_core.h **** */
 100:../../libDaisy//src/daisy_core.h **** FORCE_INLINE float s82f(int8_t x)
 101:../../libDaisy//src/daisy_core.h **** {
 102:../../libDaisy//src/daisy_core.h ****     return (float)x * S82F_SCALE;
 103:../../libDaisy//src/daisy_core.h **** }
ARM GAS  C:\Users\kgpol\AppData\Local\Temp\ccIP7kIm.s 			page 288


 104:../../libDaisy//src/daisy_core.h **** 
 105:../../libDaisy//src/daisy_core.h **** /**
 106:../../libDaisy//src/daisy_core.h ****     Converts float to Signed 8-bit
 107:../../libDaisy//src/daisy_core.h **** */
 108:../../libDaisy//src/daisy_core.h **** FORCE_INLINE int8_t f2s8(float x)
 109:../../libDaisy//src/daisy_core.h **** {
 110:../../libDaisy//src/daisy_core.h ****     x = x <= FBIPMIN ? FBIPMIN : x;
 111:../../libDaisy//src/daisy_core.h ****     x = x >= FBIPMAX ? FBIPMAX : x;
 112:../../libDaisy//src/daisy_core.h ****     return (int32_t)(x * F2S8_SCALE);
 113:../../libDaisy//src/daisy_core.h **** }
 114:../../libDaisy//src/daisy_core.h **** 
 115:../../libDaisy//src/daisy_core.h **** /** 
 116:../../libDaisy//src/daisy_core.h ****     Converts Signed 16-bit to float
 117:../../libDaisy//src/daisy_core.h ****     \param x Number to be scaled.
 118:../../libDaisy//src/daisy_core.h ****     \return Scaled number.
 119:../../libDaisy//src/daisy_core.h **** */
 120:../../libDaisy//src/daisy_core.h **** FORCE_INLINE float s162f(int16_t x)
 121:../../libDaisy//src/daisy_core.h **** {
 122:../../libDaisy//src/daisy_core.h ****     return (float)x * S162F_SCALE;
 123:../../libDaisy//src/daisy_core.h **** }
 124:../../libDaisy//src/daisy_core.h **** 
 125:../../libDaisy//src/daisy_core.h **** /**
 126:../../libDaisy//src/daisy_core.h ****     Converts float to Signed 16-bit
 127:../../libDaisy//src/daisy_core.h **** */
 128:../../libDaisy//src/daisy_core.h **** FORCE_INLINE int16_t f2s16(float x)
 129:../../libDaisy//src/daisy_core.h **** {
 130:../../libDaisy//src/daisy_core.h ****     x = x <= FBIPMIN ? FBIPMIN : x;
 131:../../libDaisy//src/daisy_core.h ****     x = x >= FBIPMAX ? FBIPMAX : x;
 132:../../libDaisy//src/daisy_core.h ****     return (int32_t)(x * F2S16_SCALE);
 133:../../libDaisy//src/daisy_core.h **** }
 134:../../libDaisy//src/daisy_core.h **** 
 135:../../libDaisy//src/daisy_core.h **** /**
 136:../../libDaisy//src/daisy_core.h ****     Converts Signed 24-bit to float
 137:../../libDaisy//src/daisy_core.h ****  */
 138:../../libDaisy//src/daisy_core.h **** FORCE_INLINE float s242f(int32_t x)
 139:../../libDaisy//src/daisy_core.h **** {
 140:../../libDaisy//src/daisy_core.h ****     x = (x ^ S24SIGN) - S24SIGN; //sign extend aka ((x<<8)>>8)
 141:../../libDaisy//src/daisy_core.h ****     return (float)x * S242F_SCALE;
 142:../../libDaisy//src/daisy_core.h **** }
 143:../../libDaisy//src/daisy_core.h **** /**
 144:../../libDaisy//src/daisy_core.h ****     Converts float to Signed 24-bit
 145:../../libDaisy//src/daisy_core.h ****  */
 146:../../libDaisy//src/daisy_core.h **** FORCE_INLINE int32_t f2s24(float x)
 147:../../libDaisy//src/daisy_core.h **** {
 148:../../libDaisy//src/daisy_core.h ****     x = x <= FBIPMIN ? FBIPMIN : x;
 149:../../libDaisy//src/daisy_core.h ****     x = x >= FBIPMAX ? FBIPMAX : x;
 150:../../libDaisy//src/daisy_core.h ****     return (int32_t)(x * F2S24_SCALE);
 151:../../libDaisy//src/daisy_core.h **** }
 152:../../libDaisy//src/daisy_core.h **** 
 153:../../libDaisy//src/daisy_core.h **** /**
 154:../../libDaisy//src/daisy_core.h ****     Converts Signed 32-bit to float
 155:../../libDaisy//src/daisy_core.h ****  */
 156:../../libDaisy//src/daisy_core.h **** FORCE_INLINE float s322f(int32_t x)
 157:../../libDaisy//src/daisy_core.h **** {
 158:../../libDaisy//src/daisy_core.h ****     return (float)x * S322F_SCALE;
 159:../../libDaisy//src/daisy_core.h **** }
 160:../../libDaisy//src/daisy_core.h **** /**
ARM GAS  C:\Users\kgpol\AppData\Local\Temp\ccIP7kIm.s 			page 289


 161:../../libDaisy//src/daisy_core.h ****     Converts float to Signed 24-bit
 162:../../libDaisy//src/daisy_core.h ****  */
 163:../../libDaisy//src/daisy_core.h **** FORCE_INLINE int32_t f2s32(float x)
 164:../../libDaisy//src/daisy_core.h **** {
 165:../../libDaisy//src/daisy_core.h ****     x = x <= FBIPMIN ? FBIPMIN : x;
 166:../../libDaisy//src/daisy_core.h ****     x = x >= FBIPMAX ? FBIPMAX : x;
 167:../../libDaisy//src/daisy_core.h ****     return (int32_t)(x * F2S32_SCALE);
 168:../../libDaisy//src/daisy_core.h **** }
 169:../../libDaisy//src/daisy_core.h **** 
 170:../../libDaisy//src/daisy_core.h **** 
 171:../../libDaisy//src/daisy_core.h **** /** Enums and a simple struct for defining a hardware pin on the MCU
 172:../../libDaisy//src/daisy_core.h ****  *  These correlate with the stm32 datasheet, and are used to configure
 173:../../libDaisy//src/daisy_core.h ****  *  the hardware.
 174:../../libDaisy//src/daisy_core.h ****  * 
 175:../../libDaisy//src/daisy_core.h ****  *  This along with the dsy_gpio_pin class should no longer be used.
 176:../../libDaisy//src/daisy_core.h ****  *  They are available for backwards compatability. 
 177:../../libDaisy//src/daisy_core.h ****  * 
 178:../../libDaisy//src/daisy_core.h ****  *  Please use GPIOPort enum and the Pin struct instead.
 179:../../libDaisy//src/daisy_core.h ****  */
 180:../../libDaisy//src/daisy_core.h **** typedef enum
 181:../../libDaisy//src/daisy_core.h **** {
 182:../../libDaisy//src/daisy_core.h ****     DSY_GPIOA, /**< & */
 183:../../libDaisy//src/daisy_core.h ****     DSY_GPIOB, /**< & */
 184:../../libDaisy//src/daisy_core.h ****     DSY_GPIOC, /**< & */
 185:../../libDaisy//src/daisy_core.h ****     DSY_GPIOD, /**< & */
 186:../../libDaisy//src/daisy_core.h ****     DSY_GPIOE, /**< & */
 187:../../libDaisy//src/daisy_core.h ****     DSY_GPIOF, /**< & */
 188:../../libDaisy//src/daisy_core.h ****     DSY_GPIOG, /**< & */
 189:../../libDaisy//src/daisy_core.h ****     DSY_GPIOH, /**< & */
 190:../../libDaisy//src/daisy_core.h ****     DSY_GPIOI, /**< & */
 191:../../libDaisy//src/daisy_core.h ****     DSY_GPIOJ, /**< & */
 192:../../libDaisy//src/daisy_core.h ****     DSY_GPIOK, /**< & */
 193:../../libDaisy//src/daisy_core.h ****     DSY_GPIOX, /** This is a non-existant port for unsupported bits of hardware. */
 194:../../libDaisy//src/daisy_core.h ****     DSY_GPIO_LAST, /** Final enum member */
 195:../../libDaisy//src/daisy_core.h **** } dsy_gpio_port;
 196:../../libDaisy//src/daisy_core.h **** 
 197:../../libDaisy//src/daisy_core.h **** /** Hardware define pins 
 198:../../libDaisy//src/daisy_core.h ****  *  
 199:../../libDaisy//src/daisy_core.h ****  *  The dsy_gpio_pin struct should no longer be used, and is only available for
 200:../../libDaisy//src/daisy_core.h ****  *  backwards compatability.
 201:../../libDaisy//src/daisy_core.h ****  * 
 202:../../libDaisy//src/daisy_core.h ****  *  Please use Pin struct instead.
 203:../../libDaisy//src/daisy_core.h ****  */
 204:../../libDaisy//src/daisy_core.h **** typedef struct
 205:../../libDaisy//src/daisy_core.h **** {
 206:../../libDaisy//src/daisy_core.h ****     dsy_gpio_port port; /**< & */
 207:../../libDaisy//src/daisy_core.h ****     uint8_t       pin;  /**< number 0-15 */
 208:../../libDaisy//src/daisy_core.h **** } dsy_gpio_pin;
 209:../../libDaisy//src/daisy_core.h **** 
 210:../../libDaisy//src/daisy_core.h **** /** Helper for creating pins from port/pin combos easily
 211:../../libDaisy//src/daisy_core.h ****  * 
 212:../../libDaisy//src/daisy_core.h ****  *  The dsy_gpio_pin struct should no longer be used, and is only available for
 213:../../libDaisy//src/daisy_core.h ****  *  backwards compatability.
 214:../../libDaisy//src/daisy_core.h ****  * 
 215:../../libDaisy//src/daisy_core.h ****  *  Please use Pin struct instead.
 216:../../libDaisy//src/daisy_core.h **** */
 217:../../libDaisy//src/daisy_core.h **** FORCE_INLINE dsy_gpio_pin dsy_pin(dsy_gpio_port port, uint8_t pin)
ARM GAS  C:\Users\kgpol\AppData\Local\Temp\ccIP7kIm.s 			page 290


 218:../../libDaisy//src/daisy_core.h **** {
 219:../../libDaisy//src/daisy_core.h ****     dsy_gpio_pin p;
 220:../../libDaisy//src/daisy_core.h ****     p.port = port;
 221:../../libDaisy//src/daisy_core.h ****     p.pin  = pin;
 222:../../libDaisy//src/daisy_core.h ****     return p;
 223:../../libDaisy//src/daisy_core.h **** }
 224:../../libDaisy//src/daisy_core.h **** 
 225:../../libDaisy//src/daisy_core.h **** /** Helper for testing sameness of two dsy_gpio_pins
 226:../../libDaisy//src/daisy_core.h ****  *  \return    1 if same, 0 if different
 227:../../libDaisy//src/daisy_core.h ****  * 
 228:../../libDaisy//src/daisy_core.h ****  *  The dsy_gpio_pin struct should no longer be used, and is only available for
 229:../../libDaisy//src/daisy_core.h ****  *  backwards compatability.
 230:../../libDaisy//src/daisy_core.h ****  * 
 231:../../libDaisy//src/daisy_core.h ****  *  Please use Pin struct instead.
 232:../../libDaisy//src/daisy_core.h ****  */
 233:../../libDaisy//src/daisy_core.h **** FORCE_INLINE uint8_t dsy_pin_cmp(dsy_gpio_pin *a, dsy_gpio_pin *b)
 234:../../libDaisy//src/daisy_core.h **** {
 235:../../libDaisy//src/daisy_core.h ****     return ((a->port == b->port) && (a->pin == b->pin));
 236:../../libDaisy//src/daisy_core.h **** }
 237:../../libDaisy//src/daisy_core.h **** 
 238:../../libDaisy//src/daisy_core.h **** #ifdef __cplusplus
 239:../../libDaisy//src/daisy_core.h **** 
 240:../../libDaisy//src/daisy_core.h **** namespace daisy
 241:../../libDaisy//src/daisy_core.h **** {
 242:../../libDaisy//src/daisy_core.h **** /** @brief GPIO Port names */
 243:../../libDaisy//src/daisy_core.h **** enum GPIOPort
 244:../../libDaisy//src/daisy_core.h **** {
 245:../../libDaisy//src/daisy_core.h ****     PORTA, /**< Port A */
 246:../../libDaisy//src/daisy_core.h ****     PORTB, /**< Port B */
 247:../../libDaisy//src/daisy_core.h ****     PORTC, /**< Port C */
 248:../../libDaisy//src/daisy_core.h ****     PORTD, /**< Port D */
 249:../../libDaisy//src/daisy_core.h ****     PORTE, /**< Port E */
 250:../../libDaisy//src/daisy_core.h ****     PORTF, /**< Port F */
 251:../../libDaisy//src/daisy_core.h ****     PORTG, /**< Port G */
 252:../../libDaisy//src/daisy_core.h ****     PORTH, /**< Port H */
 253:../../libDaisy//src/daisy_core.h ****     PORTI, /**< Port I */
 254:../../libDaisy//src/daisy_core.h ****     PORTJ, /**< Port J */
 255:../../libDaisy//src/daisy_core.h ****     PORTK, /**< Port K */
 256:../../libDaisy//src/daisy_core.h ****     PORTX, /**< Used as a dummy port to signal an invalid pin. */
 257:../../libDaisy//src/daisy_core.h **** };
 258:../../libDaisy//src/daisy_core.h **** 
 259:../../libDaisy//src/daisy_core.h **** /** @brief representation of hardware port/pin combination */
 260:../../libDaisy//src/daisy_core.h **** struct Pin
 261:../../libDaisy//src/daisy_core.h **** {
 262:../../libDaisy//src/daisy_core.h ****     GPIOPort port;
 263:../../libDaisy//src/daisy_core.h ****     uint8_t  pin;
 264:../../libDaisy//src/daisy_core.h **** 
 265:../../libDaisy//src/daisy_core.h ****     /** @brief Constructor creates a valid pin. 
 266:../../libDaisy//src/daisy_core.h ****      *  @param pt GPIOPort between PA, and PK corresponding to STM32 Port.
 267:../../libDaisy//src/daisy_core.h ****      *  @param pn pin number in range of 0-15
 268:../../libDaisy//src/daisy_core.h ****     */
 269:../../libDaisy//src/daisy_core.h ****     constexpr Pin(const GPIOPort pt, const uint8_t pn) : port(pt), pin(pn) {}
 270:../../libDaisy//src/daisy_core.h **** 
 271:../../libDaisy//src/daisy_core.h ****     /** @brief Basic Constructor creates an invalid Pin object */
 272:../../libDaisy//src/daisy_core.h ****     constexpr Pin() : port(PORTX), pin(255) {}
 10777              		.loc 24 272 15 view .LVU2557
 10778              		.loc 24 272 15 is_stmt 0 view .LVU2558
ARM GAS  C:\Users\kgpol\AppData\Local\Temp\ccIP7kIm.s 			page 291


 10779              	.LBE2831:
 10780              	.LBE2830:
 10781              	.LBE2829:
 10782              	.LBE2828:
 10783              	.LBE2827:
 10784              	.LBE2826:
  18:../../libDaisy//src/hid/gatein.h **** 
 10785              		.loc 4 18 14 view .LVU2559
 10786 0044 2448     		ldr	r0, .L579+32
 10787              	.LBE2837:
 10788              	.LBE2844:
  54:delay-module.cpp **** static Led led_1_b, led_1_r;
 10789              		.loc 16 54 15 view .LVU2560
 10790 0046 2246     		mov	r2, r4
 10791 0048 2449     		ldr	r1, .L579+36
 10792              	.LBB2845:
 10793              	.LBB2838:
  18:../../libDaisy//src/hid/gatein.h **** 
 10794              		.loc 4 18 14 view .LVU2561
 10795 004a C0E90065 		strd	r6, r5, [r0]
 10796              	.LBB2836:
 10797              	.LBB2835:
 10798              	.LBB2834:
 10799              	.LBB2833:
 10800              	.LBB2832:
  69:../../libDaisy//src/per/gpio.h ****         {
 10801              		.loc 23 69 73 view .LVU2562
 10802 004e C0E90255 		strd	r5, r5, [r0, #8]
 10803              	.LVL772:
  69:../../libDaisy//src/per/gpio.h ****         {
 10804              		.loc 23 69 73 view .LVU2563
 10805              	.LBE2832:
 10806              	.LBE2833:
 10807              	.LBE2834:
 10808              	.LBE2835:
 10809              	.LBE2836:
 10810              	.LBE2838:
 10811              	.LBE2845:
  54:delay-module.cpp **** static Led led_1_b, led_1_r;
 10812              		.loc 16 54 15 view .LVU2564
 10813 0052 FFF7FEFF 		bl	__aeabi_atexit
 10814              	.LVL773:
 10815              	.LBB2846:
 10816              	.LBI2846:
  18:../../libDaisy//src/hid/gatein.h **** 
 10817              		.loc 4 18 5 is_stmt 1 view .LVU2565
 10818              	.LBB2847:
 10819              	.LBB2848:
 10820              	.LBI2848:
 10821              		.loc 23 74 5 view .LVU2566
 10822              	.LBB2849:
 10823              	.LBB2850:
 10824              	.LBI2850:
  68:../../libDaisy//src/per/gpio.h ****         : pin(), mode(Mode::INPUT), pull(Pull::NOPULL), speed(Speed::LOW)
 10825              		.loc 23 68 9 view .LVU2567
 10826              	.LBB2851:
 10827              	.LBB2852:
ARM GAS  C:\Users\kgpol\AppData\Local\Temp\ccIP7kIm.s 			page 292


 10828              	.LBB2853:
 10829              	.LBI2853:
 10830              		.loc 24 272 15 view .LVU2568
 10831              		.loc 24 272 15 is_stmt 0 view .LVU2569
 10832              	.LBE2853:
 10833              	.LBE2852:
 10834              	.LBE2851:
 10835              	.LBE2850:
 10836              	.LBE2849:
 10837              	.LBE2848:
  18:../../libDaisy//src/hid/gatein.h **** 
 10838              		.loc 4 18 14 view .LVU2570
 10839 0056 2248     		ldr	r0, .L579+40
 10840              	.LBE2847:
 10841              	.LBE2846:
  54:delay-module.cpp **** static Led led_1_b, led_1_r;
 10842              		.loc 16 54 22 view .LVU2571
 10843 0058 2246     		mov	r2, r4
 10844 005a 2049     		ldr	r1, .L579+36
 10845              	.LBB2860:
 10846              	.LBB2859:
  18:../../libDaisy//src/hid/gatein.h **** 
 10847              		.loc 4 18 14 view .LVU2572
 10848 005c 0660     		str	r6, [r0]
 10849              	.LBB2858:
 10850              	.LBB2857:
 10851              	.LBB2856:
 10852              	.LBB2855:
 10853              	.LBB2854:
  69:../../libDaisy//src/per/gpio.h ****         {
 10854              		.loc 23 69 73 view .LVU2573
 10855 005e C560     		str	r5, [r0, #12]
 10856              	.LVL774:
  69:../../libDaisy//src/per/gpio.h ****         {
 10857              		.loc 23 69 73 view .LVU2574
 10858 0060 C0E90155 		strd	r5, r5, [r0, #4]
 10859              	.LBE2854:
 10860              	.LBE2855:
 10861              	.LBE2856:
 10862              	.LBE2857:
 10863              	.LBE2858:
 10864              	.LBE2859:
 10865              	.LBE2860:
  54:delay-module.cpp **** static Led led_1_b, led_1_r;
 10866              		.loc 16 54 22 view .LVU2575
 10867 0064 FFF7FEFF 		bl	__aeabi_atexit
 10868              	.LVL775:
 10869              	.LBB2861:
 10870              	.LBI2861:
  24:../../libDaisy//src/hid/led.h ****     ~Led() {}
 10871              		.loc 5 24 5 is_stmt 1 view .LVU2576
  24:../../libDaisy//src/hid/led.h ****     ~Led() {}
 10872              		.loc 5 24 5 is_stmt 0 view .LVU2577
 10873              	.LBE2861:
  55:delay-module.cpp **** static CrossFade cross_fader;
 10874              		.loc 16 55 12 view .LVU2578
 10875 0068 2246     		mov	r2, r4
ARM GAS  C:\Users\kgpol\AppData\Local\Temp\ccIP7kIm.s 			page 293


 10876 006a 1E49     		ldr	r1, .L579+44
 10877 006c 1E48     		ldr	r0, .L579+48
 10878 006e FFF7FEFF 		bl	__aeabi_atexit
 10879              	.LVL776:
 10880              	.LBB2862:
 10881              	.LBI2862:
  24:../../libDaisy//src/hid/led.h ****     ~Led() {}
 10882              		.loc 5 24 5 is_stmt 1 view .LVU2579
  24:../../libDaisy//src/hid/led.h ****     ~Led() {}
 10883              		.loc 5 24 5 is_stmt 0 view .LVU2580
 10884              	.LBE2862:
  55:delay-module.cpp **** static CrossFade cross_fader;
 10885              		.loc 16 55 21 view .LVU2581
 10886 0072 2246     		mov	r2, r4
 10887 0074 1B49     		ldr	r1, .L579+44
 10888 0076 1D48     		ldr	r0, .L579+52
 10889 0078 FFF7FEFF 		bl	__aeabi_atexit
 10890              	.LVL777:
 10891              	.LBB2863:
 10892              	.LBI2863:
  44:../../DaisySP//Source/Dynamics/crossfade.h ****     ~CrossFade() {}
 10893              		.loc 11 44 5 is_stmt 1 view .LVU2582
  44:../../DaisySP//Source/Dynamics/crossfade.h ****     ~CrossFade() {}
 10894              		.loc 11 44 5 is_stmt 0 view .LVU2583
 10895              	.LBE2863:
  56:delay-module.cpp **** static DelayLine<float, MAX_DELAY> DSY_SDRAM_BSS delay_l;
 10896              		.loc 16 56 18 view .LVU2584
 10897 007c 2246     		mov	r2, r4
 10898 007e 1C49     		ldr	r1, .L579+56
 10899 0080 1C48     		ldr	r0, .L579+60
 10900 0082 FFF7FEFF 		bl	__aeabi_atexit
 10901              	.LVL778:
 10902              	.LBB2864:
 10903              	.LBI2864:
  31:../../DaisySP//Source/Utility/delayline.h ****     ~DelayLine() {}
 10904              		.loc 15 31 5 is_stmt 1 view .LVU2585
  31:../../DaisySP//Source/Utility/delayline.h ****     ~DelayLine() {}
 10905              		.loc 15 31 5 is_stmt 0 view .LVU2586
 10906              	.LBE2864:
  57:delay-module.cpp **** static DelayLine<float, MAX_DELAY> DSY_SDRAM_BSS delay_r;
 10907              		.loc 16 57 50 view .LVU2587
 10908 0086 2246     		mov	r2, r4
 10909 0088 1B49     		ldr	r1, .L579+64
 10910 008a 1C48     		ldr	r0, .L579+68
 10911 008c FFF7FEFF 		bl	__aeabi_atexit
 10912              	.LVL779:
 10913              	.LBB2865:
 10914              	.LBI2865:
  31:../../DaisySP//Source/Utility/delayline.h ****     ~DelayLine() {}
 10915              		.loc 15 31 5 is_stmt 1 view .LVU2588
  31:../../DaisySP//Source/Utility/delayline.h ****     ~DelayLine() {}
 10916              		.loc 15 31 5 is_stmt 0 view .LVU2589
 10917              	.LBE2865:
  58:delay-module.cpp **** static MyOledDisplay display;
 10918              		.loc 16 58 50 view .LVU2590
 10919 0090 2246     		mov	r2, r4
 10920 0092 1949     		ldr	r1, .L579+64
ARM GAS  C:\Users\kgpol\AppData\Local\Temp\ccIP7kIm.s 			page 294


 10921 0094 1A48     		ldr	r0, .L579+72
 10922 0096 FFF7FEFF 		bl	__aeabi_atexit
 10923              	.LVL780:
 10924              	.LBB2866:
 10925              	.LBI2866:
  17:../../libDaisy//src/hid/disp/oled_display.h ****     virtual ~OledDisplay() {}
 10926              		.loc 12 17 5 is_stmt 1 view .LVU2591
 10927              	.LBB2867:
 10928              	.LBB2868:
 10929              	.LBB2869:
 10930              	.LBI2869:
 218:../../libDaisy//src/hid/disp/display.h ****     virtual ~OneBitGraphicsDisplayImpl() {}
 10931              		.loc 14 218 5 view .LVU2592
 10932              	.LBB2870:
 10933              	.LBI2870:
  22:../../libDaisy//src/hid/disp/display.h ****     virtual ~OneBitGraphicsDisplay() {}
 10934              		.loc 14 22 5 view .LVU2593
  22:../../libDaisy//src/hid/disp/display.h ****     virtual ~OneBitGraphicsDisplay() {}
 10935              		.loc 14 22 5 is_stmt 0 view .LVU2594
 10936              	.LBE2870:
 10937              	.LBE2869:
  17:../../libDaisy//src/hid/disp/oled_display.h ****     virtual ~OledDisplay() {}
 10938              		.loc 12 17 19 view .LVU2595
 10939 009a 1A48     		ldr	r0, .L579+76
 10940 009c 1A4B     		ldr	r3, .L579+80
 10941              	.LBE2868:
 10942              	.LBE2867:
 10943              	.LBE2866:
  59:delay-module.cpp **** static Encoder enc;
 10944              		.loc 16 59 22 view .LVU2596
 10945 009e 2246     		mov	r2, r4
 10946 00a0 1A49     		ldr	r1, .L579+84
 10947              	.LBB2881:
 10948              	.LBB2880:
 10949              	.LBB2879:
 10950              	.LBB2871:
 10951              	.LBB2872:
 10952              	.LBB2873:
 10953              	.LBB2874:
 10954              	.LBB2875:
  94:../../libDaisy//src/per/spi.h ****         }
  95:../../libDaisy//src/per/spi.h **** 
  96:../../libDaisy//src/per/spi.h ****         Peripheral    periph;
  97:../../libDaisy//src/per/spi.h ****         Mode          mode;
  98:../../libDaisy//src/per/spi.h ****         Direction     direction;
  99:../../libDaisy//src/per/spi.h ****         unsigned long datasize;
 100:../../libDaisy//src/per/spi.h ****         ClockPolarity clock_polarity;
 101:../../libDaisy//src/per/spi.h ****         ClockPhase    clock_phase;
 102:../../libDaisy//src/per/spi.h ****         NSS           nss;
 103:../../libDaisy//src/per/spi.h ****         BaudPrescaler baud_prescaler;
 104:../../libDaisy//src/per/spi.h ****     };
 105:../../libDaisy//src/per/spi.h **** 
 106:../../libDaisy//src/per/spi.h ****     SpiHandle() : pimpl_(nullptr) {}
 10955              		.loc 19 106 33 view .LVU2597
 10956 00a2 8560     		str	r5, [r0, #8]
 10957              	.LBE2875:
 10958              	.LBE2874:
ARM GAS  C:\Users\kgpol\AppData\Local\Temp\ccIP7kIm.s 			page 295


 10959              	.LBE2873:
 10960              	.LBE2872:
 10961              	.LBE2871:
  17:../../libDaisy//src/hid/disp/oled_display.h ****     virtual ~OledDisplay() {}
 10962              		.loc 12 17 19 view .LVU2598
 10963 00a4 0360     		str	r3, [r0]
 10964              	.LVL781:
 10965              	.LBB2878:
 10966              	.LBI2871:
 245:../../libDaisy//src/dev/oled_ssd130x.h **** {
 10967              		.loc 13 245 7 is_stmt 1 view .LVU2599
 10968              	.LBB2877:
 10969              	.LBI2872:
  65:../../libDaisy//src/dev/oled_ssd130x.h **** {
 10970              		.loc 13 65 7 view .LVU2600
 10971              	.LBB2876:
 10972              	.LBI2873:
 10973              		.loc 19 106 5 view .LVU2601
 10974              		.loc 19 106 5 is_stmt 0 view .LVU2602
 10975              	.LBE2876:
 10976              	.LBE2877:
 10977              	.LBE2878:
 10978              	.LBE2879:
 10979              	.LBE2880:
 10980              	.LBE2881:
  59:delay-module.cpp **** static Encoder enc;
 10981              		.loc 16 59 22 view .LVU2603
 10982 00a6 FFF7FEFF 		bl	__aeabi_atexit
 10983              	.LVL782:
 10984              	.LBB2882:
 10985              	.LBI2882:
  20:../../libDaisy//src/hid/encoder.h ****     ~Encoder() {}
 10986              		.loc 1 20 5 is_stmt 1 view .LVU2604
 10987              	.LBB2883:
 10988              	.LBB2884:
 10989              	.LBI2884:
  41:../../libDaisy//src/hid/switch.h ****     ~Switch() {}
 10990              		.loc 2 41 5 view .LVU2605
  41:../../libDaisy//src/hid/switch.h ****     ~Switch() {}
 10991              		.loc 2 41 5 is_stmt 0 view .LVU2606
 10992              	.LBE2884:
 10993              	.LBE2883:
 10994              	.LBE2882:
  60:delay-module.cpp **** 
 10995              		.loc 16 60 16 view .LVU2607
 10996 00aa 2246     		mov	r2, r4
 10997 00ac 1849     		ldr	r1, .L579+88
 10998 00ae 1948     		ldr	r0, .L579+92
 10999              	.LBE2885:
 11000              	.LBE2887:
 11001              		.loc 16 368 1 view .LVU2608
 11002 00b0 BDE87040 		pop	{r4, r5, r6, lr}
 11003              		.cfi_restore 14
 11004              		.cfi_restore 6
 11005              		.cfi_restore 5
 11006              		.cfi_restore 4
 11007              		.cfi_def_cfa_offset 0
ARM GAS  C:\Users\kgpol\AppData\Local\Temp\ccIP7kIm.s 			page 296


 11008              	.LBB2888:
 11009              	.LBB2886:
  60:delay-module.cpp **** 
 11010              		.loc 16 60 16 view .LVU2609
 11011 00b4 FFF7FEBF 		b	__aeabi_atexit
 11012              	.LVL783:
 11013              	.L580:
 11014              		.align	2
 11015              	.L579:
 11016 00b8 00000000 		.word	.LANCHOR13
 11017 00bc 00000000 		.word	__dso_handle
 11018 00c0 00000000 		.word	_ZN5daisy9DaisySeedD1Ev
 11019 00c4 00000000 		.word	_ZN5daisy13AnalogControlD1Ev
 11020 00c8 00000000 		.word	.LANCHOR0
 11021 00cc 00000000 		.word	.LANCHOR3
 11022 00d0 00000000 		.word	.LANCHOR5
 11023 00d4 00000000 		.word	.LANCHOR7
 11024 00d8 00000000 		.word	.LANCHOR16
 11025 00dc 00000000 		.word	_ZN5daisy6GateInD1Ev
 11026 00e0 00000000 		.word	.LANCHOR18
 11027 00e4 00000000 		.word	_ZN5daisy3LedD1Ev
 11028 00e8 00000000 		.word	.LANCHOR19
 11029 00ec 00000000 		.word	.LANCHOR20
 11030 00f0 00000000 		.word	_ZN7daisysp9CrossFadeD1Ev
 11031 00f4 00000000 		.word	.LANCHOR9
 11032 00f8 00000000 		.word	_ZN7daisysp9DelayLineIfLj960000EED1Ev
 11033 00fc 0C983A00 		.word	_ZL7delay_l
 11034 0100 00000000 		.word	_ZL7delay_r
 11035 0104 00000000 		.word	.LANCHOR11
 11036 0108 08000000 		.word	_ZTVN5daisy11OledDisplayINS_13SSD130xDriverILj128ELj64ENS_24SSD130x4WireSpiTransportEEEEE+8
 11037 010c 00000000 		.word	_ZN5daisy11OledDisplayINS_13SSD130xDriverILj128ELj64ENS_24SSD130x4WireSpiTransportEEEED1Ev
 11038 0110 00000000 		.word	_ZN5daisy7EncoderD1Ev
 11039 0114 00000000 		.word	.LANCHOR14
 11040              	.LBE2886:
 11041              	.LBE2888:
 11042              		.cfi_endproc
 11043              	.LFE5343:
 11045              		.section	.init_array,"aw",%init_array
 11046              		.align	2
 11047 0000 00000000 		.word	_GLOBAL__sub_I_clock_state(target1)
 11048              		.weak	_ZTVN5daisy11OledDisplayINS_13SSD130xDriverILj128ELj64ENS_24SSD130x4WireSpiTransportEEEEE
 11049              		.section	.rodata._ZTVN5daisy11OledDisplayINS_13SSD130xDriverILj128ELj64ENS_24SSD130x4WireSpiTransp
 11050              		.align	2
 11053              	_ZTVN5daisy11OledDisplayINS_13SSD130xDriverILj128ELj64ENS_24SSD130x4WireSpiTransportEEEEE:
 11054 0000 00000000 		.word	0
 11055 0004 00000000 		.word	0
 11056 0008 00000000 		.word	_ZN5daisy11OledDisplayINS_13SSD130xDriverILj128ELj64ENS_24SSD130x4WireSpiTransportEEEED1Ev
 11057 000c 00000000 		.word	_ZN5daisy11OledDisplayINS_13SSD130xDriverILj128ELj64ENS_24SSD130x4WireSpiTransportEEEED0Ev
 11058 0010 00000000 		.word	_ZNK5daisy11OledDisplayINS_13SSD130xDriverILj128ELj64ENS_24SSD130x4WireSpiTransportEEEE6Heig
 11059 0014 00000000 		.word	_ZNK5daisy11OledDisplayINS_13SSD130xDriverILj128ELj64ENS_24SSD130x4WireSpiTransportEEEE5Widt
 11060 0018 00000000 		.word	_ZN5daisy11OledDisplayINS_13SSD130xDriverILj128ELj64ENS_24SSD130x4WireSpiTransportEEEE4FillE
 11061 001c 00000000 		.word	_ZN5daisy11OledDisplayINS_13SSD130xDriverILj128ELj64ENS_24SSD130x4WireSpiTransportEEEE9DrawP
 11062 0020 00000000 		.word	_ZN5daisy25OneBitGraphicsDisplayImplINS_11OledDisplayINS_13SSD130xDriverILj128ELj64ENS_24SSD
 11063 0024 00000000 		.word	_ZN5daisy25OneBitGraphicsDisplayImplINS_11OledDisplayINS_13SSD130xDriverILj128ELj64ENS_24SSD
 11064 0028 00000000 		.word	_ZN5daisy25OneBitGraphicsDisplayImplINS_11OledDisplayINS_13SSD130xDriverILj128ELj64ENS_24SSD
 11065 002c 00000000 		.word	_ZN5daisy25OneBitGraphicsDisplayImplINS_11OledDisplayINS_13SSD130xDriverILj128ELj64ENS_24SSD
 11066 0030 00000000 		.word	_ZN5daisy25OneBitGraphicsDisplayImplINS_11OledDisplayINS_13SSD130xDriverILj128ELj64ENS_24SSD
ARM GAS  C:\Users\kgpol\AppData\Local\Temp\ccIP7kIm.s 			page 297


 11067 0034 00000000 		.word	_ZN5daisy25OneBitGraphicsDisplayImplINS_11OledDisplayINS_13SSD130xDriverILj128ELj64ENS_24SSD
 11068 0038 00000000 		.word	_ZN5daisy11OledDisplayINS_13SSD130xDriverILj128ELj64ENS_24SSD130x4WireSpiTransportEEEE6Updat
 11069              		.global	mix
 11070              		.global	fdbk_amount
 11071              		.global	time_factor_r
 11072              		.global	time_factor_l
 11073              		.global	sw2_last_time_held
 11074              		.global	sw1_last_time_held
 11075              		.global	time_range
 11076              		.global	channel_link
 11077              		.global	clock_sync
 11078              		.global	screen_fill
 11079              		.global	menu_index
 11080              		.global	hold_state
 11081              		.global	clock_state
 11082              		.section	.bss._ZL11cross_fader,"aw",%nobits
 11083              		.align	2
 11084              		.set	.LANCHOR9,. + 0
 11087              	_ZL11cross_fader:
 11088 0000 00000000 		.space	8
 11088      00000000 
 11089              		.section	.bss._ZL2hw,"aw",%nobits
 11090              		.align	2
 11091              		.set	.LANCHOR13,. + 0
 11094              	_ZL2hw:
 11095 0000 00000000 		.space	64
 11095      00000000 
 11095      00000000 
 11095      00000000 
 11095      00000000 
 11096              		.section	.bss._ZL3enc,"aw",%nobits
 11097              		.align	2
 11098              		.set	.LANCHOR14,. + 0
 11101              	_ZL3enc:
 11102 0000 00000000 		.space	40
 11102      00000000 
 11102      00000000 
 11102      00000000 
 11102      00000000 
 11103              		.section	.bss._ZL4cv_0,"aw",%nobits
 11104              		.align	2
 11105              		.set	.LANCHOR0,. + 0
 11108              	_ZL4cv_0:
 11109 0000 00000000 		.space	32
 11109      00000000 
 11109      00000000 
 11109      00000000 
 11109      00000000 
 11110              		.section	.bss._ZL4cv_1,"aw",%nobits
 11111              		.align	2
 11112              		.set	.LANCHOR3,. + 0
 11115              	_ZL4cv_1:
 11116 0000 00000000 		.space	32
 11116      00000000 
 11116      00000000 
 11116      00000000 
 11116      00000000 
ARM GAS  C:\Users\kgpol\AppData\Local\Temp\ccIP7kIm.s 			page 298


 11117              		.section	.bss._ZL4cv_2,"aw",%nobits
 11118              		.align	2
 11119              		.set	.LANCHOR5,. + 0
 11122              	_ZL4cv_2:
 11123 0000 00000000 		.space	32
 11123      00000000 
 11123      00000000 
 11123      00000000 
 11123      00000000 
 11124              		.section	.bss._ZL4cv_3,"aw",%nobits
 11125              		.align	2
 11126              		.set	.LANCHOR7,. + 0
 11129              	_ZL4cv_3:
 11130 0000 00000000 		.space	32
 11130      00000000 
 11130      00000000 
 11130      00000000 
 11130      00000000 
 11131              		.section	.bss._ZL4hold,"aw",%nobits
 11132              		.align	2
 11133              		.set	.LANCHOR18,. + 0
 11136              	_ZL4hold:
 11137 0000 00000000 		.space	24
 11137      00000000 
 11137      00000000 
 11137      00000000 
 11137      00000000 
 11138              		.section	.bss._ZL5clock,"aw",%nobits
 11139              		.align	2
 11140              		.set	.LANCHOR16,. + 0
 11143              	_ZL5clock:
 11144 0000 00000000 		.space	24
 11144      00000000 
 11144      00000000 
 11144      00000000 
 11144      00000000 
 11145              		.section	.bss._ZL7display,"aw",%nobits
 11146              		.align	2
 11147              		.set	.LANCHOR11,. + 0
 11150              	_ZL7display:
 11151 0000 00000000 		.space	1044
 11151      00000000 
 11151      00000000 
 11151      00000000 
 11151      00000000 
 11152              		.section	.bss._ZL7led_1_b,"aw",%nobits
 11153              		.align	2
 11154              		.set	.LANCHOR19,. + 0
 11157              	_ZL7led_1_b:
 11158 0000 00000000 		.space	28
 11158      00000000 
 11158      00000000 
 11158      00000000 
 11158      00000000 
 11159              		.section	.bss._ZL7led_1_r,"aw",%nobits
 11160              		.align	2
 11161              		.set	.LANCHOR20,. + 0
ARM GAS  C:\Users\kgpol\AppData\Local\Temp\ccIP7kIm.s 			page 299


 11164              	_ZL7led_1_r:
 11165 0000 00000000 		.space	28
 11165      00000000 
 11165      00000000 
 11165      00000000 
 11165      00000000 
 11166              		.section	.bss.channel_link,"aw",%nobits
 11167              		.set	.LANCHOR2,. + 0
 11170              	channel_link:
 11171 0000 00       		.space	1
 11172              		.section	.bss.clock_state,"aw",%nobits
 11173              		.set	.LANCHOR22,. + 0
 11176              	clock_state:
 11177 0000 00       		.space	1
 11178              		.section	.bss.clock_sync,"aw",%nobits
 11179              		.set	.LANCHOR12,. + 0
 11182              	clock_sync:
 11183 0000 00       		.space	1
 11184              		.section	.bss.fdbk_amount,"aw",%nobits
 11185              		.align	2
 11186              		.set	.LANCHOR6,. + 0
 11189              	fdbk_amount:
 11190 0000 00000000 		.space	4
 11191              		.section	.bss.hold_state,"aw",%nobits
 11194              	hold_state:
 11195 0000 00       		.space	1
 11196              		.section	.bss.menu_index,"aw",%nobits
 11197              		.align	2
 11198              		.set	.LANCHOR21,. + 0
 11201              	menu_index:
 11202 0000 00000000 		.space	4
 11203              		.section	.bss.mix,"aw",%nobits
 11204              		.align	2
 11205              		.set	.LANCHOR8,. + 0
 11208              	mix:
 11209 0000 00000000 		.space	4
 11210              		.section	.bss.screen_fill,"aw",%nobits
 11213              	screen_fill:
 11214 0000 00       		.space	1
 11215              		.section	.bss.sw1_last_time_held,"aw",%nobits
 11216              		.align	2
 11219              	sw1_last_time_held:
 11220 0000 00000000 		.space	4
 11221              		.section	.bss.sw2_last_time_held,"aw",%nobits
 11222              		.align	2
 11225              	sw2_last_time_held:
 11226 0000 00000000 		.space	4
 11227              		.section	.bss.time_factor_l,"aw",%nobits
 11228              		.align	2
 11229              		.set	.LANCHOR1,. + 0
 11232              	time_factor_l:
 11233 0000 00000000 		.space	4
 11234              		.section	.bss.time_factor_r,"aw",%nobits
 11235              		.align	2
 11236              		.set	.LANCHOR4,. + 0
 11239              	time_factor_r:
 11240 0000 00000000 		.space	4
ARM GAS  C:\Users\kgpol\AppData\Local\Temp\ccIP7kIm.s 			page 300


 11241              		.section	.bss.time_range,"aw",%nobits
 11242              		.align	2
 11243              		.set	.LANCHOR10,. + 0
 11246              	time_range:
 11247 0000 00000000 		.space	4
 11248              		.section	.rodata._ZN5daisy4seedL3D26E,"a"
 11249              		.align	2
 11250              		.set	.LANCHOR15,. + 0
 11253              	_ZN5daisy4seedL3D26E:
 11254 0000 03       		.byte	3
 11255 0001 0B       		.byte	11
 11256              		.section	.rodata._ZN5daisy4seedL3D27E,"a"
 11257              		.align	2
 11258              		.set	.LANCHOR17,. + 0
 11261              	_ZN5daisy4seedL3D27E:
 11262 0000 06       		.byte	6
 11263 0001 09       		.byte	9
 11264              		.section	.sdram_bss,"aw"
 11265              		.align	2
 11268              	_ZL7delay_r:
 11269 0000 00000000 		.space	3840012
 11269      00000000 
 11269      00000000 
 11269      00000000 
 11269      00000000 
 11272              	_ZL7delay_l:
 11273 3a980c 00000000 		.space	3840012
 11273      00000000 
 11273      00000000 
 11273      00000000 
 11273      00000000 
 11274              		.text
 11275              	.Letext0:
 11276              		.file 25 "c:\\program files\\daisytoolchain\\arm-none-eabi\\include\\machine\\_default_types.h"
 11277              		.file 26 "c:\\program files\\daisytoolchain\\arm-none-eabi\\include\\sys\\_stdint.h"
 11278              		.file 27 "c:\\program files\\daisytoolchain\\arm-none-eabi\\include\\stdint.h"
 11279              		.file 28 "c:\\program files\\daisytoolchain\\lib\\gcc\\arm-none-eabi\\10.2.1\\include\\stddef.h"
 11280              		.file 29 "c:\\program files\\daisytoolchain\\arm-none-eabi\\include\\c++\\10.2.1\\bits\\std_abs.h"
 11281              		.file 30 "c:\\program files\\daisytoolchain\\arm-none-eabi\\include\\c++\\10.2.1\\cstdlib"
 11282              		.file 31 "c:\\program files\\daisytoolchain\\arm-none-eabi\\include\\c++\\10.2.1\\cstdint"
 11283              		.file 32 "c:\\program files\\daisytoolchain\\arm-none-eabi\\include\\c++\\10.2.1\\type_traits"
 11284              		.file 33 "c:\\program files\\daisytoolchain\\arm-none-eabi\\include\\c++\\10.2.1\\debug\\debug.h"
 11285              		.file 34 "c:\\program files\\daisytoolchain\\arm-none-eabi\\include\\c++\\10.2.1\\arm-none-eabi\\t
 11286              		.file 35 "c:\\program files\\daisytoolchain\\arm-none-eabi\\include\\c++\\10.2.1\\bits\\algorithmf
 11287              		.file 36 "c:\\program files\\daisytoolchain\\arm-none-eabi\\include\\c++\\10.2.1\\bits\\stl_pair.h
 11288              		.file 37 "c:\\program files\\daisytoolchain\\arm-none-eabi\\include\\c++\\10.2.1\\bits\\exception_
 11289              		.file 38 "c:\\program files\\daisytoolchain\\arm-none-eabi\\include\\c++\\10.2.1\\cstdarg"
 11290              		.file 39 "c:\\program files\\daisytoolchain\\arm-none-eabi\\include\\c++\\10.2.1\\cstdio"
 11291              		.file 40 "c:\\program files\\daisytoolchain\\arm-none-eabi\\include\\c++\\10.2.1\\cstring"
 11292              		.file 41 "c:\\program files\\daisytoolchain\\arm-none-eabi\\include\\c++\\10.2.1\\cwchar"
 11293              		.file 42 "c:\\program files\\daisytoolchain\\arm-none-eabi\\include\\c++\\10.2.1\\clocale"
 11294              		.file 43 "c:\\program files\\daisytoolchain\\arm-none-eabi\\include\\c++\\10.2.1\\bits\\basic_stri
 11295              		.file 44 "c:\\program files\\daisytoolchain\\arm-none-eabi\\include\\c++\\10.2.1\\bits\\stl_tempbu
 11296              		.file 45 "c:\\program files\\daisytoolchain\\arm-none-eabi\\include\\c++\\10.2.1\\bits\\predefined
 11297              		.file 46 "c:\\program files\\daisytoolchain\\arm-none-eabi\\include\\sys\\_types.h"
 11298              		.file 47 "c:\\program files\\daisytoolchain\\arm-none-eabi\\include\\sys\\reent.h"
 11299              		.file 48 "c:\\program files\\daisytoolchain\\arm-none-eabi\\include\\sys\\lock.h"
ARM GAS  C:\Users\kgpol\AppData\Local\Temp\ccIP7kIm.s 			page 301


 11300              		.file 49 "c:\\program files\\daisytoolchain\\arm-none-eabi\\include\\math.h"
 11301              		.file 50 "c:\\program files\\daisytoolchain\\arm-none-eabi\\include\\stdlib.h"
 11302              		.file 51 "c:\\program files\\daisytoolchain\\arm-none-eabi\\include\\c++\\10.2.1\\math.h"
 11303              		.file 52 "c:\\program files\\daisytoolchain\\lib\\gcc\\arm-none-eabi\\10.2.1\\include\\stdarg.h"
 11304              		.file 53 "c:\\program files\\daisytoolchain\\arm-none-eabi\\include\\stdio.h"
 11305              		.file 54 "c:\\program files\\daisytoolchain\\arm-none-eabi\\include\\c++\\10.2.1\\stdlib.h"
 11306              		.file 55 "../../libDaisy//src/per/tim.h"
 11307              		.file 56 "../../libDaisy//src/util/wav_format.h"
 11308              		.file 57 "../../libDaisy//src/dev/max11300.h"
 11309              		.file 58 "../../libDaisy//src/dev/sdram.h"
 11310              		.file 59 "../../libDaisy//src/util/oled_fonts.h"
 11311              		.file 60 "c:\\program files\\daisytoolchain\\arm-none-eabi\\include\\string.h"
 11312              		.file 61 "../../DaisySP//Source/Control/adenv.h"
 11313              		.file 62 "../../DaisySP//Source/Utility/dsp.h"
 11314              		.file 63 "c:\\program files\\daisytoolchain\\arm-none-eabi\\include\\wchar.h"
 11315              		.file 64 "c:\\program files\\daisytoolchain\\arm-none-eabi\\include\\locale.h"
 11316              		.file 65 "../../libDaisy//src/dev/sr_595.h"
 11317              		.file 66 "c:\\program files\\daisytoolchain\\arm-none-eabi\\include\\c++\\10.2.1\\new"
 11318              		.file 67 "<built-in>"
ARM GAS  C:\Users\kgpol\AppData\Local\Temp\ccIP7kIm.s 			page 302


DEFINED SYMBOLS
                            *ABS*:00000000 delay-module.cpp
C:\Users\kgpol\AppData\Local\Temp\ccIP7kIm.s:17     .text._ZN5daisy7EncoderD2Ev:00000000 $t
C:\Users\kgpol\AppData\Local\Temp\ccIP7kIm.s:26     .text._ZN5daisy7EncoderD2Ev:00000000 _ZN5daisy7EncoderD2Ev
C:\Users\kgpol\AppData\Local\Temp\ccIP7kIm.s:26     .text._ZN5daisy7EncoderD2Ev:00000000 _ZN5daisy7EncoderD1Ev
C:\Users\kgpol\AppData\Local\Temp\ccIP7kIm.s:49     .text._ZN5daisy13AnalogControlD2Ev:00000000 $t
C:\Users\kgpol\AppData\Local\Temp\ccIP7kIm.s:57     .text._ZN5daisy13AnalogControlD2Ev:00000000 _ZN5daisy13AnalogControlD2Ev
C:\Users\kgpol\AppData\Local\Temp\ccIP7kIm.s:57     .text._ZN5daisy13AnalogControlD2Ev:00000000 _ZN5daisy13AnalogControlD1Ev
C:\Users\kgpol\AppData\Local\Temp\ccIP7kIm.s:74     .text._ZN5daisy6GateInD2Ev:00000000 $t
C:\Users\kgpol\AppData\Local\Temp\ccIP7kIm.s:82     .text._ZN5daisy6GateInD2Ev:00000000 _ZN5daisy6GateInD2Ev
C:\Users\kgpol\AppData\Local\Temp\ccIP7kIm.s:82     .text._ZN5daisy6GateInD2Ev:00000000 _ZN5daisy6GateInD1Ev
C:\Users\kgpol\AppData\Local\Temp\ccIP7kIm.s:99     .text._ZN5daisy3LedD2Ev:00000000 $t
C:\Users\kgpol\AppData\Local\Temp\ccIP7kIm.s:107    .text._ZN5daisy3LedD2Ev:00000000 _ZN5daisy3LedD2Ev
C:\Users\kgpol\AppData\Local\Temp\ccIP7kIm.s:107    .text._ZN5daisy3LedD2Ev:00000000 _ZN5daisy3LedD1Ev
C:\Users\kgpol\AppData\Local\Temp\ccIP7kIm.s:124    .text._ZN5daisy9DaisySeedD2Ev:00000000 $t
C:\Users\kgpol\AppData\Local\Temp\ccIP7kIm.s:132    .text._ZN5daisy9DaisySeedD2Ev:00000000 _ZN5daisy9DaisySeedD2Ev
C:\Users\kgpol\AppData\Local\Temp\ccIP7kIm.s:132    .text._ZN5daisy9DaisySeedD2Ev:00000000 _ZN5daisy9DaisySeedD1Ev
C:\Users\kgpol\AppData\Local\Temp\ccIP7kIm.s:173    .text._ZN7daisysp9CrossFadeD2Ev:00000000 $t
C:\Users\kgpol\AppData\Local\Temp\ccIP7kIm.s:181    .text._ZN7daisysp9CrossFadeD2Ev:00000000 _ZN7daisysp9CrossFadeD2Ev
C:\Users\kgpol\AppData\Local\Temp\ccIP7kIm.s:181    .text._ZN7daisysp9CrossFadeD2Ev:00000000 _ZN7daisysp9CrossFadeD1Ev
C:\Users\kgpol\AppData\Local\Temp\ccIP7kIm.s:198    .text._ZN5daisy11OledDisplayINS_13SSD130xDriverILj128ELj64ENS_24SSD130x4WireSpiTransportEEEE4FillEb:00000000 $t
C:\Users\kgpol\AppData\Local\Temp\ccIP7kIm.s:206    .text._ZN5daisy11OledDisplayINS_13SSD130xDriverILj128ELj64ENS_24SSD130x4WireSpiTransportEEEE4FillEb:00000000 _ZN5daisy11OledDisplayINS_13SSD130xDriverILj128ELj64ENS_24SSD130x4WireSpiTransportEEEE4FillEb
C:\Users\kgpol\AppData\Local\Temp\ccIP7kIm.s:239    .text._ZN5daisy11OledDisplayINS_13SSD130xDriverILj128ELj64ENS_24SSD130x4WireSpiTransportEEEED2Ev:00000000 $t
C:\Users\kgpol\AppData\Local\Temp\ccIP7kIm.s:247    .text._ZN5daisy11OledDisplayINS_13SSD130xDriverILj128ELj64ENS_24SSD130x4WireSpiTransportEEEED2Ev:00000000 _ZN5daisy11OledDisplayINS_13SSD130xDriverILj128ELj64ENS_24SSD130x4WireSpiTransportEEEED2Ev
C:\Users\kgpol\AppData\Local\Temp\ccIP7kIm.s:247    .text._ZN5daisy11OledDisplayINS_13SSD130xDriverILj128ELj64ENS_24SSD130x4WireSpiTransportEEEED2Ev:00000000 _ZN5daisy11OledDisplayINS_13SSD130xDriverILj128ELj64ENS_24SSD130x4WireSpiTransportEEEED1Ev
C:\Users\kgpol\AppData\Local\Temp\ccIP7kIm.s:273    .text._ZNK5daisy11OledDisplayINS_13SSD130xDriverILj128ELj64ENS_24SSD130x4WireSpiTransportEEEE6HeightEv:00000000 $t
C:\Users\kgpol\AppData\Local\Temp\ccIP7kIm.s:281    .text._ZNK5daisy11OledDisplayINS_13SSD130xDriverILj128ELj64ENS_24SSD130x4WireSpiTransportEEEE6HeightEv:00000000 _ZNK5daisy11OledDisplayINS_13SSD130xDriverILj128ELj64ENS_24SSD130x4WireSpiTransportEEEE6HeightEv
C:\Users\kgpol\AppData\Local\Temp\ccIP7kIm.s:298    .text._ZNK5daisy11OledDisplayINS_13SSD130xDriverILj128ELj64ENS_24SSD130x4WireSpiTransportEEEE5WidthEv:00000000 $t
C:\Users\kgpol\AppData\Local\Temp\ccIP7kIm.s:306    .text._ZNK5daisy11OledDisplayINS_13SSD130xDriverILj128ELj64ENS_24SSD130x4WireSpiTransportEEEE5WidthEv:00000000 _ZNK5daisy11OledDisplayINS_13SSD130xDriverILj128ELj64ENS_24SSD130x4WireSpiTransportEEEE5WidthEv
C:\Users\kgpol\AppData\Local\Temp\ccIP7kIm.s:323    .text._ZN7daisysp9DelayLineIfLj960000EED2Ev:00000000 $t
C:\Users\kgpol\AppData\Local\Temp\ccIP7kIm.s:331    .text._ZN7daisysp9DelayLineIfLj960000EED2Ev:00000000 _ZN7daisysp9DelayLineIfLj960000EED2Ev
C:\Users\kgpol\AppData\Local\Temp\ccIP7kIm.s:331    .text._ZN7daisysp9DelayLineIfLj960000EED2Ev:00000000 _ZN7daisysp9DelayLineIfLj960000EED1Ev
C:\Users\kgpol\AppData\Local\Temp\ccIP7kIm.s:348    .text._ZN5daisy11OledDisplayINS_13SSD130xDriverILj128ELj64ENS_24SSD130x4WireSpiTransportEEEED0Ev:00000000 $t
C:\Users\kgpol\AppData\Local\Temp\ccIP7kIm.s:356    .text._ZN5daisy11OledDisplayINS_13SSD130xDriverILj128ELj64ENS_24SSD130x4WireSpiTransportEEEED0Ev:00000000 _ZN5daisy11OledDisplayINS_13SSD130xDriverILj128ELj64ENS_24SSD130x4WireSpiTransportEEEED0Ev
C:\Users\kgpol\AppData\Local\Temp\ccIP7kIm.s:396    .text._ZL13AudioCallbackPKfPfj:00000000 $t
C:\Users\kgpol\AppData\Local\Temp\ccIP7kIm.s:403    .text._ZL13AudioCallbackPKfPfj:00000000 _ZL13AudioCallbackPKfPfj
C:\Users\kgpol\AppData\Local\Temp\ccIP7kIm.s:519    .text._ZL13AudioCallbackPKfPfj:00000058 $d
C:\Users\kgpol\AppData\Local\Temp\ccIP7kIm.s:523    .text._ZL13AudioCallbackPKfPfj:0000005c $t
C:\Users\kgpol\AppData\Local\Temp\ccIP7kIm.s:1043   .text._ZL13AudioCallbackPKfPfj:00000224 $d
C:\Users\kgpol\AppData\Local\Temp\ccIP7kIm.s:11272  .sdram_bss:003a980c _ZL7delay_l
C:\Users\kgpol\AppData\Local\Temp\ccIP7kIm.s:11268  .sdram_bss:00000000 _ZL7delay_r
C:\Users\kgpol\AppData\Local\Temp\ccIP7kIm.s:1071   .text._ZN5daisy11OledDisplayINS_13SSD130xDriverILj128ELj64ENS_24SSD130x4WireSpiTransportEEEE6UpdateEv:00000000 $t
C:\Users\kgpol\AppData\Local\Temp\ccIP7kIm.s:1079   .text._ZN5daisy11OledDisplayINS_13SSD130xDriverILj128ELj64ENS_24SSD130x4WireSpiTransportEEEE6UpdateEv:00000000 _ZN5daisy11OledDisplayINS_13SSD130xDriverILj128ELj64ENS_24SSD130x4WireSpiTransportEEEE6UpdateEv
C:\Users\kgpol\AppData\Local\Temp\ccIP7kIm.s:1266   .text._ZN5daisy25OneBitGraphicsDisplayImplINS_11OledDisplayINS_13SSD130xDriverILj128ELj64ENS_24SSD130x4WireSpiTransportEEEEEE9WriteCharEc7FontDefb:00000000 $t
C:\Users\kgpol\AppData\Local\Temp\ccIP7kIm.s:1274   .text._ZN5daisy25OneBitGraphicsDisplayImplINS_11OledDisplayINS_13SSD130xDriverILj128ELj64ENS_24SSD130x4WireSpiTransportEEEEEE9WriteCharEc7FontDefb:00000000 _ZN5daisy25OneBitGraphicsDisplayImplINS_11OledDisplayINS_13SSD130xDriverILj128ELj64ENS_24SSD130x4WireSpiTransportEEEEEE9WriteCharEc7FontDefb
C:\Users\kgpol\AppData\Local\Temp\ccIP7kIm.s:1700   .text._ZN5daisy25OneBitGraphicsDisplayImplINS_11OledDisplayINS_13SSD130xDriverILj128ELj64ENS_24SSD130x4WireSpiTransportEEEEEE9WriteCharEc7FontDefb:00000198 $d
C:\Users\kgpol\AppData\Local\Temp\ccIP7kIm.s:1708   .text._ZN5daisy11OledDisplayINS_13SSD130xDriverILj128ELj64ENS_24SSD130x4WireSpiTransportEEEE9DrawPixelEjjb:00000000 $t
C:\Users\kgpol\AppData\Local\Temp\ccIP7kIm.s:1716   .text._ZN5daisy11OledDisplayINS_13SSD130xDriverILj128ELj64ENS_24SSD130x4WireSpiTransportEEEE9DrawPixelEjjb:00000000 _ZN5daisy11OledDisplayINS_13SSD130xDriverILj128ELj64ENS_24SSD130x4WireSpiTransportEEEE9DrawPixelEjjb
C:\Users\kgpol\AppData\Local\Temp\ccIP7kIm.s:1793   .text._ZN5daisy25OneBitGraphicsDisplayImplINS_11OledDisplayINS_13SSD130xDriverILj128ELj64ENS_24SSD130x4WireSpiTransportEEEEEE8DrawLineEjjjjb:00000000 $t
C:\Users\kgpol\AppData\Local\Temp\ccIP7kIm.s:1801   .text._ZN5daisy25OneBitGraphicsDisplayImplINS_11OledDisplayINS_13SSD130xDriverILj128ELj64ENS_24SSD130x4WireSpiTransportEEEEEE8DrawLineEjjjjb:00000000 _ZN5daisy25OneBitGraphicsDisplayImplINS_11OledDisplayINS_13SSD130xDriverILj128ELj64ENS_24SSD130x4WireSpiTransportEEEEEE8DrawLineEjjjjb
C:\Users\kgpol\AppData\Local\Temp\ccIP7kIm.s:2086   .text._ZN5daisy25OneBitGraphicsDisplayImplINS_11OledDisplayINS_13SSD130xDriverILj128ELj64ENS_24SSD130x4WireSpiTransportEEEEEE7DrawArcEjjjiib:00000000 $t
C:\Users\kgpol\AppData\Local\Temp\ccIP7kIm.s:2094   .text._ZN5daisy25OneBitGraphicsDisplayImplINS_11OledDisplayINS_13SSD130xDriverILj128ELj64ENS_24SSD130x4WireSpiTransportEEEEEE7DrawArcEjjjiib:00000000 _ZN5daisy25OneBitGraphicsDisplayImplINS_11OledDisplayINS_13SSD130xDriverILj128ELj64ENS_24SSD130x4WireSpiTransportEEEEEE7DrawArcEjjjiib
C:\Users\kgpol\AppData\Local\Temp\ccIP7kIm.s:2779   .text._ZN5daisy25OneBitGraphicsDisplayImplINS_11OledDisplayINS_13SSD130xDriverILj128ELj64ENS_24SSD130x4WireSpiTransportEEEEEE7DrawArcEjjjiib:00000368 $d
C:\Users\kgpol\AppData\Local\Temp\ccIP7kIm.s:2793   .text._ZN5daisy25OneBitGraphicsDisplayImplINS_11OledDisplayINS_13SSD130xDriverILj128ELj64ENS_24SSD130x4WireSpiTransportEEEEEE7DrawArcEjjjiib:00000378 $t
C:\Users\kgpol\AppData\Local\Temp\ccIP7kIm.s:3019   .text._ZN5daisy25OneBitGraphicsDisplayImplINS_11OledDisplayINS_13SSD130xDriverILj128ELj64ENS_24SSD130x4WireSpiTransportEEEEEE11WriteStringEPKc7FontDefb:00000000 $t
C:\Users\kgpol\AppData\Local\Temp\ccIP7kIm.s:3027   .text._ZN5daisy25OneBitGraphicsDisplayImplINS_11OledDisplayINS_13SSD130xDriverILj128ELj64ENS_24SSD130x4WireSpiTransportEEEEEE11WriteStringEPKc7FontDefb:00000000 _ZN5daisy25OneBitGraphicsDisplayImplINS_11OledDisplayINS_13SSD130xDriverILj128ELj64ENS_24SSD130x4WireSpiTransportEEEEEE11WriteStringEPKc7FontDefb
C:\Users\kgpol\AppData\Local\Temp\ccIP7kIm.s:3484   .text._ZN5daisy25OneBitGraphicsDisplayImplINS_11OledDisplayINS_13SSD130xDriverILj128ELj64ENS_24SSD130x4WireSpiTransportEEEEEE11WriteStringEPKc7FontDefb:000001b8 $d
ARM GAS  C:\Users\kgpol\AppData\Local\Temp\ccIP7kIm.s 			page 303


C:\Users\kgpol\AppData\Local\Temp\ccIP7kIm.s:3494   .rodata._ZL13UpdateDisplayv.str1.4:00000000 $d
C:\Users\kgpol\AppData\Local\Temp\ccIP7kIm.s:3507   .rodata._ZL13UpdateDisplayv.str1.4:00000030 .LC14
C:\Users\kgpol\AppData\Local\Temp\ccIP7kIm.s:3522   .text._ZL13UpdateDisplayv:00000000 $t
C:\Users\kgpol\AppData\Local\Temp\ccIP7kIm.s:3529   .text._ZL13UpdateDisplayv:00000000 _ZL13UpdateDisplayv
C:\Users\kgpol\AppData\Local\Temp\ccIP7kIm.s:3935   .text._ZL13UpdateDisplayv:00000136 $d
C:\Users\kgpol\AppData\Local\Temp\ccIP7kIm.s:3939   .text._ZL13UpdateDisplayv:0000013e $t
C:\Users\kgpol\AppData\Local\Temp\ccIP7kIm.s:4100   .text._ZL13UpdateDisplayv:000001e0 $d
C:\Users\kgpol\AppData\Local\Temp\ccIP7kIm.s:4120   .text._ZL13UpdateDisplayv:00000200 $t
C:\Users\kgpol\AppData\Local\Temp\ccIP7kIm.s:5386   .text._ZL13UpdateDisplayv:00000534 $d
C:\Users\kgpol\AppData\Local\Temp\ccIP7kIm.s:5401   .text._ZL13UpdateDisplayv:0000055c $t
C:\Users\kgpol\AppData\Local\Temp\ccIP7kIm.s:5467   .text._ZL13UpdateDisplayv:000005b0 $d
C:\Users\kgpol\AppData\Local\Temp\ccIP7kIm.s:5471   .text._ZL13UpdateDisplayv:000005c0 $t
C:\Users\kgpol\AppData\Local\Temp\ccIP7kIm.s:5520   .text._ZL13UpdateDisplayv:000005d4 $d
C:\Users\kgpol\AppData\Local\Temp\ccIP7kIm.s:5531   .text._ZN5daisy25OneBitGraphicsDisplayImplINS_11OledDisplayINS_13SSD130xDriverILj128ELj64ENS_24SSD130x4WireSpiTransportEEEEEE18WriteStringAlignedEPKcRK7FontDefNS_9RectangleENS_9AlignmentEb:00000000 $t
C:\Users\kgpol\AppData\Local\Temp\ccIP7kIm.s:5539   .text._ZN5daisy25OneBitGraphicsDisplayImplINS_11OledDisplayINS_13SSD130xDriverILj128ELj64ENS_24SSD130x4WireSpiTransportEEEEEE18WriteStringAlignedEPKcRK7FontDefNS_9RectangleENS_9AlignmentEb:00000000 _ZN5daisy25OneBitGraphicsDisplayImplINS_11OledDisplayINS_13SSD130xDriverILj128ELj64ENS_24SSD130x4WireSpiTransportEEEEEE18WriteStringAlignedEPKcRK7FontDefNS_9RectangleENS_9AlignmentEb
C:\Users\kgpol\AppData\Local\Temp\ccIP7kIm.s:5677   .text._ZN5daisy25OneBitGraphicsDisplayImplINS_11OledDisplayINS_13SSD130xDriverILj128ELj64ENS_24SSD130x4WireSpiTransportEEEEEE18WriteStringAlignedEPKcRK7FontDefNS_9RectangleENS_9AlignmentEb:00000046 $d
C:\Users\kgpol\AppData\Local\Temp\ccIP7kIm.s:5686   .text._ZN5daisy25OneBitGraphicsDisplayImplINS_11OledDisplayINS_13SSD130xDriverILj128ELj64ENS_24SSD130x4WireSpiTransportEEEEEE18WriteStringAlignedEPKcRK7FontDefNS_9RectangleENS_9AlignmentEb:00000058 $t
C:\Users\kgpol\AppData\Local\Temp\ccIP7kIm.s:6894   .text._ZN5daisy25OneBitGraphicsDisplayImplINS_11OledDisplayINS_13SSD130xDriverILj128ELj64ENS_24SSD130x4WireSpiTransportEEEEEE18WriteStringAlignedEPKcRK7FontDefNS_9RectangleENS_9AlignmentEb:00000320 $d
C:\Users\kgpol\AppData\Local\Temp\ccIP7kIm.s:6903   .text._ZN5daisy25OneBitGraphicsDisplayImplINS_11OledDisplayINS_13SSD130xDriverILj128ELj64ENS_24SSD130x4WireSpiTransportEEEEEE18WriteStringAlignedEPKcRK7FontDefNS_9RectangleENS_9AlignmentEb:00000328 $t
C:\Users\kgpol\AppData\Local\Temp\ccIP7kIm.s:7214   .text._ZN5daisy25OneBitGraphicsDisplayImplINS_11OledDisplayINS_13SSD130xDriverILj128ELj64ENS_24SSD130x4WireSpiTransportEEEEEE18WriteStringAlignedEPKcRK7FontDefNS_9RectangleENS_9AlignmentEb:000003e8 $d
C:\Users\kgpol\AppData\Local\Temp\ccIP7kIm.s:7222   .text._ZN5daisy25OneBitGraphicsDisplayImplINS_11OledDisplayINS_13SSD130xDriverILj128ELj64ENS_24SSD130x4WireSpiTransportEEEEEE8DrawRectEjjjjbb:00000000 $t
C:\Users\kgpol\AppData\Local\Temp\ccIP7kIm.s:7230   .text._ZN5daisy25OneBitGraphicsDisplayImplINS_11OledDisplayINS_13SSD130xDriverILj128ELj64ENS_24SSD130x4WireSpiTransportEEEEEE8DrawRectEjjjjbb:00000000 _ZN5daisy25OneBitGraphicsDisplayImplINS_11OledDisplayINS_13SSD130xDriverILj128ELj64ENS_24SSD130x4WireSpiTransportEEEEEE8DrawRectEjjjjbb
C:\Users\kgpol\AppData\Local\Temp\ccIP7kIm.s:8340   .text._ZN5daisy13SSD130xDriverILj128ELj64ENS_24SSD130x4WireSpiTransportEE4InitENS2_6ConfigE:00000000 $t
C:\Users\kgpol\AppData\Local\Temp\ccIP7kIm.s:8348   .text._ZN5daisy13SSD130xDriverILj128ELj64ENS_24SSD130x4WireSpiTransportEE4InitENS2_6ConfigE:00000000 _ZN5daisy13SSD130xDriverILj128ELj64ENS_24SSD130x4WireSpiTransportEE4InitENS2_6ConfigE
C:\Users\kgpol\AppData\Local\Temp\ccIP7kIm.s:9120   .rodata.main.str1.4:00000000 $d
C:\Users\kgpol\AppData\Local\Temp\ccIP7kIm.s:9124   .text.startup.main:00000000 $t
C:\Users\kgpol\AppData\Local\Temp\ccIP7kIm.s:9132   .text.startup.main:00000000 main
C:\Users\kgpol\AppData\Local\Temp\ccIP7kIm.s:9879   .text.startup.main:000002f0 $d
C:\Users\kgpol\AppData\Local\Temp\ccIP7kIm.s:9908   .text.startup.main:00000360 $t
C:\Users\kgpol\AppData\Local\Temp\ccIP7kIm.s:10566  .text.startup.main:00000568 $d
C:\Users\kgpol\AppData\Local\Temp\ccIP7kIm.s:10582  .text.startup._GLOBAL__sub_I_clock_state:00000000 $t
C:\Users\kgpol\AppData\Local\Temp\ccIP7kIm.s:10589  .text.startup._GLOBAL__sub_I_clock_state:00000000 _GLOBAL__sub_I_clock_state
C:\Users\kgpol\AppData\Local\Temp\ccIP7kIm.s:11016  .text.startup._GLOBAL__sub_I_clock_state:000000b8 $d
C:\Users\kgpol\AppData\Local\Temp\ccIP7kIm.s:11053  .rodata._ZTVN5daisy11OledDisplayINS_13SSD130xDriverILj128ELj64ENS_24SSD130x4WireSpiTransportEEEEE:00000000 _ZTVN5daisy11OledDisplayINS_13SSD130xDriverILj128ELj64ENS_24SSD130x4WireSpiTransportEEEEE
C:\Users\kgpol\AppData\Local\Temp\ccIP7kIm.s:11046  .init_array:00000000 $d
C:\Users\kgpol\AppData\Local\Temp\ccIP7kIm.s:11050  .rodata._ZTVN5daisy11OledDisplayINS_13SSD130xDriverILj128ELj64ENS_24SSD130x4WireSpiTransportEEEEE:00000000 $d
C:\Users\kgpol\AppData\Local\Temp\ccIP7kIm.s:11208  .bss.mix:00000000 mix
C:\Users\kgpol\AppData\Local\Temp\ccIP7kIm.s:11189  .bss.fdbk_amount:00000000 fdbk_amount
C:\Users\kgpol\AppData\Local\Temp\ccIP7kIm.s:11239  .bss.time_factor_r:00000000 time_factor_r
C:\Users\kgpol\AppData\Local\Temp\ccIP7kIm.s:11232  .bss.time_factor_l:00000000 time_factor_l
C:\Users\kgpol\AppData\Local\Temp\ccIP7kIm.s:11225  .bss.sw2_last_time_held:00000000 sw2_last_time_held
C:\Users\kgpol\AppData\Local\Temp\ccIP7kIm.s:11219  .bss.sw1_last_time_held:00000000 sw1_last_time_held
C:\Users\kgpol\AppData\Local\Temp\ccIP7kIm.s:11246  .bss.time_range:00000000 time_range
C:\Users\kgpol\AppData\Local\Temp\ccIP7kIm.s:11170  .bss.channel_link:00000000 channel_link
C:\Users\kgpol\AppData\Local\Temp\ccIP7kIm.s:11182  .bss.clock_sync:00000000 clock_sync
C:\Users\kgpol\AppData\Local\Temp\ccIP7kIm.s:11213  .bss.screen_fill:00000000 screen_fill
C:\Users\kgpol\AppData\Local\Temp\ccIP7kIm.s:11201  .bss.menu_index:00000000 menu_index
C:\Users\kgpol\AppData\Local\Temp\ccIP7kIm.s:11194  .bss.hold_state:00000000 hold_state
C:\Users\kgpol\AppData\Local\Temp\ccIP7kIm.s:11176  .bss.clock_state:00000000 clock_state
C:\Users\kgpol\AppData\Local\Temp\ccIP7kIm.s:11083  .bss._ZL11cross_fader:00000000 $d
C:\Users\kgpol\AppData\Local\Temp\ccIP7kIm.s:11087  .bss._ZL11cross_fader:00000000 _ZL11cross_fader
C:\Users\kgpol\AppData\Local\Temp\ccIP7kIm.s:11090  .bss._ZL2hw:00000000 $d
C:\Users\kgpol\AppData\Local\Temp\ccIP7kIm.s:11094  .bss._ZL2hw:00000000 _ZL2hw
C:\Users\kgpol\AppData\Local\Temp\ccIP7kIm.s:11097  .bss._ZL3enc:00000000 $d
C:\Users\kgpol\AppData\Local\Temp\ccIP7kIm.s:11101  .bss._ZL3enc:00000000 _ZL3enc
C:\Users\kgpol\AppData\Local\Temp\ccIP7kIm.s:11104  .bss._ZL4cv_0:00000000 $d
C:\Users\kgpol\AppData\Local\Temp\ccIP7kIm.s:11108  .bss._ZL4cv_0:00000000 _ZL4cv_0
ARM GAS  C:\Users\kgpol\AppData\Local\Temp\ccIP7kIm.s 			page 304


C:\Users\kgpol\AppData\Local\Temp\ccIP7kIm.s:11111  .bss._ZL4cv_1:00000000 $d
C:\Users\kgpol\AppData\Local\Temp\ccIP7kIm.s:11115  .bss._ZL4cv_1:00000000 _ZL4cv_1
C:\Users\kgpol\AppData\Local\Temp\ccIP7kIm.s:11118  .bss._ZL4cv_2:00000000 $d
C:\Users\kgpol\AppData\Local\Temp\ccIP7kIm.s:11122  .bss._ZL4cv_2:00000000 _ZL4cv_2
C:\Users\kgpol\AppData\Local\Temp\ccIP7kIm.s:11125  .bss._ZL4cv_3:00000000 $d
C:\Users\kgpol\AppData\Local\Temp\ccIP7kIm.s:11129  .bss._ZL4cv_3:00000000 _ZL4cv_3
C:\Users\kgpol\AppData\Local\Temp\ccIP7kIm.s:11132  .bss._ZL4hold:00000000 $d
C:\Users\kgpol\AppData\Local\Temp\ccIP7kIm.s:11136  .bss._ZL4hold:00000000 _ZL4hold
C:\Users\kgpol\AppData\Local\Temp\ccIP7kIm.s:11139  .bss._ZL5clock:00000000 $d
C:\Users\kgpol\AppData\Local\Temp\ccIP7kIm.s:11143  .bss._ZL5clock:00000000 _ZL5clock
C:\Users\kgpol\AppData\Local\Temp\ccIP7kIm.s:11146  .bss._ZL7display:00000000 $d
C:\Users\kgpol\AppData\Local\Temp\ccIP7kIm.s:11150  .bss._ZL7display:00000000 _ZL7display
C:\Users\kgpol\AppData\Local\Temp\ccIP7kIm.s:11153  .bss._ZL7led_1_b:00000000 $d
C:\Users\kgpol\AppData\Local\Temp\ccIP7kIm.s:11157  .bss._ZL7led_1_b:00000000 _ZL7led_1_b
C:\Users\kgpol\AppData\Local\Temp\ccIP7kIm.s:11160  .bss._ZL7led_1_r:00000000 $d
C:\Users\kgpol\AppData\Local\Temp\ccIP7kIm.s:11164  .bss._ZL7led_1_r:00000000 _ZL7led_1_r
C:\Users\kgpol\AppData\Local\Temp\ccIP7kIm.s:11171  .bss.channel_link:00000000 $d
C:\Users\kgpol\AppData\Local\Temp\ccIP7kIm.s:11177  .bss.clock_state:00000000 $d
C:\Users\kgpol\AppData\Local\Temp\ccIP7kIm.s:11183  .bss.clock_sync:00000000 $d
C:\Users\kgpol\AppData\Local\Temp\ccIP7kIm.s:11185  .bss.fdbk_amount:00000000 $d
C:\Users\kgpol\AppData\Local\Temp\ccIP7kIm.s:11195  .bss.hold_state:00000000 $d
C:\Users\kgpol\AppData\Local\Temp\ccIP7kIm.s:11197  .bss.menu_index:00000000 $d
C:\Users\kgpol\AppData\Local\Temp\ccIP7kIm.s:11204  .bss.mix:00000000 $d
C:\Users\kgpol\AppData\Local\Temp\ccIP7kIm.s:11214  .bss.screen_fill:00000000 $d
C:\Users\kgpol\AppData\Local\Temp\ccIP7kIm.s:11216  .bss.sw1_last_time_held:00000000 $d
C:\Users\kgpol\AppData\Local\Temp\ccIP7kIm.s:11222  .bss.sw2_last_time_held:00000000 $d
C:\Users\kgpol\AppData\Local\Temp\ccIP7kIm.s:11228  .bss.time_factor_l:00000000 $d
C:\Users\kgpol\AppData\Local\Temp\ccIP7kIm.s:11235  .bss.time_factor_r:00000000 $d
C:\Users\kgpol\AppData\Local\Temp\ccIP7kIm.s:11242  .bss.time_range:00000000 $d
C:\Users\kgpol\AppData\Local\Temp\ccIP7kIm.s:11249  .rodata._ZN5daisy4seedL3D26E:00000000 $d
C:\Users\kgpol\AppData\Local\Temp\ccIP7kIm.s:11253  .rodata._ZN5daisy4seedL3D26E:00000000 _ZN5daisy4seedL3D26E
C:\Users\kgpol\AppData\Local\Temp\ccIP7kIm.s:11257  .rodata._ZN5daisy4seedL3D27E:00000000 $d
C:\Users\kgpol\AppData\Local\Temp\ccIP7kIm.s:11261  .rodata._ZN5daisy4seedL3D27E:00000000 _ZN5daisy4seedL3D27E
C:\Users\kgpol\AppData\Local\Temp\ccIP7kIm.s:11265  .sdram_bss:00000000 $d
                           .group:00000000 _ZN5daisy7EncoderD5Ev
                           .group:00000000 _ZN5daisy13AnalogControlD5Ev
                           .group:00000000 _ZN5daisy6GateInD5Ev
                           .group:00000000 _ZN5daisy3LedD5Ev
                           .group:00000000 _ZN5daisy9DaisySeedD5Ev
                           .group:00000000 _ZN7daisysp9CrossFadeD5Ev
                           .group:00000000 _ZN5daisy11OledDisplayINS_13SSD130xDriverILj128ELj64ENS_24SSD130x4WireSpiTransportEEEED5Ev
                           .group:00000000 _ZN7daisysp9DelayLineIfLj960000EED5Ev

UNDEFINED SYMBOLS
memset
_ZdlPvj
_ZN5daisy13AnalogControl7ProcessEv
_ZN7daisysp9CrossFade7ProcessERfS1_
dsy_gpio_write
_ZN5daisy9SpiHandle16BlockingTransmitEPhjm
cosf
sinf
sprintf
Font_7x10
Font_6x8
dsy_gpio_init
_ZN5daisy9SpiHandle4InitERKNS0_6ConfigE
ARM GAS  C:\Users\kgpol\AppData\Local\Temp\ccIP7kIm.s 			page 305


_ZN5daisy6System5DelayEm
_ZN5daisy9DaisySeed9ConfigureEv
_ZN5daisy9DaisySeed4InitEb
_ZN5daisy9DaisySeed18SetAudioSampleRateENS_9SaiHandle6Config10SampleRateE
_ZN5daisy9DaisySeed17SetAudioBlockSizeEj
_ZN5daisy9DaisySeed15AudioSampleRateEv
_ZN5daisy9DaisySeed6GetPinEh
_ZN5daisy7Encoder4InitE12dsy_gpio_pinS1_S1_f
_ZN5daisy16AdcChannelConfig10InitSingleE12dsy_gpio_pinNS0_15ConversionSpeedE
_ZN5daisy9AdcHandle4InitEPNS_16AdcChannelConfigEjNS0_12OverSamplingE
_ZN5daisy9AdcHandle5StartEv
_ZNK5daisy9AdcHandle6GetPtrEh
_ZN5daisy13AnalogControl4InitEPtfbbf
_ZN5daisy9DacHandle4InitERKNS0_6ConfigE
_ZN5daisy9DacHandle10WriteValueENS0_7ChannelEt
_ZN5daisy6GateIn4InitENS_3PinEb
_ZN5daisy3Led4InitE12dsy_gpio_pinbf
_ZN5daisy9DaisySeed10StartAudioEPFvPKfPfjE
_ZN5daisy3Led6UpdateEv
_ZN5daisy7Encoder8DebounceEv
_ZN5daisy4GPIO4ReadEv
_ZN5daisy3Led3SetEf
__aeabi_atexit
__dso_handle
